
==============================
Crash Time: 2025-12-25 15:41:55.702245
Traceback (most recent call last):
  File "G:\AICoding\luscreen\main.py", line 762, in <module>
    app.run()
    ~~~~~~~^^
  File "G:\AICoding\luscreen\main.py", line 755, in run
    sys.exit(self.app.exec())
             ^^^^^^^^
AttributeError: 'LuScreenApp' object has no attribute 'app'

==============================
Crash Time: 2025-12-30 23:05:38.825398
Traceback (most recent call last):
  File "G:\AICoding\luscreen\main.py", line 32, in <module>
    from src.ocr_widget import OCRWidget
  File "G:\AICoding\luscreen\src\ocr_widget.py", line 7, in <module>
    import pyperclip
ModuleNotFoundError: No module named 'pyperclip'

==============================
Crash Time: 2025-12-31 11:06:21.293858
Traceback (most recent call last):
  File "G:\AICoding\luscreen\src\screenshot_editor.py", line 469, in mousePressEvent
    self.add_text(event.pos())
    ~~~~~~~~~~~~~^^^^^^^^^^^^^
  File "G:\AICoding\luscreen\src\screenshot_editor.py", line 581, in add_text
    self.active_text_editor.editingFinished.connect(self.commit_text_editor)
    ^^^^^^^^^^^^^^^^^^^^^^^^^^^^^^^^^^^^^^^
AttributeError: 'NoneType' object has no attribute 'editingFinished'

==============================
Crash Time: 2025-12-31 11:06:21.298907
Traceback (most recent call last):
  File "G:\AICoding\luscreen\src\screenshot_editor.py", line 385, in paintEvent
    draw_item(painter, temp_item)
    ~~~~~~~~~^^^^^^^^^^^^^^^^^^^^
  File "G:\AICoding\luscreen\src\screenshot_editor.py", line 365, in draw_item
    painter.setFont(item['font'])
                    ~~~~^^^^^^^^
KeyError: 'font'

==============================
Crash Time: 2025-12-31 11:06:21.370369
Traceback (most recent call last):
  File "G:\AICoding\luscreen\src\screenshot_editor.py", line 370, in paintEvent
    draw_item(painter, item)
    ~~~~~~~~~^^^^^^^^^^^^^^^
  File "G:\AICoding\luscreen\src\screenshot_editor.py", line 365, in draw_item
    painter.setFont(item['font'])
                    ~~~~^^^^^^^^
KeyError: 'font'

==============================
Crash Time: 2025-12-31 11:06:23.707845
Traceback (most recent call last):
  File "G:\AICoding\luscreen\src\screenshot_editor.py", line 453, in mousePressEvent
    idx = self.hit_test(event.pos())
  File "G:\AICoding\luscreen\src\screenshot_editor.py", line 418, in hit_test
    fm = QFontMetrics(item['font'])
                      ~~~~^^^^^^^^
KeyError: 'font'

==============================
Crash Time: 2025-12-31 11:06:23.735767
Traceback (most recent call last):
  File "G:\AICoding\luscreen\src\screenshot_editor.py", line 493, in mouseMoveEvent
    idx = self.hit_test(event.pos())
  File "G:\AICoding\luscreen\src\screenshot_editor.py", line 418, in hit_test
    fm = QFontMetrics(item['font'])
                      ~~~~^^^^^^^^
KeyError: 'font'

==============================
Crash Time: 2025-12-31 11:06:23.751925
Traceback (most recent call last):
  File "G:\AICoding\luscreen\src\screenshot_editor.py", line 493, in mouseMoveEvent
    idx = self.hit_test(event.pos())
  File "G:\AICoding\luscreen\src\screenshot_editor.py", line 418, in hit_test
    fm = QFontMetrics(item['font'])
                      ~~~~^^^^^^^^
KeyError: 'font'

==============================
Crash Time: 2025-12-31 11:06:23.759696
Traceback (most recent call last):
  File "G:\AICoding\luscreen\src\screenshot_editor.py", line 493, in mouseMoveEvent
    idx = self.hit_test(event.pos())
  File "G:\AICoding\luscreen\src\screenshot_editor.py", line 418, in hit_test
    fm = QFontMetrics(item['font'])
                      ~~~~^^^^^^^^
KeyError: 'font'

==============================
Crash Time: 2025-12-31 11:06:23.767680
Traceback (most recent call last):
  File "G:\AICoding\luscreen\src\screenshot_editor.py", line 493, in mouseMoveEvent
    idx = self.hit_test(event.pos())
  File "G:\AICoding\luscreen\src\screenshot_editor.py", line 418, in hit_test
    fm = QFontMetrics(item['font'])
                      ~~~~^^^^^^^^
KeyError: 'font'

==============================
Crash Time: 2025-12-31 11:06:23.775526
Traceback (most recent call last):
  File "G:\AICoding\luscreen\src\screenshot_editor.py", line 493, in mouseMoveEvent
    idx = self.hit_test(event.pos())
  File "G:\AICoding\luscreen\src\screenshot_editor.py", line 418, in hit_test
    fm = QFontMetrics(item['font'])
                      ~~~~^^^^^^^^
KeyError: 'font'

==============================
Crash Time: 2025-12-31 11:06:23.783706
Traceback (most recent call last):
  File "G:\AICoding\luscreen\src\screenshot_editor.py", line 493, in mouseMoveEvent
    idx = self.hit_test(event.pos())
  File "G:\AICoding\luscreen\src\screenshot_editor.py", line 418, in hit_test
    fm = QFontMetrics(item['font'])
                      ~~~~^^^^^^^^
KeyError: 'font'

==============================
Crash Time: 2025-12-31 11:06:23.791586
Traceback (most recent call last):
  File "G:\AICoding\luscreen\src\screenshot_editor.py", line 493, in mouseMoveEvent
    idx = self.hit_test(event.pos())
  File "G:\AICoding\luscreen\src\screenshot_editor.py", line 418, in hit_test
    fm = QFontMetrics(item['font'])
                      ~~~~^^^^^^^^
KeyError: 'font'

==============================
Crash Time: 2025-12-31 11:06:23.799621
Traceback (most recent call last):
  File "G:\AICoding\luscreen\src\screenshot_editor.py", line 493, in mouseMoveEvent
    idx = self.hit_test(event.pos())
  File "G:\AICoding\luscreen\src\screenshot_editor.py", line 418, in hit_test
    fm = QFontMetrics(item['font'])
                      ~~~~^^^^^^^^
KeyError: 'font'

==============================
Crash Time: 2025-12-31 11:06:23.807984
Traceback (most recent call last):
  File "G:\AICoding\luscreen\src\screenshot_editor.py", line 493, in mouseMoveEvent
    idx = self.hit_test(event.pos())
  File "G:\AICoding\luscreen\src\screenshot_editor.py", line 418, in hit_test
    fm = QFontMetrics(item['font'])
                      ~~~~^^^^^^^^
KeyError: 'font'

==============================
Crash Time: 2025-12-31 11:06:23.815652
Traceback (most recent call last):
  File "G:\AICoding\luscreen\src\screenshot_editor.py", line 493, in mouseMoveEvent
    idx = self.hit_test(event.pos())
  File "G:\AICoding\luscreen\src\screenshot_editor.py", line 418, in hit_test
    fm = QFontMetrics(item['font'])
                      ~~~~^^^^^^^^
KeyError: 'font'

==============================
Crash Time: 2025-12-31 11:06:23.823793
Traceback (most recent call last):
  File "G:\AICoding\luscreen\src\screenshot_editor.py", line 493, in mouseMoveEvent
    idx = self.hit_test(event.pos())
  File "G:\AICoding\luscreen\src\screenshot_editor.py", line 418, in hit_test
    fm = QFontMetrics(item['font'])
                      ~~~~^^^^^^^^
KeyError: 'font'

==============================
Crash Time: 2025-12-31 11:06:23.831651
Traceback (most recent call last):
  File "G:\AICoding\luscreen\src\screenshot_editor.py", line 493, in mouseMoveEvent
    idx = self.hit_test(event.pos())
  File "G:\AICoding\luscreen\src\screenshot_editor.py", line 418, in hit_test
    fm = QFontMetrics(item['font'])
                      ~~~~^^^^^^^^
KeyError: 'font'

==============================
Crash Time: 2025-12-31 11:06:23.839589
Traceback (most recent call last):
  File "G:\AICoding\luscreen\src\screenshot_editor.py", line 493, in mouseMoveEvent
    idx = self.hit_test(event.pos())
  File "G:\AICoding\luscreen\src\screenshot_editor.py", line 418, in hit_test
    fm = QFontMetrics(item['font'])
                      ~~~~^^^^^^^^
KeyError: 'font'

==============================
Crash Time: 2025-12-31 11:06:23.847668
Traceback (most recent call last):
  File "G:\AICoding\luscreen\src\screenshot_editor.py", line 493, in mouseMoveEvent
    idx = self.hit_test(event.pos())
  File "G:\AICoding\luscreen\src\screenshot_editor.py", line 418, in hit_test
    fm = QFontMetrics(item['font'])
                      ~~~~^^^^^^^^
KeyError: 'font'

==============================
Crash Time: 2025-12-31 11:06:23.855951
Traceback (most recent call last):
  File "G:\AICoding\luscreen\src\screenshot_editor.py", line 493, in mouseMoveEvent
    idx = self.hit_test(event.pos())
  File "G:\AICoding\luscreen\src\screenshot_editor.py", line 418, in hit_test
    fm = QFontMetrics(item['font'])
                      ~~~~^^^^^^^^
KeyError: 'font'

==============================
Crash Time: 2025-12-31 11:06:23.863791
Traceback (most recent call last):
  File "G:\AICoding\luscreen\src\screenshot_editor.py", line 493, in mouseMoveEvent
    idx = self.hit_test(event.pos())
  File "G:\AICoding\luscreen\src\screenshot_editor.py", line 418, in hit_test
    fm = QFontMetrics(item['font'])
                      ~~~~^^^^^^^^
KeyError: 'font'

==============================
Crash Time: 2025-12-31 11:06:23.871777
Traceback (most recent call last):
  File "G:\AICoding\luscreen\src\screenshot_editor.py", line 493, in mouseMoveEvent
    idx = self.hit_test(event.pos())
  File "G:\AICoding\luscreen\src\screenshot_editor.py", line 418, in hit_test
    fm = QFontMetrics(item['font'])
                      ~~~~^^^^^^^^
KeyError: 'font'

==============================
Crash Time: 2025-12-31 11:06:23.887857
Traceback (most recent call last):
  File "G:\AICoding\luscreen\src\screenshot_editor.py", line 493, in mouseMoveEvent
    idx = self.hit_test(event.pos())
  File "G:\AICoding\luscreen\src\screenshot_editor.py", line 418, in hit_test
    fm = QFontMetrics(item['font'])
                      ~~~~^^^^^^^^
KeyError: 'font'

==============================
Crash Time: 2025-12-31 11:06:23.895616
Traceback (most recent call last):
  File "G:\AICoding\luscreen\src\screenshot_editor.py", line 493, in mouseMoveEvent
    idx = self.hit_test(event.pos())
  File "G:\AICoding\luscreen\src\screenshot_editor.py", line 418, in hit_test
    fm = QFontMetrics(item['font'])
                      ~~~~^^^^^^^^
KeyError: 'font'

==============================
Crash Time: 2025-12-31 11:06:23.911897
Traceback (most recent call last):
  File "G:\AICoding\luscreen\src\screenshot_editor.py", line 493, in mouseMoveEvent
    idx = self.hit_test(event.pos())
  File "G:\AICoding\luscreen\src\screenshot_editor.py", line 418, in hit_test
    fm = QFontMetrics(item['font'])
                      ~~~~^^^^^^^^
KeyError: 'font'

==============================
Crash Time: 2025-12-31 11:06:23.935985
Traceback (most recent call last):
  File "G:\AICoding\luscreen\src\screenshot_editor.py", line 493, in mouseMoveEvent
    idx = self.hit_test(event.pos())
  File "G:\AICoding\luscreen\src\screenshot_editor.py", line 418, in hit_test
    fm = QFontMetrics(item['font'])
                      ~~~~^^^^^^^^
KeyError: 'font'

==============================
Crash Time: 2025-12-31 11:06:24.088129
Traceback (most recent call last):
  File "G:\AICoding\luscreen\src\screenshot_editor.py", line 493, in mouseMoveEvent
    idx = self.hit_test(event.pos())
  File "G:\AICoding\luscreen\src\screenshot_editor.py", line 418, in hit_test
    fm = QFontMetrics(item['font'])
                      ~~~~^^^^^^^^
KeyError: 'font'

==============================
Crash Time: 2025-12-31 11:06:24.095527
Traceback (most recent call last):
  File "G:\AICoding\luscreen\src\screenshot_editor.py", line 493, in mouseMoveEvent
    idx = self.hit_test(event.pos())
  File "G:\AICoding\luscreen\src\screenshot_editor.py", line 418, in hit_test
    fm = QFontMetrics(item['font'])
                      ~~~~^^^^^^^^
KeyError: 'font'

==============================
Crash Time: 2025-12-31 11:06:24.105322
Traceback (most recent call last):
  File "G:\AICoding\luscreen\src\screenshot_editor.py", line 493, in mouseMoveEvent
    idx = self.hit_test(event.pos())
  File "G:\AICoding\luscreen\src\screenshot_editor.py", line 418, in hit_test
    fm = QFontMetrics(item['font'])
                      ~~~~^^^^^^^^
KeyError: 'font'

==============================
Crash Time: 2025-12-31 11:06:24.111707
Traceback (most recent call last):
  File "G:\AICoding\luscreen\src\screenshot_editor.py", line 493, in mouseMoveEvent
    idx = self.hit_test(event.pos())
  File "G:\AICoding\luscreen\src\screenshot_editor.py", line 418, in hit_test
    fm = QFontMetrics(item['font'])
                      ~~~~^^^^^^^^
KeyError: 'font'

==============================
Crash Time: 2025-12-31 11:06:24.121627
Traceback (most recent call last):
  File "G:\AICoding\luscreen\src\screenshot_editor.py", line 493, in mouseMoveEvent
    idx = self.hit_test(event.pos())
  File "G:\AICoding\luscreen\src\screenshot_editor.py", line 418, in hit_test
    fm = QFontMetrics(item['font'])
                      ~~~~^^^^^^^^
KeyError: 'font'

==============================
Crash Time: 2025-12-31 11:06:24.377271
Traceback (most recent call last):
  File "G:\AICoding\luscreen\src\screenshot_editor.py", line 453, in mousePressEvent
    idx = self.hit_test(event.pos())
  File "G:\AICoding\luscreen\src\screenshot_editor.py", line 418, in hit_test
    fm = QFontMetrics(item['font'])
                      ~~~~^^^^^^^^
KeyError: 'font'

==============================
Crash Time: 2025-12-31 11:06:24.424107
Traceback (most recent call last):
  File "G:\AICoding\luscreen\src\screenshot_editor.py", line 493, in mouseMoveEvent
    idx = self.hit_test(event.pos())
  File "G:\AICoding\luscreen\src\screenshot_editor.py", line 418, in hit_test
    fm = QFontMetrics(item['font'])
                      ~~~~^^^^^^^^
KeyError: 'font'

==============================
Crash Time: 2025-12-31 11:06:24.439744
Traceback (most recent call last):
  File "G:\AICoding\luscreen\src\screenshot_editor.py", line 493, in mouseMoveEvent
    idx = self.hit_test(event.pos())
  File "G:\AICoding\luscreen\src\screenshot_editor.py", line 418, in hit_test
    fm = QFontMetrics(item['font'])
                      ~~~~^^^^^^^^
KeyError: 'font'

==============================
Crash Time: 2025-12-31 11:06:24.447883
Traceback (most recent call last):
  File "G:\AICoding\luscreen\src\screenshot_editor.py", line 493, in mouseMoveEvent
    idx = self.hit_test(event.pos())
  File "G:\AICoding\luscreen\src\screenshot_editor.py", line 418, in hit_test
    fm = QFontMetrics(item['font'])
                      ~~~~^^^^^^^^
KeyError: 'font'

==============================
Crash Time: 2025-12-31 11:06:24.455671
Traceback (most recent call last):
  File "G:\AICoding\luscreen\src\screenshot_editor.py", line 493, in mouseMoveEvent
    idx = self.hit_test(event.pos())
  File "G:\AICoding\luscreen\src\screenshot_editor.py", line 418, in hit_test
    fm = QFontMetrics(item['font'])
                      ~~~~^^^^^^^^
KeyError: 'font'

==============================
Crash Time: 2025-12-31 11:06:24.463988
Traceback (most recent call last):
  File "G:\AICoding\luscreen\src\screenshot_editor.py", line 493, in mouseMoveEvent
    idx = self.hit_test(event.pos())
  File "G:\AICoding\luscreen\src\screenshot_editor.py", line 418, in hit_test
    fm = QFontMetrics(item['font'])
                      ~~~~^^^^^^^^
KeyError: 'font'

==============================
Crash Time: 2025-12-31 11:06:24.471437
Traceback (most recent call last):
  File "G:\AICoding\luscreen\src\screenshot_editor.py", line 493, in mouseMoveEvent
    idx = self.hit_test(event.pos())
  File "G:\AICoding\luscreen\src\screenshot_editor.py", line 418, in hit_test
    fm = QFontMetrics(item['font'])
                      ~~~~^^^^^^^^
KeyError: 'font'

==============================
Crash Time: 2025-12-31 11:06:24.479913
Traceback (most recent call last):
  File "G:\AICoding\luscreen\src\screenshot_editor.py", line 493, in mouseMoveEvent
    idx = self.hit_test(event.pos())
  File "G:\AICoding\luscreen\src\screenshot_editor.py", line 418, in hit_test
    fm = QFontMetrics(item['font'])
                      ~~~~^^^^^^^^
KeyError: 'font'

==============================
Crash Time: 2025-12-31 11:06:24.487564
Traceback (most recent call last):
  File "G:\AICoding\luscreen\src\screenshot_editor.py", line 493, in mouseMoveEvent
    idx = self.hit_test(event.pos())
  File "G:\AICoding\luscreen\src\screenshot_editor.py", line 418, in hit_test
    fm = QFontMetrics(item['font'])
                      ~~~~^^^^^^^^
KeyError: 'font'

==============================
Crash Time: 2025-12-31 11:06:24.495723
Traceback (most recent call last):
  File "G:\AICoding\luscreen\src\screenshot_editor.py", line 493, in mouseMoveEvent
    idx = self.hit_test(event.pos())
  File "G:\AICoding\luscreen\src\screenshot_editor.py", line 418, in hit_test
    fm = QFontMetrics(item['font'])
                      ~~~~^^^^^^^^
KeyError: 'font'

==============================
Crash Time: 2025-12-31 11:06:24.503521
Traceback (most recent call last):
  File "G:\AICoding\luscreen\src\screenshot_editor.py", line 493, in mouseMoveEvent
    idx = self.hit_test(event.pos())
  File "G:\AICoding\luscreen\src\screenshot_editor.py", line 418, in hit_test
    fm = QFontMetrics(item['font'])
                      ~~~~^^^^^^^^
KeyError: 'font'

==============================
Crash Time: 2025-12-31 11:06:24.512584
Traceback (most recent call last):
  File "G:\AICoding\luscreen\src\screenshot_editor.py", line 493, in mouseMoveEvent
    idx = self.hit_test(event.pos())
  File "G:\AICoding\luscreen\src\screenshot_editor.py", line 418, in hit_test
    fm = QFontMetrics(item['font'])
                      ~~~~^^^^^^^^
KeyError: 'font'

==============================
Crash Time: 2025-12-31 11:06:24.519517
Traceback (most recent call last):
  File "G:\AICoding\luscreen\src\screenshot_editor.py", line 493, in mouseMoveEvent
    idx = self.hit_test(event.pos())
  File "G:\AICoding\luscreen\src\screenshot_editor.py", line 418, in hit_test
    fm = QFontMetrics(item['font'])
                      ~~~~^^^^^^^^
KeyError: 'font'

==============================
Crash Time: 2025-12-31 11:06:24.529214
Traceback (most recent call last):
  File "G:\AICoding\luscreen\src\screenshot_editor.py", line 493, in mouseMoveEvent
    idx = self.hit_test(event.pos())
  File "G:\AICoding\luscreen\src\screenshot_editor.py", line 418, in hit_test
    fm = QFontMetrics(item['font'])
                      ~~~~^^^^^^^^
KeyError: 'font'

==============================
Crash Time: 2025-12-31 11:06:24.544671
Traceback (most recent call last):
  File "G:\AICoding\luscreen\src\screenshot_editor.py", line 493, in mouseMoveEvent
    idx = self.hit_test(event.pos())
  File "G:\AICoding\luscreen\src\screenshot_editor.py", line 418, in hit_test
    fm = QFontMetrics(item['font'])
                      ~~~~^^^^^^^^
KeyError: 'font'

==============================
Crash Time: 2025-12-31 11:06:24.551528
Traceback (most recent call last):
  File "G:\AICoding\luscreen\src\screenshot_editor.py", line 493, in mouseMoveEvent
    idx = self.hit_test(event.pos())
  File "G:\AICoding\luscreen\src\screenshot_editor.py", line 418, in hit_test
    fm = QFontMetrics(item['font'])
                      ~~~~^^^^^^^^
KeyError: 'font'

==============================
Crash Time: 2025-12-31 11:06:24.559619
Traceback (most recent call last):
  File "G:\AICoding\luscreen\src\screenshot_editor.py", line 493, in mouseMoveEvent
    idx = self.hit_test(event.pos())
  File "G:\AICoding\luscreen\src\screenshot_editor.py", line 418, in hit_test
    fm = QFontMetrics(item['font'])
                      ~~~~^^^^^^^^
KeyError: 'font'

==============================
Crash Time: 2025-12-31 11:06:24.567869
Traceback (most recent call last):
  File "G:\AICoding\luscreen\src\screenshot_editor.py", line 493, in mouseMoveEvent
    idx = self.hit_test(event.pos())
  File "G:\AICoding\luscreen\src\screenshot_editor.py", line 418, in hit_test
    fm = QFontMetrics(item['font'])
                      ~~~~^^^^^^^^
KeyError: 'font'

==============================
Crash Time: 2025-12-31 11:06:24.575979
Traceback (most recent call last):
  File "G:\AICoding\luscreen\src\screenshot_editor.py", line 493, in mouseMoveEvent
    idx = self.hit_test(event.pos())
  File "G:\AICoding\luscreen\src\screenshot_editor.py", line 418, in hit_test
    fm = QFontMetrics(item['font'])
                      ~~~~^^^^^^^^
KeyError: 'font'

==============================
Crash Time: 2025-12-31 11:06:24.583621
Traceback (most recent call last):
  File "G:\AICoding\luscreen\src\screenshot_editor.py", line 493, in mouseMoveEvent
    idx = self.hit_test(event.pos())
  File "G:\AICoding\luscreen\src\screenshot_editor.py", line 418, in hit_test
    fm = QFontMetrics(item['font'])
                      ~~~~^^^^^^^^
KeyError: 'font'

==============================
Crash Time: 2025-12-31 11:06:24.591710
Traceback (most recent call last):
  File "G:\AICoding\luscreen\src\screenshot_editor.py", line 493, in mouseMoveEvent
    idx = self.hit_test(event.pos())
  File "G:\AICoding\luscreen\src\screenshot_editor.py", line 418, in hit_test
    fm = QFontMetrics(item['font'])
                      ~~~~^^^^^^^^
KeyError: 'font'

==============================
Crash Time: 2025-12-31 11:06:24.600068
Traceback (most recent call last):
  File "G:\AICoding\luscreen\src\screenshot_editor.py", line 493, in mouseMoveEvent
    idx = self.hit_test(event.pos())
  File "G:\AICoding\luscreen\src\screenshot_editor.py", line 418, in hit_test
    fm = QFontMetrics(item['font'])
                      ~~~~^^^^^^^^
KeyError: 'font'

==============================
Crash Time: 2025-12-31 11:06:24.607852
Traceback (most recent call last):
  File "G:\AICoding\luscreen\src\screenshot_editor.py", line 493, in mouseMoveEvent
    idx = self.hit_test(event.pos())
  File "G:\AICoding\luscreen\src\screenshot_editor.py", line 418, in hit_test
    fm = QFontMetrics(item['font'])
                      ~~~~^^^^^^^^
KeyError: 'font'

==============================
Crash Time: 2025-12-31 11:06:24.615719
Traceback (most recent call last):
  File "G:\AICoding\luscreen\src\screenshot_editor.py", line 493, in mouseMoveEvent
    idx = self.hit_test(event.pos())
  File "G:\AICoding\luscreen\src\screenshot_editor.py", line 418, in hit_test
    fm = QFontMetrics(item['font'])
                      ~~~~^^^^^^^^
KeyError: 'font'

==============================
Crash Time: 2025-12-31 11:06:24.631704
Traceback (most recent call last):
  File "G:\AICoding\luscreen\src\screenshot_editor.py", line 493, in mouseMoveEvent
    idx = self.hit_test(event.pos())
  File "G:\AICoding\luscreen\src\screenshot_editor.py", line 418, in hit_test
    fm = QFontMetrics(item['font'])
                      ~~~~^^^^^^^^
KeyError: 'font'

==============================
Crash Time: 2025-12-31 11:06:24.639919
Traceback (most recent call last):
  File "G:\AICoding\luscreen\src\screenshot_editor.py", line 493, in mouseMoveEvent
    idx = self.hit_test(event.pos())
  File "G:\AICoding\luscreen\src\screenshot_editor.py", line 418, in hit_test
    fm = QFontMetrics(item['font'])
                      ~~~~^^^^^^^^
KeyError: 'font'

==============================
Crash Time: 2025-12-31 11:06:24.647650
Traceback (most recent call last):
  File "G:\AICoding\luscreen\src\screenshot_editor.py", line 493, in mouseMoveEvent
    idx = self.hit_test(event.pos())
  File "G:\AICoding\luscreen\src\screenshot_editor.py", line 418, in hit_test
    fm = QFontMetrics(item['font'])
                      ~~~~^^^^^^^^
KeyError: 'font'

==============================
Crash Time: 2025-12-31 11:06:24.655898
Traceback (most recent call last):
  File "G:\AICoding\luscreen\src\screenshot_editor.py", line 493, in mouseMoveEvent
    idx = self.hit_test(event.pos())
  File "G:\AICoding\luscreen\src\screenshot_editor.py", line 418, in hit_test
    fm = QFontMetrics(item['font'])
                      ~~~~^^^^^^^^
KeyError: 'font'

==============================
Crash Time: 2025-12-31 11:06:24.680262
Traceback (most recent call last):
  File "G:\AICoding\luscreen\src\screenshot_editor.py", line 493, in mouseMoveEvent
    idx = self.hit_test(event.pos())
  File "G:\AICoding\luscreen\src\screenshot_editor.py", line 418, in hit_test
    fm = QFontMetrics(item['font'])
                      ~~~~^^^^^^^^
KeyError: 'font'

==============================
Crash Time: 2025-12-31 11:06:26.552411
Traceback (most recent call last):
  File "G:\AICoding\luscreen\src\screenshot_editor.py", line 453, in mousePressEvent
    idx = self.hit_test(event.pos())
  File "G:\AICoding\luscreen\src\screenshot_editor.py", line 418, in hit_test
    fm = QFontMetrics(item['font'])
                      ~~~~^^^^^^^^
KeyError: 'font'

==============================
Crash Time: 2025-12-31 11:06:26.592768
Traceback (most recent call last):
  File "G:\AICoding\luscreen\src\screenshot_editor.py", line 493, in mouseMoveEvent
    idx = self.hit_test(event.pos())
  File "G:\AICoding\luscreen\src\screenshot_editor.py", line 418, in hit_test
    fm = QFontMetrics(item['font'])
                      ~~~~^^^^^^^^
KeyError: 'font'

==============================
Crash Time: 2025-12-31 11:06:26.608043
Traceback (most recent call last):
  File "G:\AICoding\luscreen\src\screenshot_editor.py", line 493, in mouseMoveEvent
    idx = self.hit_test(event.pos())
  File "G:\AICoding\luscreen\src\screenshot_editor.py", line 418, in hit_test
    fm = QFontMetrics(item['font'])
                      ~~~~^^^^^^^^
KeyError: 'font'

==============================
Crash Time: 2025-12-31 11:06:26.615777
Traceback (most recent call last):
  File "G:\AICoding\luscreen\src\screenshot_editor.py", line 493, in mouseMoveEvent
    idx = self.hit_test(event.pos())
  File "G:\AICoding\luscreen\src\screenshot_editor.py", line 418, in hit_test
    fm = QFontMetrics(item['font'])
                      ~~~~^^^^^^^^
KeyError: 'font'

==============================
Crash Time: 2025-12-31 11:06:26.623638
Traceback (most recent call last):
  File "G:\AICoding\luscreen\src\screenshot_editor.py", line 493, in mouseMoveEvent
    idx = self.hit_test(event.pos())
  File "G:\AICoding\luscreen\src\screenshot_editor.py", line 418, in hit_test
    fm = QFontMetrics(item['font'])
                      ~~~~^^^^^^^^
KeyError: 'font'

==============================
Crash Time: 2025-12-31 11:06:26.631741
Traceback (most recent call last):
  File "G:\AICoding\luscreen\src\screenshot_editor.py", line 493, in mouseMoveEvent
    idx = self.hit_test(event.pos())
  File "G:\AICoding\luscreen\src\screenshot_editor.py", line 418, in hit_test
    fm = QFontMetrics(item['font'])
                      ~~~~^^^^^^^^
KeyError: 'font'

==============================
Crash Time: 2025-12-31 11:06:26.639747
Traceback (most recent call last):
  File "G:\AICoding\luscreen\src\screenshot_editor.py", line 493, in mouseMoveEvent
    idx = self.hit_test(event.pos())
  File "G:\AICoding\luscreen\src\screenshot_editor.py", line 418, in hit_test
    fm = QFontMetrics(item['font'])
                      ~~~~^^^^^^^^
KeyError: 'font'

==============================
Crash Time: 2025-12-31 11:06:26.647751
Traceback (most recent call last):
  File "G:\AICoding\luscreen\src\screenshot_editor.py", line 493, in mouseMoveEvent
    idx = self.hit_test(event.pos())
  File "G:\AICoding\luscreen\src\screenshot_editor.py", line 418, in hit_test
    fm = QFontMetrics(item['font'])
                      ~~~~^^^^^^^^
KeyError: 'font'

==============================
Crash Time: 2025-12-31 11:06:26.655956
Traceback (most recent call last):
  File "G:\AICoding\luscreen\src\screenshot_editor.py", line 493, in mouseMoveEvent
    idx = self.hit_test(event.pos())
  File "G:\AICoding\luscreen\src\screenshot_editor.py", line 418, in hit_test
    fm = QFontMetrics(item['font'])
                      ~~~~^^^^^^^^
KeyError: 'font'

==============================
Crash Time: 2025-12-31 11:06:26.663543
Traceback (most recent call last):
  File "G:\AICoding\luscreen\src\screenshot_editor.py", line 493, in mouseMoveEvent
    idx = self.hit_test(event.pos())
  File "G:\AICoding\luscreen\src\screenshot_editor.py", line 418, in hit_test
    fm = QFontMetrics(item['font'])
                      ~~~~^^^^^^^^
KeyError: 'font'

==============================
Crash Time: 2025-12-31 11:06:26.671975
Traceback (most recent call last):
  File "G:\AICoding\luscreen\src\screenshot_editor.py", line 493, in mouseMoveEvent
    idx = self.hit_test(event.pos())
  File "G:\AICoding\luscreen\src\screenshot_editor.py", line 418, in hit_test
    fm = QFontMetrics(item['font'])
                      ~~~~^^^^^^^^
KeyError: 'font'

==============================
Crash Time: 2025-12-31 11:06:26.679397
Traceback (most recent call last):
  File "G:\AICoding\luscreen\src\screenshot_editor.py", line 493, in mouseMoveEvent
    idx = self.hit_test(event.pos())
  File "G:\AICoding\luscreen\src\screenshot_editor.py", line 418, in hit_test
    fm = QFontMetrics(item['font'])
                      ~~~~^^^^^^^^
KeyError: 'font'

==============================
Crash Time: 2025-12-31 11:06:26.687808
Traceback (most recent call last):
  File "G:\AICoding\luscreen\src\screenshot_editor.py", line 493, in mouseMoveEvent
    idx = self.hit_test(event.pos())
  File "G:\AICoding\luscreen\src\screenshot_editor.py", line 418, in hit_test
    fm = QFontMetrics(item['font'])
                      ~~~~^^^^^^^^
KeyError: 'font'

==============================
Crash Time: 2025-12-31 11:06:26.695956
Traceback (most recent call last):
  File "G:\AICoding\luscreen\src\screenshot_editor.py", line 493, in mouseMoveEvent
    idx = self.hit_test(event.pos())
  File "G:\AICoding\luscreen\src\screenshot_editor.py", line 418, in hit_test
    fm = QFontMetrics(item['font'])
                      ~~~~^^^^^^^^
KeyError: 'font'

==============================
Crash Time: 2025-12-31 11:06:26.703892
Traceback (most recent call last):
  File "G:\AICoding\luscreen\src\screenshot_editor.py", line 493, in mouseMoveEvent
    idx = self.hit_test(event.pos())
  File "G:\AICoding\luscreen\src\screenshot_editor.py", line 418, in hit_test
    fm = QFontMetrics(item['font'])
                      ~~~~^^^^^^^^
KeyError: 'font'

==============================
Crash Time: 2025-12-31 11:06:26.712122
Traceback (most recent call last):
  File "G:\AICoding\luscreen\src\screenshot_editor.py", line 493, in mouseMoveEvent
    idx = self.hit_test(event.pos())
  File "G:\AICoding\luscreen\src\screenshot_editor.py", line 418, in hit_test
    fm = QFontMetrics(item['font'])
                      ~~~~^^^^^^^^
KeyError: 'font'

==============================
Crash Time: 2025-12-31 11:06:26.719842
Traceback (most recent call last):
  File "G:\AICoding\luscreen\src\screenshot_editor.py", line 493, in mouseMoveEvent
    idx = self.hit_test(event.pos())
  File "G:\AICoding\luscreen\src\screenshot_editor.py", line 418, in hit_test
    fm = QFontMetrics(item['font'])
                      ~~~~^^^^^^^^
KeyError: 'font'

==============================
Crash Time: 2025-12-31 11:06:26.729348
Traceback (most recent call last):
  File "G:\AICoding\luscreen\src\screenshot_editor.py", line 493, in mouseMoveEvent
    idx = self.hit_test(event.pos())
  File "G:\AICoding\luscreen\src\screenshot_editor.py", line 418, in hit_test
    fm = QFontMetrics(item['font'])
                      ~~~~^^^^^^^^
KeyError: 'font'

==============================
Crash Time: 2025-12-31 11:06:26.735677
Traceback (most recent call last):
  File "G:\AICoding\luscreen\src\screenshot_editor.py", line 493, in mouseMoveEvent
    idx = self.hit_test(event.pos())
  File "G:\AICoding\luscreen\src\screenshot_editor.py", line 418, in hit_test
    fm = QFontMetrics(item['font'])
                      ~~~~^^^^^^^^
KeyError: 'font'

==============================
Crash Time: 2025-12-31 11:06:26.744567
Traceback (most recent call last):
  File "G:\AICoding\luscreen\src\screenshot_editor.py", line 493, in mouseMoveEvent
    idx = self.hit_test(event.pos())
  File "G:\AICoding\luscreen\src\screenshot_editor.py", line 418, in hit_test
    fm = QFontMetrics(item['font'])
                      ~~~~^^^^^^^^
KeyError: 'font'

==============================
Crash Time: 2025-12-31 11:06:26.751943
Traceback (most recent call last):
  File "G:\AICoding\luscreen\src\screenshot_editor.py", line 493, in mouseMoveEvent
    idx = self.hit_test(event.pos())
  File "G:\AICoding\luscreen\src\screenshot_editor.py", line 418, in hit_test
    fm = QFontMetrics(item['font'])
                      ~~~~^^^^^^^^
KeyError: 'font'

==============================
Crash Time: 2025-12-31 11:06:26.759768
Traceback (most recent call last):
  File "G:\AICoding\luscreen\src\screenshot_editor.py", line 493, in mouseMoveEvent
    idx = self.hit_test(event.pos())
  File "G:\AICoding\luscreen\src\screenshot_editor.py", line 418, in hit_test
    fm = QFontMetrics(item['font'])
                      ~~~~^^^^^^^^
KeyError: 'font'

==============================
Crash Time: 2025-12-31 11:06:26.767691
Traceback (most recent call last):
  File "G:\AICoding\luscreen\src\screenshot_editor.py", line 493, in mouseMoveEvent
    idx = self.hit_test(event.pos())
  File "G:\AICoding\luscreen\src\screenshot_editor.py", line 418, in hit_test
    fm = QFontMetrics(item['font'])
                      ~~~~^^^^^^^^
KeyError: 'font'

==============================
Crash Time: 2025-12-31 11:06:26.776183
Traceback (most recent call last):
  File "G:\AICoding\luscreen\src\screenshot_editor.py", line 493, in mouseMoveEvent
    idx = self.hit_test(event.pos())
  File "G:\AICoding\luscreen\src\screenshot_editor.py", line 418, in hit_test
    fm = QFontMetrics(item['font'])
                      ~~~~^^^^^^^^
KeyError: 'font'

==============================
Crash Time: 2025-12-31 11:06:26.783635
Traceback (most recent call last):
  File "G:\AICoding\luscreen\src\screenshot_editor.py", line 493, in mouseMoveEvent
    idx = self.hit_test(event.pos())
  File "G:\AICoding\luscreen\src\screenshot_editor.py", line 418, in hit_test
    fm = QFontMetrics(item['font'])
                      ~~~~^^^^^^^^
KeyError: 'font'

==============================
Crash Time: 2025-12-31 11:06:26.791537
Traceback (most recent call last):
  File "G:\AICoding\luscreen\src\screenshot_editor.py", line 493, in mouseMoveEvent
    idx = self.hit_test(event.pos())
  File "G:\AICoding\luscreen\src\screenshot_editor.py", line 418, in hit_test
    fm = QFontMetrics(item['font'])
                      ~~~~^^^^^^^^
KeyError: 'font'

==============================
Crash Time: 2025-12-31 11:06:26.799629
Traceback (most recent call last):
  File "G:\AICoding\luscreen\src\screenshot_editor.py", line 493, in mouseMoveEvent
    idx = self.hit_test(event.pos())
  File "G:\AICoding\luscreen\src\screenshot_editor.py", line 418, in hit_test
    fm = QFontMetrics(item['font'])
                      ~~~~^^^^^^^^
KeyError: 'font'

==============================
Crash Time: 2025-12-31 11:06:26.815799
Traceback (most recent call last):
  File "G:\AICoding\luscreen\src\screenshot_editor.py", line 493, in mouseMoveEvent
    idx = self.hit_test(event.pos())
  File "G:\AICoding\luscreen\src\screenshot_editor.py", line 418, in hit_test
    fm = QFontMetrics(item['font'])
                      ~~~~^^^^^^^^
KeyError: 'font'

==============================
Crash Time: 2025-12-31 11:06:27.361099
Traceback (most recent call last):
  File "G:\AICoding\luscreen\src\screenshot_editor.py", line 453, in mousePressEvent
    idx = self.hit_test(event.pos())
  File "G:\AICoding\luscreen\src\screenshot_editor.py", line 418, in hit_test
    fm = QFontMetrics(item['font'])
                      ~~~~^^^^^^^^
KeyError: 'font'

==============================
Crash Time: 2025-12-31 11:06:27.375795
Traceback (most recent call last):
  File "G:\AICoding\luscreen\src\screenshot_editor.py", line 493, in mouseMoveEvent
    idx = self.hit_test(event.pos())
  File "G:\AICoding\luscreen\src\screenshot_editor.py", line 418, in hit_test
    fm = QFontMetrics(item['font'])
                      ~~~~^^^^^^^^
KeyError: 'font'

==============================
Crash Time: 2025-12-31 11:06:27.391920
Traceback (most recent call last):
  File "G:\AICoding\luscreen\src\screenshot_editor.py", line 493, in mouseMoveEvent
    idx = self.hit_test(event.pos())
  File "G:\AICoding\luscreen\src\screenshot_editor.py", line 418, in hit_test
    fm = QFontMetrics(item['font'])
                      ~~~~^^^^^^^^
KeyError: 'font'

==============================
Crash Time: 2025-12-31 11:06:27.400746
Traceback (most recent call last):
  File "G:\AICoding\luscreen\src\screenshot_editor.py", line 493, in mouseMoveEvent
    idx = self.hit_test(event.pos())
  File "G:\AICoding\luscreen\src\screenshot_editor.py", line 418, in hit_test
    fm = QFontMetrics(item['font'])
                      ~~~~^^^^^^^^
KeyError: 'font'

==============================
Crash Time: 2025-12-31 11:06:27.408039
Traceback (most recent call last):
  File "G:\AICoding\luscreen\src\screenshot_editor.py", line 493, in mouseMoveEvent
    idx = self.hit_test(event.pos())
  File "G:\AICoding\luscreen\src\screenshot_editor.py", line 418, in hit_test
    fm = QFontMetrics(item['font'])
                      ~~~~^^^^^^^^
KeyError: 'font'

==============================
Crash Time: 2025-12-31 11:06:27.417242
Traceback (most recent call last):
  File "G:\AICoding\luscreen\src\screenshot_editor.py", line 493, in mouseMoveEvent
    idx = self.hit_test(event.pos())
  File "G:\AICoding\luscreen\src\screenshot_editor.py", line 418, in hit_test
    fm = QFontMetrics(item['font'])
                      ~~~~^^^^^^^^
KeyError: 'font'

==============================
Crash Time: 2025-12-31 11:06:27.423610
Traceback (most recent call last):
  File "G:\AICoding\luscreen\src\screenshot_editor.py", line 493, in mouseMoveEvent
    idx = self.hit_test(event.pos())
  File "G:\AICoding\luscreen\src\screenshot_editor.py", line 418, in hit_test
    fm = QFontMetrics(item['font'])
                      ~~~~^^^^^^^^
KeyError: 'font'

==============================
Crash Time: 2025-12-31 11:06:27.436172
Traceback (most recent call last):
  File "G:\AICoding\luscreen\src\screenshot_editor.py", line 493, in mouseMoveEvent
    idx = self.hit_test(event.pos())
  File "G:\AICoding\luscreen\src\screenshot_editor.py", line 418, in hit_test
    fm = QFontMetrics(item['font'])
                      ~~~~^^^^^^^^
KeyError: 'font'

==============================
Crash Time: 2025-12-31 11:06:27.441746
Traceback (most recent call last):
  File "G:\AICoding\luscreen\src\screenshot_editor.py", line 493, in mouseMoveEvent
    idx = self.hit_test(event.pos())
  File "G:\AICoding\luscreen\src\screenshot_editor.py", line 418, in hit_test
    fm = QFontMetrics(item['font'])
                      ~~~~^^^^^^^^
KeyError: 'font'

==============================
Crash Time: 2025-12-31 11:06:27.452295
Traceback (most recent call last):
  File "G:\AICoding\luscreen\src\screenshot_editor.py", line 493, in mouseMoveEvent
    idx = self.hit_test(event.pos())
  File "G:\AICoding\luscreen\src\screenshot_editor.py", line 418, in hit_test
    fm = QFontMetrics(item['font'])
                      ~~~~^^^^^^^^
KeyError: 'font'

==============================
Crash Time: 2025-12-31 11:06:27.455926
Traceback (most recent call last):
  File "G:\AICoding\luscreen\src\screenshot_editor.py", line 493, in mouseMoveEvent
    idx = self.hit_test(event.pos())
  File "G:\AICoding\luscreen\src\screenshot_editor.py", line 418, in hit_test
    fm = QFontMetrics(item['font'])
                      ~~~~^^^^^^^^
KeyError: 'font'

==============================
Crash Time: 2025-12-31 11:06:27.467024
Traceback (most recent call last):
  File "G:\AICoding\luscreen\src\screenshot_editor.py", line 493, in mouseMoveEvent
    idx = self.hit_test(event.pos())
  File "G:\AICoding\luscreen\src\screenshot_editor.py", line 418, in hit_test
    fm = QFontMetrics(item['font'])
                      ~~~~^^^^^^^^
KeyError: 'font'

==============================
Crash Time: 2025-12-31 11:06:27.471934
Traceback (most recent call last):
  File "G:\AICoding\luscreen\src\screenshot_editor.py", line 493, in mouseMoveEvent
    idx = self.hit_test(event.pos())
  File "G:\AICoding\luscreen\src\screenshot_editor.py", line 418, in hit_test
    fm = QFontMetrics(item['font'])
                      ~~~~^^^^^^^^
KeyError: 'font'

==============================
Crash Time: 2025-12-31 11:06:27.480446
Traceback (most recent call last):
  File "G:\AICoding\luscreen\src\screenshot_editor.py", line 493, in mouseMoveEvent
    idx = self.hit_test(event.pos())
  File "G:\AICoding\luscreen\src\screenshot_editor.py", line 418, in hit_test
    fm = QFontMetrics(item['font'])
                      ~~~~^^^^^^^^
KeyError: 'font'

==============================
Crash Time: 2025-12-31 11:06:27.488039
Traceback (most recent call last):
  File "G:\AICoding\luscreen\src\screenshot_editor.py", line 493, in mouseMoveEvent
    idx = self.hit_test(event.pos())
  File "G:\AICoding\luscreen\src\screenshot_editor.py", line 418, in hit_test
    fm = QFontMetrics(item['font'])
                      ~~~~^^^^^^^^
KeyError: 'font'

==============================
Crash Time: 2025-12-31 11:06:27.495643
Traceback (most recent call last):
  File "G:\AICoding\luscreen\src\screenshot_editor.py", line 493, in mouseMoveEvent
    idx = self.hit_test(event.pos())
  File "G:\AICoding\luscreen\src\screenshot_editor.py", line 418, in hit_test
    fm = QFontMetrics(item['font'])
                      ~~~~^^^^^^^^
KeyError: 'font'

==============================
Crash Time: 2025-12-31 11:06:27.511914
Traceback (most recent call last):
  File "G:\AICoding\luscreen\src\screenshot_editor.py", line 493, in mouseMoveEvent
    idx = self.hit_test(event.pos())
  File "G:\AICoding\luscreen\src\screenshot_editor.py", line 418, in hit_test
    fm = QFontMetrics(item['font'])
                      ~~~~^^^^^^^^
KeyError: 'font'

==============================
Crash Time: 2025-12-31 11:06:27.519956
Traceback (most recent call last):
  File "G:\AICoding\luscreen\src\screenshot_editor.py", line 493, in mouseMoveEvent
    idx = self.hit_test(event.pos())
  File "G:\AICoding\luscreen\src\screenshot_editor.py", line 418, in hit_test
    fm = QFontMetrics(item['font'])
                      ~~~~^^^^^^^^
KeyError: 'font'

==============================
Crash Time: 2025-12-31 11:06:30.299234
Traceback (most recent call last):
  File "G:\AICoding\luscreen\src\screenshot_editor.py", line 453, in mousePressEvent
    idx = self.hit_test(event.pos())
  File "G:\AICoding\luscreen\src\screenshot_editor.py", line 418, in hit_test
    fm = QFontMetrics(item['font'])
                      ~~~~^^^^^^^^
KeyError: 'font'

==============================
Crash Time: 2025-12-31 11:06:30.343769
Traceback (most recent call last):
  File "G:\AICoding\luscreen\src\screenshot_editor.py", line 493, in mouseMoveEvent
    idx = self.hit_test(event.pos())
  File "G:\AICoding\luscreen\src\screenshot_editor.py", line 418, in hit_test
    fm = QFontMetrics(item['font'])
                      ~~~~^^^^^^^^
KeyError: 'font'

==============================
Crash Time: 2025-12-31 11:06:30.352355
Traceback (most recent call last):
  File "G:\AICoding\luscreen\src\screenshot_editor.py", line 493, in mouseMoveEvent
    idx = self.hit_test(event.pos())
  File "G:\AICoding\luscreen\src\screenshot_editor.py", line 418, in hit_test
    fm = QFontMetrics(item['font'])
                      ~~~~^^^^^^^^
KeyError: 'font'

==============================
Crash Time: 2025-12-31 11:06:30.368494
Traceback (most recent call last):
  File "G:\AICoding\luscreen\src\screenshot_editor.py", line 493, in mouseMoveEvent
    idx = self.hit_test(event.pos())
  File "G:\AICoding\luscreen\src\screenshot_editor.py", line 418, in hit_test
    fm = QFontMetrics(item['font'])
                      ~~~~^^^^^^^^
KeyError: 'font'

==============================
Crash Time: 2025-12-31 11:06:30.375832
Traceback (most recent call last):
  File "G:\AICoding\luscreen\src\screenshot_editor.py", line 493, in mouseMoveEvent
    idx = self.hit_test(event.pos())
  File "G:\AICoding\luscreen\src\screenshot_editor.py", line 418, in hit_test
    fm = QFontMetrics(item['font'])
                      ~~~~^^^^^^^^
KeyError: 'font'

==============================
Crash Time: 2025-12-31 11:06:30.384508
Traceback (most recent call last):
  File "G:\AICoding\luscreen\src\screenshot_editor.py", line 493, in mouseMoveEvent
    idx = self.hit_test(event.pos())
  File "G:\AICoding\luscreen\src\screenshot_editor.py", line 418, in hit_test
    fm = QFontMetrics(item['font'])
                      ~~~~^^^^^^^^
KeyError: 'font'

==============================
Crash Time: 2025-12-31 11:06:30.391601
Traceback (most recent call last):
  File "G:\AICoding\luscreen\src\screenshot_editor.py", line 493, in mouseMoveEvent
    idx = self.hit_test(event.pos())
  File "G:\AICoding\luscreen\src\screenshot_editor.py", line 418, in hit_test
    fm = QFontMetrics(item['font'])
                      ~~~~^^^^^^^^
KeyError: 'font'

==============================
Crash Time: 2025-12-31 11:06:30.399935
Traceback (most recent call last):
  File "G:\AICoding\luscreen\src\screenshot_editor.py", line 493, in mouseMoveEvent
    idx = self.hit_test(event.pos())
  File "G:\AICoding\luscreen\src\screenshot_editor.py", line 418, in hit_test
    fm = QFontMetrics(item['font'])
                      ~~~~^^^^^^^^
KeyError: 'font'

==============================
Crash Time: 2025-12-31 11:06:30.407562
Traceback (most recent call last):
  File "G:\AICoding\luscreen\src\screenshot_editor.py", line 493, in mouseMoveEvent
    idx = self.hit_test(event.pos())
  File "G:\AICoding\luscreen\src\screenshot_editor.py", line 418, in hit_test
    fm = QFontMetrics(item['font'])
                      ~~~~^^^^^^^^
KeyError: 'font'

==============================
Crash Time: 2025-12-31 11:06:30.415426
Traceback (most recent call last):
  File "G:\AICoding\luscreen\src\screenshot_editor.py", line 493, in mouseMoveEvent
    idx = self.hit_test(event.pos())
  File "G:\AICoding\luscreen\src\screenshot_editor.py", line 418, in hit_test
    fm = QFontMetrics(item['font'])
                      ~~~~^^^^^^^^
KeyError: 'font'

==============================
Crash Time: 2025-12-31 11:06:30.423751
Traceback (most recent call last):
  File "G:\AICoding\luscreen\src\screenshot_editor.py", line 493, in mouseMoveEvent
    idx = self.hit_test(event.pos())
  File "G:\AICoding\luscreen\src\screenshot_editor.py", line 418, in hit_test
    fm = QFontMetrics(item['font'])
                      ~~~~^^^^^^^^
KeyError: 'font'

==============================
Crash Time: 2025-12-31 11:06:30.432043
Traceback (most recent call last):
  File "G:\AICoding\luscreen\src\screenshot_editor.py", line 493, in mouseMoveEvent
    idx = self.hit_test(event.pos())
  File "G:\AICoding\luscreen\src\screenshot_editor.py", line 418, in hit_test
    fm = QFontMetrics(item['font'])
                      ~~~~^^^^^^^^
KeyError: 'font'

==============================
Crash Time: 2025-12-31 11:06:30.439547
Traceback (most recent call last):
  File "G:\AICoding\luscreen\src\screenshot_editor.py", line 493, in mouseMoveEvent
    idx = self.hit_test(event.pos())
  File "G:\AICoding\luscreen\src\screenshot_editor.py", line 418, in hit_test
    fm = QFontMetrics(item['font'])
                      ~~~~^^^^^^^^
KeyError: 'font'

==============================
Crash Time: 2025-12-31 11:06:30.447705
Traceback (most recent call last):
  File "G:\AICoding\luscreen\src\screenshot_editor.py", line 493, in mouseMoveEvent
    idx = self.hit_test(event.pos())
  File "G:\AICoding\luscreen\src\screenshot_editor.py", line 418, in hit_test
    fm = QFontMetrics(item['font'])
                      ~~~~^^^^^^^^
KeyError: 'font'

==============================
Crash Time: 2025-12-31 11:06:30.455763
Traceback (most recent call last):
  File "G:\AICoding\luscreen\src\screenshot_editor.py", line 493, in mouseMoveEvent
    idx = self.hit_test(event.pos())
  File "G:\AICoding\luscreen\src\screenshot_editor.py", line 418, in hit_test
    fm = QFontMetrics(item['font'])
                      ~~~~^^^^^^^^
KeyError: 'font'

==============================
Crash Time: 2025-12-31 11:06:30.463642
Traceback (most recent call last):
  File "G:\AICoding\luscreen\src\screenshot_editor.py", line 493, in mouseMoveEvent
    idx = self.hit_test(event.pos())
  File "G:\AICoding\luscreen\src\screenshot_editor.py", line 418, in hit_test
    fm = QFontMetrics(item['font'])
                      ~~~~^^^^^^^^
KeyError: 'font'

==============================
Crash Time: 2025-12-31 11:06:30.471714
Traceback (most recent call last):
  File "G:\AICoding\luscreen\src\screenshot_editor.py", line 493, in mouseMoveEvent
    idx = self.hit_test(event.pos())
  File "G:\AICoding\luscreen\src\screenshot_editor.py", line 418, in hit_test
    fm = QFontMetrics(item['font'])
                      ~~~~^^^^^^^^
KeyError: 'font'

==============================
Crash Time: 2025-12-31 11:06:30.479959
Traceback (most recent call last):
  File "G:\AICoding\luscreen\src\screenshot_editor.py", line 493, in mouseMoveEvent
    idx = self.hit_test(event.pos())
  File "G:\AICoding\luscreen\src\screenshot_editor.py", line 418, in hit_test
    fm = QFontMetrics(item['font'])
                      ~~~~^^^^^^^^
KeyError: 'font'

==============================
Crash Time: 2025-12-31 11:06:30.487567
Traceback (most recent call last):
  File "G:\AICoding\luscreen\src\screenshot_editor.py", line 493, in mouseMoveEvent
    idx = self.hit_test(event.pos())
  File "G:\AICoding\luscreen\src\screenshot_editor.py", line 418, in hit_test
    fm = QFontMetrics(item['font'])
                      ~~~~^^^^^^^^
KeyError: 'font'

==============================
Crash Time: 2025-12-31 11:06:30.495831
Traceback (most recent call last):
  File "G:\AICoding\luscreen\src\screenshot_editor.py", line 493, in mouseMoveEvent
    idx = self.hit_test(event.pos())
  File "G:\AICoding\luscreen\src\screenshot_editor.py", line 418, in hit_test
    fm = QFontMetrics(item['font'])
                      ~~~~^^^^^^^^
KeyError: 'font'

==============================
Crash Time: 2025-12-31 11:06:30.503560
Traceback (most recent call last):
  File "G:\AICoding\luscreen\src\screenshot_editor.py", line 493, in mouseMoveEvent
    idx = self.hit_test(event.pos())
  File "G:\AICoding\luscreen\src\screenshot_editor.py", line 418, in hit_test
    fm = QFontMetrics(item['font'])
                      ~~~~^^^^^^^^
KeyError: 'font'

==============================
Crash Time: 2025-12-31 11:06:30.511585
Traceback (most recent call last):
  File "G:\AICoding\luscreen\src\screenshot_editor.py", line 493, in mouseMoveEvent
    idx = self.hit_test(event.pos())
  File "G:\AICoding\luscreen\src\screenshot_editor.py", line 418, in hit_test
    fm = QFontMetrics(item['font'])
                      ~~~~^^^^^^^^
KeyError: 'font'

==============================
Crash Time: 2025-12-31 11:06:30.519718
Traceback (most recent call last):
  File "G:\AICoding\luscreen\src\screenshot_editor.py", line 493, in mouseMoveEvent
    idx = self.hit_test(event.pos())
  File "G:\AICoding\luscreen\src\screenshot_editor.py", line 418, in hit_test
    fm = QFontMetrics(item['font'])
                      ~~~~^^^^^^^^
KeyError: 'font'

==============================
Crash Time: 2025-12-31 11:06:30.527552
Traceback (most recent call last):
  File "G:\AICoding\luscreen\src\screenshot_editor.py", line 493, in mouseMoveEvent
    idx = self.hit_test(event.pos())
  File "G:\AICoding\luscreen\src\screenshot_editor.py", line 418, in hit_test
    fm = QFontMetrics(item['font'])
                      ~~~~^^^^^^^^
KeyError: 'font'

==============================
Crash Time: 2025-12-31 11:06:30.535581
Traceback (most recent call last):
  File "G:\AICoding\luscreen\src\screenshot_editor.py", line 493, in mouseMoveEvent
    idx = self.hit_test(event.pos())
  File "G:\AICoding\luscreen\src\screenshot_editor.py", line 418, in hit_test
    fm = QFontMetrics(item['font'])
                      ~~~~^^^^^^^^
KeyError: 'font'

==============================
Crash Time: 2025-12-31 11:06:30.600191
Traceback (most recent call last):
  File "G:\AICoding\luscreen\src\screenshot_editor.py", line 493, in mouseMoveEvent
    idx = self.hit_test(event.pos())
  File "G:\AICoding\luscreen\src\screenshot_editor.py", line 418, in hit_test
    fm = QFontMetrics(item['font'])
                      ~~~~^^^^^^^^
KeyError: 'font'

==============================
Crash Time: 2025-12-31 11:06:32.569453
Traceback (most recent call last):
  File "G:\AICoding\luscreen\src\screenshot_editor.py", line 453, in mousePressEvent
    idx = self.hit_test(event.pos())
  File "G:\AICoding\luscreen\src\screenshot_editor.py", line 418, in hit_test
    fm = QFontMetrics(item['font'])
                      ~~~~^^^^^^^^
KeyError: 'font'

==============================
Crash Time: 2025-12-31 11:06:32.615999
Traceback (most recent call last):
  File "G:\AICoding\luscreen\src\screenshot_editor.py", line 493, in mouseMoveEvent
    idx = self.hit_test(event.pos())
  File "G:\AICoding\luscreen\src\screenshot_editor.py", line 418, in hit_test
    fm = QFontMetrics(item['font'])
                      ~~~~^^^^^^^^
KeyError: 'font'

==============================
Crash Time: 2025-12-31 11:06:32.623589
Traceback (most recent call last):
  File "G:\AICoding\luscreen\src\screenshot_editor.py", line 493, in mouseMoveEvent
    idx = self.hit_test(event.pos())
  File "G:\AICoding\luscreen\src\screenshot_editor.py", line 418, in hit_test
    fm = QFontMetrics(item['font'])
                      ~~~~^^^^^^^^
KeyError: 'font'

==============================
Crash Time: 2025-12-31 11:06:32.631496
Traceback (most recent call last):
  File "G:\AICoding\luscreen\src\screenshot_editor.py", line 493, in mouseMoveEvent
    idx = self.hit_test(event.pos())
  File "G:\AICoding\luscreen\src\screenshot_editor.py", line 418, in hit_test
    fm = QFontMetrics(item['font'])
                      ~~~~^^^^^^^^
KeyError: 'font'

==============================
Crash Time: 2025-12-31 11:06:32.639774
Traceback (most recent call last):
  File "G:\AICoding\luscreen\src\screenshot_editor.py", line 493, in mouseMoveEvent
    idx = self.hit_test(event.pos())
  File "G:\AICoding\luscreen\src\screenshot_editor.py", line 418, in hit_test
    fm = QFontMetrics(item['font'])
                      ~~~~^^^^^^^^
KeyError: 'font'

==============================
Crash Time: 2025-12-31 11:06:32.647717
Traceback (most recent call last):
  File "G:\AICoding\luscreen\src\screenshot_editor.py", line 493, in mouseMoveEvent
    idx = self.hit_test(event.pos())
  File "G:\AICoding\luscreen\src\screenshot_editor.py", line 418, in hit_test
    fm = QFontMetrics(item['font'])
                      ~~~~^^^^^^^^
KeyError: 'font'

==============================
Crash Time: 2025-12-31 11:06:32.655845
Traceback (most recent call last):
  File "G:\AICoding\luscreen\src\screenshot_editor.py", line 493, in mouseMoveEvent
    idx = self.hit_test(event.pos())
  File "G:\AICoding\luscreen\src\screenshot_editor.py", line 418, in hit_test
    fm = QFontMetrics(item['font'])
                      ~~~~^^^^^^^^
KeyError: 'font'

==============================
Crash Time: 2025-12-31 11:06:32.663631
Traceback (most recent call last):
  File "G:\AICoding\luscreen\src\screenshot_editor.py", line 493, in mouseMoveEvent
    idx = self.hit_test(event.pos())
  File "G:\AICoding\luscreen\src\screenshot_editor.py", line 418, in hit_test
    fm = QFontMetrics(item['font'])
                      ~~~~^^^^^^^^
KeyError: 'font'

==============================
Crash Time: 2025-12-31 11:06:32.671667
Traceback (most recent call last):
  File "G:\AICoding\luscreen\src\screenshot_editor.py", line 493, in mouseMoveEvent
    idx = self.hit_test(event.pos())
  File "G:\AICoding\luscreen\src\screenshot_editor.py", line 418, in hit_test
    fm = QFontMetrics(item['font'])
                      ~~~~^^^^^^^^
KeyError: 'font'

==============================
Crash Time: 2025-12-31 11:06:32.679722
Traceback (most recent call last):
  File "G:\AICoding\luscreen\src\screenshot_editor.py", line 493, in mouseMoveEvent
    idx = self.hit_test(event.pos())
  File "G:\AICoding\luscreen\src\screenshot_editor.py", line 418, in hit_test
    fm = QFontMetrics(item['font'])
                      ~~~~^^^^^^^^
KeyError: 'font'

==============================
Crash Time: 2025-12-31 11:06:32.687789
Traceback (most recent call last):
  File "G:\AICoding\luscreen\src\screenshot_editor.py", line 493, in mouseMoveEvent
    idx = self.hit_test(event.pos())
  File "G:\AICoding\luscreen\src\screenshot_editor.py", line 418, in hit_test
    fm = QFontMetrics(item['font'])
                      ~~~~^^^^^^^^
KeyError: 'font'

==============================
Crash Time: 2025-12-31 11:06:32.695966
Traceback (most recent call last):
  File "G:\AICoding\luscreen\src\screenshot_editor.py", line 493, in mouseMoveEvent
    idx = self.hit_test(event.pos())
  File "G:\AICoding\luscreen\src\screenshot_editor.py", line 418, in hit_test
    fm = QFontMetrics(item['font'])
                      ~~~~^^^^^^^^
KeyError: 'font'

==============================
Crash Time: 2025-12-31 11:06:32.703837
Traceback (most recent call last):
  File "G:\AICoding\luscreen\src\screenshot_editor.py", line 493, in mouseMoveEvent
    idx = self.hit_test(event.pos())
  File "G:\AICoding\luscreen\src\screenshot_editor.py", line 418, in hit_test
    fm = QFontMetrics(item['font'])
                      ~~~~^^^^^^^^
KeyError: 'font'

==============================
Crash Time: 2025-12-31 11:06:32.713475
Traceback (most recent call last):
  File "G:\AICoding\luscreen\src\screenshot_editor.py", line 493, in mouseMoveEvent
    idx = self.hit_test(event.pos())
  File "G:\AICoding\luscreen\src\screenshot_editor.py", line 418, in hit_test
    fm = QFontMetrics(item['font'])
                      ~~~~^^^^^^^^
KeyError: 'font'

==============================
Crash Time: 2025-12-31 11:06:32.719861
Traceback (most recent call last):
  File "G:\AICoding\luscreen\src\screenshot_editor.py", line 493, in mouseMoveEvent
    idx = self.hit_test(event.pos())
  File "G:\AICoding\luscreen\src\screenshot_editor.py", line 418, in hit_test
    fm = QFontMetrics(item['font'])
                      ~~~~^^^^^^^^
KeyError: 'font'

==============================
Crash Time: 2025-12-31 11:06:32.728352
Traceback (most recent call last):
  File "G:\AICoding\luscreen\src\screenshot_editor.py", line 493, in mouseMoveEvent
    idx = self.hit_test(event.pos())
  File "G:\AICoding\luscreen\src\screenshot_editor.py", line 418, in hit_test
    fm = QFontMetrics(item['font'])
                      ~~~~^^^^^^^^
KeyError: 'font'

==============================
Crash Time: 2025-12-31 11:06:32.736094
Traceback (most recent call last):
  File "G:\AICoding\luscreen\src\screenshot_editor.py", line 493, in mouseMoveEvent
    idx = self.hit_test(event.pos())
  File "G:\AICoding\luscreen\src\screenshot_editor.py", line 418, in hit_test
    fm = QFontMetrics(item['font'])
                      ~~~~^^^^^^^^
KeyError: 'font'

==============================
Crash Time: 2025-12-31 11:06:32.744485
Traceback (most recent call last):
  File "G:\AICoding\luscreen\src\screenshot_editor.py", line 493, in mouseMoveEvent
    idx = self.hit_test(event.pos())
  File "G:\AICoding\luscreen\src\screenshot_editor.py", line 418, in hit_test
    fm = QFontMetrics(item['font'])
                      ~~~~^^^^^^^^
KeyError: 'font'

==============================
Crash Time: 2025-12-31 11:06:32.752175
Traceback (most recent call last):
  File "G:\AICoding\luscreen\src\screenshot_editor.py", line 493, in mouseMoveEvent
    idx = self.hit_test(event.pos())
  File "G:\AICoding\luscreen\src\screenshot_editor.py", line 418, in hit_test
    fm = QFontMetrics(item['font'])
                      ~~~~^^^^^^^^
KeyError: 'font'

==============================
Crash Time: 2025-12-31 11:06:32.767864
Traceback (most recent call last):
  File "G:\AICoding\luscreen\src\screenshot_editor.py", line 493, in mouseMoveEvent
    idx = self.hit_test(event.pos())
  File "G:\AICoding\luscreen\src\screenshot_editor.py", line 418, in hit_test
    fm = QFontMetrics(item['font'])
                      ~~~~^^^^^^^^
KeyError: 'font'

==============================
Crash Time: 2025-12-31 11:06:33.944011
Traceback (most recent call last):
  File "G:\AICoding\luscreen\src\screenshot_editor.py", line 370, in paintEvent
    draw_item(painter, item)
    ~~~~~~~~~^^^^^^^^^^^^^^^
  File "G:\AICoding\luscreen\src\screenshot_editor.py", line 365, in draw_item
    painter.setFont(item['font'])
                    ~~~~^^^^^^^^
KeyError: 'font'

==============================
Crash Time: 2025-12-31 11:06:33.953401
Traceback (most recent call last):
  File "G:\AICoding\luscreen\src\screenshot_editor.py", line 370, in paintEvent
    draw_item(painter, item)
    ~~~~~~~~~^^^^^^^^^^^^^^^
  File "G:\AICoding\luscreen\src\screenshot_editor.py", line 365, in draw_item
    painter.setFont(item['font'])
                    ~~~~^^^^^^^^
KeyError: 'font'

==============================
Crash Time: 2025-12-31 11:06:33.960115
Traceback (most recent call last):
  File "G:\AICoding\luscreen\src\screenshot_editor.py", line 370, in paintEvent
    draw_item(painter, item)
    ~~~~~~~~~^^^^^^^^^^^^^^^
  File "G:\AICoding\luscreen\src\screenshot_editor.py", line 365, in draw_item
    painter.setFont(item['font'])
                    ~~~~^^^^^^^^
KeyError: 'font'

==============================
Crash Time: 2025-12-31 11:06:33.969198
Traceback (most recent call last):
  File "G:\AICoding\luscreen\src\screenshot_editor.py", line 370, in paintEvent
    draw_item(painter, item)
    ~~~~~~~~~^^^^^^^^^^^^^^^
  File "G:\AICoding\luscreen\src\screenshot_editor.py", line 365, in draw_item
    painter.setFont(item['font'])
                    ~~~~^^^^^^^^
KeyError: 'font'

==============================
Crash Time: 2025-12-31 11:06:33.975848
Traceback (most recent call last):
  File "G:\AICoding\luscreen\src\screenshot_editor.py", line 370, in paintEvent
    draw_item(painter, item)
    ~~~~~~~~~^^^^^^^^^^^^^^^
  File "G:\AICoding\luscreen\src\screenshot_editor.py", line 365, in draw_item
    painter.setFont(item['font'])
                    ~~~~^^^^^^^^
KeyError: 'font'

==============================
Crash Time: 2025-12-31 11:06:33.984308
Traceback (most recent call last):
  File "G:\AICoding\luscreen\src\screenshot_editor.py", line 370, in paintEvent
    draw_item(painter, item)
    ~~~~~~~~~^^^^^^^^^^^^^^^
  File "G:\AICoding\luscreen\src\screenshot_editor.py", line 365, in draw_item
    painter.setFont(item['font'])
                    ~~~~^^^^^^^^
KeyError: 'font'

==============================
Crash Time: 2025-12-31 11:06:33.993015
Traceback (most recent call last):
  File "G:\AICoding\luscreen\src\screenshot_editor.py", line 370, in paintEvent
    draw_item(painter, item)
    ~~~~~~~~~^^^^^^^^^^^^^^^
  File "G:\AICoding\luscreen\src\screenshot_editor.py", line 365, in draw_item
    painter.setFont(item['font'])
                    ~~~~^^^^^^^^
KeyError: 'font'

==============================
Crash Time: 2025-12-31 11:06:33.999849
Traceback (most recent call last):
  File "G:\AICoding\luscreen\src\screenshot_editor.py", line 370, in paintEvent
    draw_item(painter, item)
    ~~~~~~~~~^^^^^^^^^^^^^^^
  File "G:\AICoding\luscreen\src\screenshot_editor.py", line 365, in draw_item
    painter.setFont(item['font'])
                    ~~~~^^^^^^^^
KeyError: 'font'

==============================
Crash Time: 2025-12-31 11:06:34.009417
Traceback (most recent call last):
  File "G:\AICoding\luscreen\src\screenshot_editor.py", line 370, in paintEvent
    draw_item(painter, item)
    ~~~~~~~~~^^^^^^^^^^^^^^^
  File "G:\AICoding\luscreen\src\screenshot_editor.py", line 365, in draw_item
    painter.setFont(item['font'])
                    ~~~~^^^^^^^^
KeyError: 'font'

==============================
Crash Time: 2025-12-31 11:06:34.015814
Traceback (most recent call last):
  File "G:\AICoding\luscreen\src\screenshot_editor.py", line 370, in paintEvent
    draw_item(painter, item)
    ~~~~~~~~~^^^^^^^^^^^^^^^
  File "G:\AICoding\luscreen\src\screenshot_editor.py", line 365, in draw_item
    painter.setFont(item['font'])
                    ~~~~^^^^^^^^
KeyError: 'font'

==============================
Crash Time: 2025-12-31 11:06:34.025060
Traceback (most recent call last):
  File "G:\AICoding\luscreen\src\screenshot_editor.py", line 370, in paintEvent
    draw_item(painter, item)
    ~~~~~~~~~^^^^^^^^^^^^^^^
  File "G:\AICoding\luscreen\src\screenshot_editor.py", line 365, in draw_item
    painter.setFont(item['font'])
                    ~~~~^^^^^^^^
KeyError: 'font'

==============================
Crash Time: 2025-12-31 11:06:34.031737
Traceback (most recent call last):
  File "G:\AICoding\luscreen\src\screenshot_editor.py", line 370, in paintEvent
    draw_item(painter, item)
    ~~~~~~~~~^^^^^^^^^^^^^^^
  File "G:\AICoding\luscreen\src\screenshot_editor.py", line 365, in draw_item
    painter.setFont(item['font'])
                    ~~~~^^^^^^^^
KeyError: 'font'

==============================
Crash Time: 2025-12-31 11:06:34.041587
Traceback (most recent call last):
  File "G:\AICoding\luscreen\src\screenshot_editor.py", line 370, in paintEvent
    draw_item(painter, item)
    ~~~~~~~~~^^^^^^^^^^^^^^^
  File "G:\AICoding\luscreen\src\screenshot_editor.py", line 365, in draw_item
    painter.setFont(item['font'])
                    ~~~~^^^^^^^^
KeyError: 'font'

==============================
Crash Time: 2025-12-31 11:06:34.047882
Traceback (most recent call last):
  File "G:\AICoding\luscreen\src\screenshot_editor.py", line 370, in paintEvent
    draw_item(painter, item)
    ~~~~~~~~~^^^^^^^^^^^^^^^
  File "G:\AICoding\luscreen\src\screenshot_editor.py", line 365, in draw_item
    painter.setFont(item['font'])
                    ~~~~^^^^^^^^
KeyError: 'font'

==============================
Crash Time: 2025-12-31 11:06:34.056928
Traceback (most recent call last):
  File "G:\AICoding\luscreen\src\screenshot_editor.py", line 370, in paintEvent
    draw_item(painter, item)
    ~~~~~~~~~^^^^^^^^^^^^^^^
  File "G:\AICoding\luscreen\src\screenshot_editor.py", line 365, in draw_item
    painter.setFont(item['font'])
                    ~~~~^^^^^^^^
KeyError: 'font'

==============================
Crash Time: 2025-12-31 11:06:34.063801
Traceback (most recent call last):
  File "G:\AICoding\luscreen\src\screenshot_editor.py", line 370, in paintEvent
    draw_item(painter, item)
    ~~~~~~~~~^^^^^^^^^^^^^^^
  File "G:\AICoding\luscreen\src\screenshot_editor.py", line 365, in draw_item
    painter.setFont(item['font'])
                    ~~~~^^^^^^^^
KeyError: 'font'

==============================
Crash Time: 2025-12-31 11:06:34.073389
Traceback (most recent call last):
  File "G:\AICoding\luscreen\src\screenshot_editor.py", line 370, in paintEvent
    draw_item(painter, item)
    ~~~~~~~~~^^^^^^^^^^^^^^^
  File "G:\AICoding\luscreen\src\screenshot_editor.py", line 365, in draw_item
    painter.setFont(item['font'])
                    ~~~~^^^^^^^^
KeyError: 'font'

==============================
Crash Time: 2025-12-31 11:06:34.079872
Traceback (most recent call last):
  File "G:\AICoding\luscreen\src\screenshot_editor.py", line 370, in paintEvent
    draw_item(painter, item)
    ~~~~~~~~~^^^^^^^^^^^^^^^
  File "G:\AICoding\luscreen\src\screenshot_editor.py", line 365, in draw_item
    painter.setFont(item['font'])
                    ~~~~^^^^^^^^
KeyError: 'font'

==============================
Crash Time: 2025-12-31 11:06:34.104044
Traceback (most recent call last):
  File "G:\AICoding\luscreen\src\screenshot_editor.py", line 370, in paintEvent
    draw_item(painter, item)
    ~~~~~~~~~^^^^^^^^^^^^^^^
  File "G:\AICoding\luscreen\src\screenshot_editor.py", line 365, in draw_item
    painter.setFont(item['font'])
                    ~~~~^^^^^^^^
KeyError: 'font'

==============================
Crash Time: 2025-12-31 11:06:34.137260
Traceback (most recent call last):
  File "G:\AICoding\luscreen\src\screenshot_editor.py", line 370, in paintEvent
    draw_item(painter, item)
    ~~~~~~~~~^^^^^^^^^^^^^^^
  File "G:\AICoding\luscreen\src\screenshot_editor.py", line 365, in draw_item
    painter.setFont(item['font'])
                    ~~~~^^^^^^^^
KeyError: 'font'

==============================
Crash Time: 2025-12-31 11:06:34.418188
Traceback (most recent call last):
  File "G:\AICoding\luscreen\src\screenshot_editor.py", line 370, in paintEvent
    draw_item(painter, item)
    ~~~~~~~~~^^^^^^^^^^^^^^^
  File "G:\AICoding\luscreen\src\screenshot_editor.py", line 365, in draw_item
    painter.setFont(item['font'])
                    ~~~~^^^^^^^^
KeyError: 'font'

==============================
Crash Time: 2025-12-31 11:06:35.837954
Traceback (most recent call last):
  File "G:\AICoding\luscreen\src\screenshot_editor.py", line 474, in mousePressEvent
    idx = self.hit_test(event.pos())
  File "G:\AICoding\luscreen\src\screenshot_editor.py", line 418, in hit_test
    fm = QFontMetrics(item['font'])
                      ~~~~^^^^^^^^
KeyError: 'font'

==============================
Crash Time: 2025-12-31 11:06:38.168937
Traceback (most recent call last):
  File "G:\AICoding\luscreen\src\screenshot_editor.py", line 370, in paintEvent
    draw_item(painter, item)
    ~~~~~~~~~^^^^^^^^^^^^^^^
  File "G:\AICoding\luscreen\src\screenshot_editor.py", line 365, in draw_item
    painter.setFont(item['font'])
                    ~~~~^^^^^^^^
KeyError: 'font'

==============================
Crash Time: 2025-12-31 11:06:38.175918
Traceback (most recent call last):
  File "G:\AICoding\luscreen\src\screenshot_editor.py", line 370, in paintEvent
    draw_item(painter, item)
    ~~~~~~~~~^^^^^^^^^^^^^^^
  File "G:\AICoding\luscreen\src\screenshot_editor.py", line 365, in draw_item
    painter.setFont(item['font'])
                    ~~~~^^^^^^^^
KeyError: 'font'

==============================
Crash Time: 2025-12-31 11:06:38.186234
Traceback (most recent call last):
  File "G:\AICoding\luscreen\src\screenshot_editor.py", line 370, in paintEvent
    draw_item(painter, item)
    ~~~~~~~~~^^^^^^^^^^^^^^^
  File "G:\AICoding\luscreen\src\screenshot_editor.py", line 365, in draw_item
    painter.setFont(item['font'])
                    ~~~~^^^^^^^^
KeyError: 'font'

==============================
Crash Time: 2025-12-31 11:06:38.192102
Traceback (most recent call last):
  File "G:\AICoding\luscreen\src\screenshot_editor.py", line 370, in paintEvent
    draw_item(painter, item)
    ~~~~~~~~~^^^^^^^^^^^^^^^
  File "G:\AICoding\luscreen\src\screenshot_editor.py", line 365, in draw_item
    painter.setFont(item['font'])
                    ~~~~^^^^^^^^
KeyError: 'font'

==============================
Crash Time: 2025-12-31 11:06:38.201438
Traceback (most recent call last):
  File "G:\AICoding\luscreen\src\screenshot_editor.py", line 370, in paintEvent
    draw_item(painter, item)
    ~~~~~~~~~^^^^^^^^^^^^^^^
  File "G:\AICoding\luscreen\src\screenshot_editor.py", line 365, in draw_item
    painter.setFont(item['font'])
                    ~~~~^^^^^^^^
KeyError: 'font'

==============================
Crash Time: 2025-12-31 11:06:38.208601
Traceback (most recent call last):
  File "G:\AICoding\luscreen\src\screenshot_editor.py", line 370, in paintEvent
    draw_item(painter, item)
    ~~~~~~~~~^^^^^^^^^^^^^^^
  File "G:\AICoding\luscreen\src\screenshot_editor.py", line 365, in draw_item
    painter.setFont(item['font'])
                    ~~~~^^^^^^^^
KeyError: 'font'

==============================
Crash Time: 2025-12-31 11:06:38.216869
Traceback (most recent call last):
  File "G:\AICoding\luscreen\src\screenshot_editor.py", line 370, in paintEvent
    draw_item(painter, item)
    ~~~~~~~~~^^^^^^^^^^^^^^^
  File "G:\AICoding\luscreen\src\screenshot_editor.py", line 365, in draw_item
    painter.setFont(item['font'])
                    ~~~~^^^^^^^^
KeyError: 'font'

==============================
Crash Time: 2025-12-31 11:06:38.224264
Traceback (most recent call last):
  File "G:\AICoding\luscreen\src\screenshot_editor.py", line 370, in paintEvent
    draw_item(painter, item)
    ~~~~~~~~~^^^^^^^^^^^^^^^
  File "G:\AICoding\luscreen\src\screenshot_editor.py", line 365, in draw_item
    painter.setFont(item['font'])
                    ~~~~^^^^^^^^
KeyError: 'font'

==============================
Crash Time: 2025-12-31 11:06:38.233013
Traceback (most recent call last):
  File "G:\AICoding\luscreen\src\screenshot_editor.py", line 370, in paintEvent
    draw_item(painter, item)
    ~~~~~~~~~^^^^^^^^^^^^^^^
  File "G:\AICoding\luscreen\src\screenshot_editor.py", line 365, in draw_item
    painter.setFont(item['font'])
                    ~~~~^^^^^^^^
KeyError: 'font'

==============================
Crash Time: 2025-12-31 11:06:38.239939
Traceback (most recent call last):
  File "G:\AICoding\luscreen\src\screenshot_editor.py", line 370, in paintEvent
    draw_item(painter, item)
    ~~~~~~~~~^^^^^^^^^^^^^^^
  File "G:\AICoding\luscreen\src\screenshot_editor.py", line 365, in draw_item
    painter.setFont(item['font'])
                    ~~~~^^^^^^^^
KeyError: 'font'

==============================
Crash Time: 2025-12-31 11:06:38.248923
Traceback (most recent call last):
  File "G:\AICoding\luscreen\src\screenshot_editor.py", line 370, in paintEvent
    draw_item(painter, item)
    ~~~~~~~~~^^^^^^^^^^^^^^^
  File "G:\AICoding\luscreen\src\screenshot_editor.py", line 365, in draw_item
    painter.setFont(item['font'])
                    ~~~~^^^^^^^^
KeyError: 'font'

==============================
Crash Time: 2025-12-31 11:06:38.256191
Traceback (most recent call last):
  File "G:\AICoding\luscreen\src\screenshot_editor.py", line 370, in paintEvent
    draw_item(painter, item)
    ~~~~~~~~~^^^^^^^^^^^^^^^
  File "G:\AICoding\luscreen\src\screenshot_editor.py", line 365, in draw_item
    painter.setFont(item['font'])
                    ~~~~^^^^^^^^
KeyError: 'font'

==============================
Crash Time: 2025-12-31 11:06:38.265308
Traceback (most recent call last):
  File "G:\AICoding\luscreen\src\screenshot_editor.py", line 370, in paintEvent
    draw_item(painter, item)
    ~~~~~~~~~^^^^^^^^^^^^^^^
  File "G:\AICoding\luscreen\src\screenshot_editor.py", line 365, in draw_item
    painter.setFont(item['font'])
                    ~~~~^^^^^^^^
KeyError: 'font'

==============================
Crash Time: 2025-12-31 11:06:38.271820
Traceback (most recent call last):
  File "G:\AICoding\luscreen\src\screenshot_editor.py", line 370, in paintEvent
    draw_item(painter, item)
    ~~~~~~~~~^^^^^^^^^^^^^^^
  File "G:\AICoding\luscreen\src\screenshot_editor.py", line 365, in draw_item
    painter.setFont(item['font'])
                    ~~~~^^^^^^^^
KeyError: 'font'

==============================
Crash Time: 2025-12-31 11:06:38.281354
Traceback (most recent call last):
  File "G:\AICoding\luscreen\src\screenshot_editor.py", line 370, in paintEvent
    draw_item(painter, item)
    ~~~~~~~~~^^^^^^^^^^^^^^^
  File "G:\AICoding\luscreen\src\screenshot_editor.py", line 365, in draw_item
    painter.setFont(item['font'])
                    ~~~~^^^^^^^^
KeyError: 'font'

==============================
Crash Time: 2025-12-31 11:06:38.287818
Traceback (most recent call last):
  File "G:\AICoding\luscreen\src\screenshot_editor.py", line 370, in paintEvent
    draw_item(painter, item)
    ~~~~~~~~~^^^^^^^^^^^^^^^
  File "G:\AICoding\luscreen\src\screenshot_editor.py", line 365, in draw_item
    painter.setFont(item['font'])
                    ~~~~^^^^^^^^
KeyError: 'font'

==============================
Crash Time: 2025-12-31 11:06:38.297856
Traceback (most recent call last):
  File "G:\AICoding\luscreen\src\screenshot_editor.py", line 370, in paintEvent
    draw_item(painter, item)
    ~~~~~~~~~^^^^^^^^^^^^^^^
  File "G:\AICoding\luscreen\src\screenshot_editor.py", line 365, in draw_item
    painter.setFont(item['font'])
                    ~~~~^^^^^^^^
KeyError: 'font'

==============================
Crash Time: 2025-12-31 11:06:38.303666
Traceback (most recent call last):
  File "G:\AICoding\luscreen\src\screenshot_editor.py", line 370, in paintEvent
    draw_item(painter, item)
    ~~~~~~~~~^^^^^^^^^^^^^^^
  File "G:\AICoding\luscreen\src\screenshot_editor.py", line 365, in draw_item
    painter.setFont(item['font'])
                    ~~~~^^^^^^^^
KeyError: 'font'

==============================
Crash Time: 2025-12-31 11:06:38.313212
Traceback (most recent call last):
  File "G:\AICoding\luscreen\src\screenshot_editor.py", line 370, in paintEvent
    draw_item(painter, item)
    ~~~~~~~~~^^^^^^^^^^^^^^^
  File "G:\AICoding\luscreen\src\screenshot_editor.py", line 365, in draw_item
    painter.setFont(item['font'])
                    ~~~~^^^^^^^^
KeyError: 'font'

==============================
Crash Time: 2025-12-31 11:06:38.319706
Traceback (most recent call last):
  File "G:\AICoding\luscreen\src\screenshot_editor.py", line 370, in paintEvent
    draw_item(painter, item)
    ~~~~~~~~~^^^^^^^^^^^^^^^
  File "G:\AICoding\luscreen\src\screenshot_editor.py", line 365, in draw_item
    painter.setFont(item['font'])
                    ~~~~^^^^^^^^
KeyError: 'font'

==============================
Crash Time: 2025-12-31 11:06:38.329111
Traceback (most recent call last):
  File "G:\AICoding\luscreen\src\screenshot_editor.py", line 370, in paintEvent
    draw_item(painter, item)
    ~~~~~~~~~^^^^^^^^^^^^^^^
  File "G:\AICoding\luscreen\src\screenshot_editor.py", line 365, in draw_item
    painter.setFont(item['font'])
                    ~~~~^^^^^^^^
KeyError: 'font'

==============================
Crash Time: 2025-12-31 11:06:38.336723
Traceback (most recent call last):
  File "G:\AICoding\luscreen\src\screenshot_editor.py", line 370, in paintEvent
    draw_item(painter, item)
    ~~~~~~~~~^^^^^^^^^^^^^^^
  File "G:\AICoding\luscreen\src\screenshot_editor.py", line 365, in draw_item
    painter.setFont(item['font'])
                    ~~~~^^^^^^^^
KeyError: 'font'

==============================
Crash Time: 2025-12-31 11:06:38.343981
Traceback (most recent call last):
  File "G:\AICoding\luscreen\src\screenshot_editor.py", line 370, in paintEvent
    draw_item(painter, item)
    ~~~~~~~~~^^^^^^^^^^^^^^^
  File "G:\AICoding\luscreen\src\screenshot_editor.py", line 365, in draw_item
    painter.setFont(item['font'])
                    ~~~~^^^^^^^^
KeyError: 'font'

==============================
Crash Time: 2025-12-31 11:06:38.352917
Traceback (most recent call last):
  File "G:\AICoding\luscreen\src\screenshot_editor.py", line 370, in paintEvent
    draw_item(painter, item)
    ~~~~~~~~~^^^^^^^^^^^^^^^
  File "G:\AICoding\luscreen\src\screenshot_editor.py", line 365, in draw_item
    painter.setFont(item['font'])
                    ~~~~^^^^^^^^
KeyError: 'font'

==============================
Crash Time: 2025-12-31 11:06:38.359903
Traceback (most recent call last):
  File "G:\AICoding\luscreen\src\screenshot_editor.py", line 370, in paintEvent
    draw_item(painter, item)
    ~~~~~~~~~^^^^^^^^^^^^^^^
  File "G:\AICoding\luscreen\src\screenshot_editor.py", line 365, in draw_item
    painter.setFont(item['font'])
                    ~~~~^^^^^^^^
KeyError: 'font'

==============================
Crash Time: 2025-12-31 11:06:38.368729
Traceback (most recent call last):
  File "G:\AICoding\luscreen\src\screenshot_editor.py", line 370, in paintEvent
    draw_item(painter, item)
    ~~~~~~~~~^^^^^^^^^^^^^^^
  File "G:\AICoding\luscreen\src\screenshot_editor.py", line 365, in draw_item
    painter.setFont(item['font'])
                    ~~~~^^^^^^^^
KeyError: 'font'

==============================
Crash Time: 2025-12-31 11:06:38.376087
Traceback (most recent call last):
  File "G:\AICoding\luscreen\src\screenshot_editor.py", line 370, in paintEvent
    draw_item(painter, item)
    ~~~~~~~~~^^^^^^^^^^^^^^^
  File "G:\AICoding\luscreen\src\screenshot_editor.py", line 365, in draw_item
    painter.setFont(item['font'])
                    ~~~~^^^^^^^^
KeyError: 'font'

==============================
Crash Time: 2025-12-31 11:06:38.384838
Traceback (most recent call last):
  File "G:\AICoding\luscreen\src\screenshot_editor.py", line 370, in paintEvent
    draw_item(painter, item)
    ~~~~~~~~~^^^^^^^^^^^^^^^
  File "G:\AICoding\luscreen\src\screenshot_editor.py", line 365, in draw_item
    painter.setFont(item['font'])
                    ~~~~^^^^^^^^
KeyError: 'font'

==============================
Crash Time: 2025-12-31 11:06:38.392069
Traceback (most recent call last):
  File "G:\AICoding\luscreen\src\screenshot_editor.py", line 370, in paintEvent
    draw_item(painter, item)
    ~~~~~~~~~^^^^^^^^^^^^^^^
  File "G:\AICoding\luscreen\src\screenshot_editor.py", line 365, in draw_item
    painter.setFont(item['font'])
                    ~~~~^^^^^^^^
KeyError: 'font'

==============================
Crash Time: 2025-12-31 11:06:38.400739
Traceback (most recent call last):
  File "G:\AICoding\luscreen\src\screenshot_editor.py", line 370, in paintEvent
    draw_item(painter, item)
    ~~~~~~~~~^^^^^^^^^^^^^^^
  File "G:\AICoding\luscreen\src\screenshot_editor.py", line 365, in draw_item
    painter.setFont(item['font'])
                    ~~~~^^^^^^^^
KeyError: 'font'

==============================
Crash Time: 2025-12-31 11:06:38.408023
Traceback (most recent call last):
  File "G:\AICoding\luscreen\src\screenshot_editor.py", line 370, in paintEvent
    draw_item(painter, item)
    ~~~~~~~~~^^^^^^^^^^^^^^^
  File "G:\AICoding\luscreen\src\screenshot_editor.py", line 365, in draw_item
    painter.setFont(item['font'])
                    ~~~~^^^^^^^^
KeyError: 'font'

==============================
Crash Time: 2025-12-31 11:06:38.416973
Traceback (most recent call last):
  File "G:\AICoding\luscreen\src\screenshot_editor.py", line 370, in paintEvent
    draw_item(painter, item)
    ~~~~~~~~~^^^^^^^^^^^^^^^
  File "G:\AICoding\luscreen\src\screenshot_editor.py", line 365, in draw_item
    painter.setFont(item['font'])
                    ~~~~^^^^^^^^
KeyError: 'font'

==============================
Crash Time: 2025-12-31 11:06:38.423978
Traceback (most recent call last):
  File "G:\AICoding\luscreen\src\screenshot_editor.py", line 370, in paintEvent
    draw_item(painter, item)
    ~~~~~~~~~^^^^^^^^^^^^^^^
  File "G:\AICoding\luscreen\src\screenshot_editor.py", line 365, in draw_item
    painter.setFont(item['font'])
                    ~~~~^^^^^^^^
KeyError: 'font'

==============================
Crash Time: 2025-12-31 11:06:38.433218
Traceback (most recent call last):
  File "G:\AICoding\luscreen\src\screenshot_editor.py", line 370, in paintEvent
    draw_item(painter, item)
    ~~~~~~~~~^^^^^^^^^^^^^^^
  File "G:\AICoding\luscreen\src\screenshot_editor.py", line 365, in draw_item
    painter.setFont(item['font'])
                    ~~~~^^^^^^^^
KeyError: 'font'

==============================
Crash Time: 2025-12-31 11:06:38.440495
Traceback (most recent call last):
  File "G:\AICoding\luscreen\src\screenshot_editor.py", line 370, in paintEvent
    draw_item(painter, item)
    ~~~~~~~~~^^^^^^^^^^^^^^^
  File "G:\AICoding\luscreen\src\screenshot_editor.py", line 365, in draw_item
    painter.setFont(item['font'])
                    ~~~~^^^^^^^^
KeyError: 'font'

==============================
Crash Time: 2025-12-31 11:06:38.457331
Traceback (most recent call last):
  File "G:\AICoding\luscreen\src\screenshot_editor.py", line 370, in paintEvent
    draw_item(painter, item)
    ~~~~~~~~~^^^^^^^^^^^^^^^
  File "G:\AICoding\luscreen\src\screenshot_editor.py", line 365, in draw_item
    painter.setFont(item['font'])
                    ~~~~^^^^^^^^
KeyError: 'font'

==============================
Crash Time: 2025-12-31 11:06:38.481211
Traceback (most recent call last):
  File "G:\AICoding\luscreen\src\screenshot_editor.py", line 370, in paintEvent
    draw_item(painter, item)
    ~~~~~~~~~^^^^^^^^^^^^^^^
  File "G:\AICoding\luscreen\src\screenshot_editor.py", line 365, in draw_item
    painter.setFont(item['font'])
                    ~~~~^^^^^^^^
KeyError: 'font'

==============================
Crash Time: 2025-12-31 11:06:38.487752
Traceback (most recent call last):
  File "G:\AICoding\luscreen\src\screenshot_editor.py", line 370, in paintEvent
    draw_item(painter, item)
    ~~~~~~~~~^^^^^^^^^^^^^^^
  File "G:\AICoding\luscreen\src\screenshot_editor.py", line 365, in draw_item
    painter.setFont(item['font'])
                    ~~~~^^^^^^^^
KeyError: 'font'

==============================
Crash Time: 2025-12-31 11:06:38.583989
Traceback (most recent call last):
  File "G:\AICoding\luscreen\src\screenshot_editor.py", line 370, in paintEvent
    draw_item(painter, item)
    ~~~~~~~~~^^^^^^^^^^^^^^^
  File "G:\AICoding\luscreen\src\screenshot_editor.py", line 365, in draw_item
    painter.setFont(item['font'])
                    ~~~~^^^^^^^^
KeyError: 'font'

==============================
Crash Time: 2025-12-31 11:06:38.681147
Traceback (most recent call last):
  File "G:\AICoding\luscreen\src\screenshot_editor.py", line 370, in paintEvent
    draw_item(painter, item)
    ~~~~~~~~~^^^^^^^^^^^^^^^
  File "G:\AICoding\luscreen\src\screenshot_editor.py", line 365, in draw_item
    painter.setFont(item['font'])
                    ~~~~^^^^^^^^
KeyError: 'font'

==============================
Crash Time: 2025-12-31 11:06:38.697694
Traceback (most recent call last):
  File "G:\AICoding\luscreen\src\screenshot_editor.py", line 370, in paintEvent
    draw_item(painter, item)
    ~~~~~~~~~^^^^^^^^^^^^^^^
  File "G:\AICoding\luscreen\src\screenshot_editor.py", line 365, in draw_item
    painter.setFont(item['font'])
                    ~~~~^^^^^^^^
KeyError: 'font'

==============================
Crash Time: 2025-12-31 11:06:38.704047
Traceback (most recent call last):
  File "G:\AICoding\luscreen\src\screenshot_editor.py", line 370, in paintEvent
    draw_item(painter, item)
    ~~~~~~~~~^^^^^^^^^^^^^^^
  File "G:\AICoding\luscreen\src\screenshot_editor.py", line 365, in draw_item
    painter.setFont(item['font'])
                    ~~~~^^^^^^^^
KeyError: 'font'

==============================
Crash Time: 2025-12-31 11:06:38.721534
Traceback (most recent call last):
  File "G:\AICoding\luscreen\src\screenshot_editor.py", line 370, in paintEvent
    draw_item(painter, item)
    ~~~~~~~~~^^^^^^^^^^^^^^^
  File "G:\AICoding\luscreen\src\screenshot_editor.py", line 365, in draw_item
    painter.setFont(item['font'])
                    ~~~~^^^^^^^^
KeyError: 'font'

==============================
Crash Time: 2025-12-31 11:06:38.737408
Traceback (most recent call last):
  File "G:\AICoding\luscreen\src\screenshot_editor.py", line 370, in paintEvent
    draw_item(painter, item)
    ~~~~~~~~~^^^^^^^^^^^^^^^
  File "G:\AICoding\luscreen\src\screenshot_editor.py", line 365, in draw_item
    painter.setFont(item['font'])
                    ~~~~^^^^^^^^
KeyError: 'font'

==============================
Crash Time: 2025-12-31 11:06:38.769005
Traceback (most recent call last):
  File "G:\AICoding\luscreen\src\screenshot_editor.py", line 370, in paintEvent
    draw_item(painter, item)
    ~~~~~~~~~^^^^^^^^^^^^^^^
  File "G:\AICoding\luscreen\src\screenshot_editor.py", line 365, in draw_item
    painter.setFont(item['font'])
                    ~~~~^^^^^^^^
KeyError: 'font'

==============================
Crash Time: 2025-12-31 11:06:38.793241
Traceback (most recent call last):
  File "G:\AICoding\luscreen\src\screenshot_editor.py", line 370, in paintEvent
    draw_item(painter, item)
    ~~~~~~~~~^^^^^^^^^^^^^^^
  File "G:\AICoding\luscreen\src\screenshot_editor.py", line 365, in draw_item
    painter.setFont(item['font'])
                    ~~~~^^^^^^^^
KeyError: 'font'

==============================
Crash Time: 2025-12-31 11:06:38.799814
Traceback (most recent call last):
  File "G:\AICoding\luscreen\src\screenshot_editor.py", line 370, in paintEvent
    draw_item(painter, item)
    ~~~~~~~~~^^^^^^^^^^^^^^^
  File "G:\AICoding\luscreen\src\screenshot_editor.py", line 365, in draw_item
    painter.setFont(item['font'])
                    ~~~~^^^^^^^^
KeyError: 'font'

==============================
Crash Time: 2025-12-31 11:06:38.809200
Traceback (most recent call last):
  File "G:\AICoding\luscreen\src\screenshot_editor.py", line 370, in paintEvent
    draw_item(painter, item)
    ~~~~~~~~~^^^^^^^^^^^^^^^
  File "G:\AICoding\luscreen\src\screenshot_editor.py", line 365, in draw_item
    painter.setFont(item['font'])
                    ~~~~^^^^^^^^
KeyError: 'font'

==============================
Crash Time: 2025-12-31 11:06:38.815780
Traceback (most recent call last):
  File "G:\AICoding\luscreen\src\screenshot_editor.py", line 370, in paintEvent
    draw_item(painter, item)
    ~~~~~~~~~^^^^^^^^^^^^^^^
  File "G:\AICoding\luscreen\src\screenshot_editor.py", line 365, in draw_item
    painter.setFont(item['font'])
                    ~~~~^^^^^^^^
KeyError: 'font'

==============================
Crash Time: 2025-12-31 11:06:38.824187
Traceback (most recent call last):
  File "G:\AICoding\luscreen\src\screenshot_editor.py", line 370, in paintEvent
    draw_item(painter, item)
    ~~~~~~~~~^^^^^^^^^^^^^^^
  File "G:\AICoding\luscreen\src\screenshot_editor.py", line 365, in draw_item
    painter.setFont(item['font'])
                    ~~~~^^^^^^^^
KeyError: 'font'

==============================
Crash Time: 2025-12-31 11:06:38.831781
Traceback (most recent call last):
  File "G:\AICoding\luscreen\src\screenshot_editor.py", line 370, in paintEvent
    draw_item(painter, item)
    ~~~~~~~~~^^^^^^^^^^^^^^^
  File "G:\AICoding\luscreen\src\screenshot_editor.py", line 365, in draw_item
    painter.setFont(item['font'])
                    ~~~~^^^^^^^^
KeyError: 'font'

==============================
Crash Time: 2025-12-31 11:06:38.840428
Traceback (most recent call last):
  File "G:\AICoding\luscreen\src\screenshot_editor.py", line 370, in paintEvent
    draw_item(painter, item)
    ~~~~~~~~~^^^^^^^^^^^^^^^
  File "G:\AICoding\luscreen\src\screenshot_editor.py", line 365, in draw_item
    painter.setFont(item['font'])
                    ~~~~^^^^^^^^
KeyError: 'font'

==============================
Crash Time: 2025-12-31 11:06:38.847753
Traceback (most recent call last):
  File "G:\AICoding\luscreen\src\screenshot_editor.py", line 370, in paintEvent
    draw_item(painter, item)
    ~~~~~~~~~^^^^^^^^^^^^^^^
  File "G:\AICoding\luscreen\src\screenshot_editor.py", line 365, in draw_item
    painter.setFont(item['font'])
                    ~~~~^^^^^^^^
KeyError: 'font'

==============================
Crash Time: 2025-12-31 11:06:38.856736
Traceback (most recent call last):
  File "G:\AICoding\luscreen\src\screenshot_editor.py", line 370, in paintEvent
    draw_item(painter, item)
    ~~~~~~~~~^^^^^^^^^^^^^^^
  File "G:\AICoding\luscreen\src\screenshot_editor.py", line 365, in draw_item
    painter.setFont(item['font'])
                    ~~~~^^^^^^^^
KeyError: 'font'

==============================
Crash Time: 2025-12-31 11:06:38.864151
Traceback (most recent call last):
  File "G:\AICoding\luscreen\src\screenshot_editor.py", line 370, in paintEvent
    draw_item(painter, item)
    ~~~~~~~~~^^^^^^^^^^^^^^^
  File "G:\AICoding\luscreen\src\screenshot_editor.py", line 365, in draw_item
    painter.setFont(item['font'])
                    ~~~~^^^^^^^^
KeyError: 'font'

==============================
Crash Time: 2025-12-31 11:06:38.873517
Traceback (most recent call last):
  File "G:\AICoding\luscreen\src\screenshot_editor.py", line 370, in paintEvent
    draw_item(painter, item)
    ~~~~~~~~~^^^^^^^^^^^^^^^
  File "G:\AICoding\luscreen\src\screenshot_editor.py", line 365, in draw_item
    painter.setFont(item['font'])
                    ~~~~^^^^^^^^
KeyError: 'font'

==============================
Crash Time: 2025-12-31 11:06:38.879811
Traceback (most recent call last):
  File "G:\AICoding\luscreen\src\screenshot_editor.py", line 370, in paintEvent
    draw_item(painter, item)
    ~~~~~~~~~^^^^^^^^^^^^^^^
  File "G:\AICoding\luscreen\src\screenshot_editor.py", line 365, in draw_item
    painter.setFont(item['font'])
                    ~~~~^^^^^^^^
KeyError: 'font'

==============================
Crash Time: 2025-12-31 11:06:38.889316
Traceback (most recent call last):
  File "G:\AICoding\luscreen\src\screenshot_editor.py", line 370, in paintEvent
    draw_item(painter, item)
    ~~~~~~~~~^^^^^^^^^^^^^^^
  File "G:\AICoding\luscreen\src\screenshot_editor.py", line 365, in draw_item
    painter.setFont(item['font'])
                    ~~~~^^^^^^^^
KeyError: 'font'

==============================
Crash Time: 2025-12-31 11:06:38.895915
Traceback (most recent call last):
  File "G:\AICoding\luscreen\src\screenshot_editor.py", line 370, in paintEvent
    draw_item(painter, item)
    ~~~~~~~~~^^^^^^^^^^^^^^^
  File "G:\AICoding\luscreen\src\screenshot_editor.py", line 365, in draw_item
    painter.setFont(item['font'])
                    ~~~~^^^^^^^^
KeyError: 'font'

==============================
Crash Time: 2025-12-31 11:06:38.904543
Traceback (most recent call last):
  File "G:\AICoding\luscreen\src\screenshot_editor.py", line 370, in paintEvent
    draw_item(painter, item)
    ~~~~~~~~~^^^^^^^^^^^^^^^
  File "G:\AICoding\luscreen\src\screenshot_editor.py", line 365, in draw_item
    painter.setFont(item['font'])
                    ~~~~^^^^^^^^
KeyError: 'font'

==============================
Crash Time: 2025-12-31 11:06:38.911878
Traceback (most recent call last):
  File "G:\AICoding\luscreen\src\screenshot_editor.py", line 370, in paintEvent
    draw_item(painter, item)
    ~~~~~~~~~^^^^^^^^^^^^^^^
  File "G:\AICoding\luscreen\src\screenshot_editor.py", line 365, in draw_item
    painter.setFont(item['font'])
                    ~~~~^^^^^^^^
KeyError: 'font'

==============================
Crash Time: 2025-12-31 11:06:38.921273
Traceback (most recent call last):
  File "G:\AICoding\luscreen\src\screenshot_editor.py", line 370, in paintEvent
    draw_item(painter, item)
    ~~~~~~~~~^^^^^^^^^^^^^^^
  File "G:\AICoding\luscreen\src\screenshot_editor.py", line 365, in draw_item
    painter.setFont(item['font'])
                    ~~~~^^^^^^^^
KeyError: 'font'

==============================
Crash Time: 2025-12-31 11:06:38.944547
Traceback (most recent call last):
  File "G:\AICoding\luscreen\src\screenshot_editor.py", line 370, in paintEvent
    draw_item(painter, item)
    ~~~~~~~~~^^^^^^^^^^^^^^^
  File "G:\AICoding\luscreen\src\screenshot_editor.py", line 365, in draw_item
    painter.setFont(item['font'])
                    ~~~~^^^^^^^^
KeyError: 'font'

==============================
Crash Time: 2025-12-31 11:06:38.953177
Traceback (most recent call last):
  File "G:\AICoding\luscreen\src\screenshot_editor.py", line 370, in paintEvent
    draw_item(painter, item)
    ~~~~~~~~~^^^^^^^^^^^^^^^
  File "G:\AICoding\luscreen\src\screenshot_editor.py", line 365, in draw_item
    painter.setFont(item['font'])
                    ~~~~^^^^^^^^
KeyError: 'font'

==============================
Crash Time: 2025-12-31 11:06:39.026636
Traceback (most recent call last):
  File "G:\AICoding\luscreen\src\screenshot_editor.py", line 370, in paintEvent
    draw_item(painter, item)
    ~~~~~~~~~^^^^^^^^^^^^^^^
  File "G:\AICoding\luscreen\src\screenshot_editor.py", line 365, in draw_item
    painter.setFont(item['font'])
                    ~~~~^^^^^^^^
KeyError: 'font'

==============================
Crash Time: 2025-12-31 11:06:41.343859
Traceback (most recent call last):
  File "G:\AICoding\luscreen\src\screenshot_editor.py", line 370, in paintEvent
    draw_item(painter, item)
    ~~~~~~~~~^^^^^^^^^^^^^^^
  File "G:\AICoding\luscreen\src\screenshot_editor.py", line 365, in draw_item
    painter.setFont(item['font'])
                    ~~~~^^^^^^^^
KeyError: 'font'

==============================
Crash Time: 2025-12-31 11:06:41.353170
Traceback (most recent call last):
  File "G:\AICoding\luscreen\src\screenshot_editor.py", line 370, in paintEvent
    draw_item(painter, item)
    ~~~~~~~~~^^^^^^^^^^^^^^^
  File "G:\AICoding\luscreen\src\screenshot_editor.py", line 365, in draw_item
    painter.setFont(item['font'])
                    ~~~~^^^^^^^^
KeyError: 'font'

==============================
Crash Time: 2025-12-31 11:06:41.360582
Traceback (most recent call last):
  File "G:\AICoding\luscreen\src\screenshot_editor.py", line 370, in paintEvent
    draw_item(painter, item)
    ~~~~~~~~~^^^^^^^^^^^^^^^
  File "G:\AICoding\luscreen\src\screenshot_editor.py", line 365, in draw_item
    painter.setFont(item['font'])
                    ~~~~^^^^^^^^
KeyError: 'font'

==============================
Crash Time: 2025-12-31 11:06:41.369190
Traceback (most recent call last):
  File "G:\AICoding\luscreen\src\screenshot_editor.py", line 370, in paintEvent
    draw_item(painter, item)
    ~~~~~~~~~^^^^^^^^^^^^^^^
  File "G:\AICoding\luscreen\src\screenshot_editor.py", line 365, in draw_item
    painter.setFont(item['font'])
                    ~~~~^^^^^^^^
KeyError: 'font'

==============================
Crash Time: 2025-12-31 11:06:41.376049
Traceback (most recent call last):
  File "G:\AICoding\luscreen\src\screenshot_editor.py", line 370, in paintEvent
    draw_item(painter, item)
    ~~~~~~~~~^^^^^^^^^^^^^^^
  File "G:\AICoding\luscreen\src\screenshot_editor.py", line 365, in draw_item
    painter.setFont(item['font'])
                    ~~~~^^^^^^^^
KeyError: 'font'

==============================
Crash Time: 2025-12-31 11:06:41.385297
Traceback (most recent call last):
  File "G:\AICoding\luscreen\src\screenshot_editor.py", line 370, in paintEvent
    draw_item(painter, item)
    ~~~~~~~~~^^^^^^^^^^^^^^^
  File "G:\AICoding\luscreen\src\screenshot_editor.py", line 365, in draw_item
    painter.setFont(item['font'])
                    ~~~~^^^^^^^^
KeyError: 'font'

==============================
Crash Time: 2025-12-31 11:06:41.391938
Traceback (most recent call last):
  File "G:\AICoding\luscreen\src\screenshot_editor.py", line 370, in paintEvent
    draw_item(painter, item)
    ~~~~~~~~~^^^^^^^^^^^^^^^
  File "G:\AICoding\luscreen\src\screenshot_editor.py", line 365, in draw_item
    painter.setFont(item['font'])
                    ~~~~^^^^^^^^
KeyError: 'font'

==============================
Crash Time: 2025-12-31 11:06:41.401253
Traceback (most recent call last):
  File "G:\AICoding\luscreen\src\screenshot_editor.py", line 370, in paintEvent
    draw_item(painter, item)
    ~~~~~~~~~^^^^^^^^^^^^^^^
  File "G:\AICoding\luscreen\src\screenshot_editor.py", line 365, in draw_item
    painter.setFont(item['font'])
                    ~~~~^^^^^^^^
KeyError: 'font'

==============================
Crash Time: 2025-12-31 11:06:41.407719
Traceback (most recent call last):
  File "G:\AICoding\luscreen\src\screenshot_editor.py", line 370, in paintEvent
    draw_item(painter, item)
    ~~~~~~~~~^^^^^^^^^^^^^^^
  File "G:\AICoding\luscreen\src\screenshot_editor.py", line 365, in draw_item
    painter.setFont(item['font'])
                    ~~~~^^^^^^^^
KeyError: 'font'

==============================
Crash Time: 2025-12-31 11:06:41.417362
Traceback (most recent call last):
  File "G:\AICoding\luscreen\src\screenshot_editor.py", line 370, in paintEvent
    draw_item(painter, item)
    ~~~~~~~~~^^^^^^^^^^^^^^^
  File "G:\AICoding\luscreen\src\screenshot_editor.py", line 365, in draw_item
    painter.setFont(item['font'])
                    ~~~~^^^^^^^^
KeyError: 'font'

==============================
Crash Time: 2025-12-31 11:06:41.423818
Traceback (most recent call last):
  File "G:\AICoding\luscreen\src\screenshot_editor.py", line 370, in paintEvent
    draw_item(painter, item)
    ~~~~~~~~~^^^^^^^^^^^^^^^
  File "G:\AICoding\luscreen\src\screenshot_editor.py", line 365, in draw_item
    painter.setFont(item['font'])
                    ~~~~^^^^^^^^
KeyError: 'font'

==============================
Crash Time: 2025-12-31 11:06:41.433670
Traceback (most recent call last):
  File "G:\AICoding\luscreen\src\screenshot_editor.py", line 370, in paintEvent
    draw_item(painter, item)
    ~~~~~~~~~^^^^^^^^^^^^^^^
  File "G:\AICoding\luscreen\src\screenshot_editor.py", line 365, in draw_item
    painter.setFont(item['font'])
                    ~~~~^^^^^^^^
KeyError: 'font'

==============================
Crash Time: 2025-12-31 11:06:41.439779
Traceback (most recent call last):
  File "G:\AICoding\luscreen\src\screenshot_editor.py", line 370, in paintEvent
    draw_item(painter, item)
    ~~~~~~~~~^^^^^^^^^^^^^^^
  File "G:\AICoding\luscreen\src\screenshot_editor.py", line 365, in draw_item
    painter.setFont(item['font'])
                    ~~~~^^^^^^^^
KeyError: 'font'

==============================
Crash Time: 2025-12-31 11:06:41.449040
Traceback (most recent call last):
  File "G:\AICoding\luscreen\src\screenshot_editor.py", line 370, in paintEvent
    draw_item(painter, item)
    ~~~~~~~~~^^^^^^^^^^^^^^^
  File "G:\AICoding\luscreen\src\screenshot_editor.py", line 365, in draw_item
    painter.setFont(item['font'])
                    ~~~~^^^^^^^^
KeyError: 'font'

==============================
Crash Time: 2025-12-31 11:06:41.455826
Traceback (most recent call last):
  File "G:\AICoding\luscreen\src\screenshot_editor.py", line 370, in paintEvent
    draw_item(painter, item)
    ~~~~~~~~~^^^^^^^^^^^^^^^
  File "G:\AICoding\luscreen\src\screenshot_editor.py", line 365, in draw_item
    painter.setFont(item['font'])
                    ~~~~^^^^^^^^
KeyError: 'font'

==============================
Crash Time: 2025-12-31 11:06:41.465435
Traceback (most recent call last):
  File "G:\AICoding\luscreen\src\screenshot_editor.py", line 370, in paintEvent
    draw_item(painter, item)
    ~~~~~~~~~^^^^^^^^^^^^^^^
  File "G:\AICoding\luscreen\src\screenshot_editor.py", line 365, in draw_item
    painter.setFont(item['font'])
                    ~~~~^^^^^^^^
KeyError: 'font'

==============================
Crash Time: 2025-12-31 11:06:41.472020
Traceback (most recent call last):
  File "G:\AICoding\luscreen\src\screenshot_editor.py", line 370, in paintEvent
    draw_item(painter, item)
    ~~~~~~~~~^^^^^^^^^^^^^^^
  File "G:\AICoding\luscreen\src\screenshot_editor.py", line 365, in draw_item
    painter.setFont(item['font'])
                    ~~~~^^^^^^^^
KeyError: 'font'

==============================
Crash Time: 2025-12-31 11:06:41.481262
Traceback (most recent call last):
  File "G:\AICoding\luscreen\src\screenshot_editor.py", line 370, in paintEvent
    draw_item(painter, item)
    ~~~~~~~~~^^^^^^^^^^^^^^^
  File "G:\AICoding\luscreen\src\screenshot_editor.py", line 365, in draw_item
    painter.setFont(item['font'])
                    ~~~~^^^^^^^^
KeyError: 'font'

==============================
Crash Time: 2025-12-31 11:06:41.487835
Traceback (most recent call last):
  File "G:\AICoding\luscreen\src\screenshot_editor.py", line 370, in paintEvent
    draw_item(painter, item)
    ~~~~~~~~~^^^^^^^^^^^^^^^
  File "G:\AICoding\luscreen\src\screenshot_editor.py", line 365, in draw_item
    painter.setFont(item['font'])
                    ~~~~^^^^^^^^
KeyError: 'font'

==============================
Crash Time: 2025-12-31 11:06:41.497399
Traceback (most recent call last):
  File "G:\AICoding\luscreen\src\screenshot_editor.py", line 370, in paintEvent
    draw_item(painter, item)
    ~~~~~~~~~^^^^^^^^^^^^^^^
  File "G:\AICoding\luscreen\src\screenshot_editor.py", line 365, in draw_item
    painter.setFont(item['font'])
                    ~~~~^^^^^^^^
KeyError: 'font'

==============================
Crash Time: 2025-12-31 11:06:41.503858
Traceback (most recent call last):
  File "G:\AICoding\luscreen\src\screenshot_editor.py", line 370, in paintEvent
    draw_item(painter, item)
    ~~~~~~~~~^^^^^^^^^^^^^^^
  File "G:\AICoding\luscreen\src\screenshot_editor.py", line 365, in draw_item
    painter.setFont(item['font'])
                    ~~~~^^^^^^^^
KeyError: 'font'

==============================
Crash Time: 2025-12-31 11:06:41.511931
Traceback (most recent call last):
  File "G:\AICoding\luscreen\src\screenshot_editor.py", line 370, in paintEvent
    draw_item(painter, item)
    ~~~~~~~~~^^^^^^^^^^^^^^^
  File "G:\AICoding\luscreen\src\screenshot_editor.py", line 365, in draw_item
    painter.setFont(item['font'])
                    ~~~~^^^^^^^^
KeyError: 'font'

==============================
Crash Time: 2025-12-31 11:06:41.519721
Traceback (most recent call last):
  File "G:\AICoding\luscreen\src\screenshot_editor.py", line 370, in paintEvent
    draw_item(painter, item)
    ~~~~~~~~~^^^^^^^^^^^^^^^
  File "G:\AICoding\luscreen\src\screenshot_editor.py", line 365, in draw_item
    painter.setFont(item['font'])
                    ~~~~^^^^^^^^
KeyError: 'font'

==============================
Crash Time: 2025-12-31 11:06:41.528054
Traceback (most recent call last):
  File "G:\AICoding\luscreen\src\screenshot_editor.py", line 370, in paintEvent
    draw_item(painter, item)
    ~~~~~~~~~^^^^^^^^^^^^^^^
  File "G:\AICoding\luscreen\src\screenshot_editor.py", line 365, in draw_item
    painter.setFont(item['font'])
                    ~~~~^^^^^^^^
KeyError: 'font'

==============================
Crash Time: 2025-12-31 11:06:41.535706
Traceback (most recent call last):
  File "G:\AICoding\luscreen\src\screenshot_editor.py", line 370, in paintEvent
    draw_item(painter, item)
    ~~~~~~~~~^^^^^^^^^^^^^^^
  File "G:\AICoding\luscreen\src\screenshot_editor.py", line 365, in draw_item
    painter.setFont(item['font'])
                    ~~~~^^^^^^^^
KeyError: 'font'

==============================
Crash Time: 2025-12-31 11:06:41.544129
Traceback (most recent call last):
  File "G:\AICoding\luscreen\src\screenshot_editor.py", line 370, in paintEvent
    draw_item(painter, item)
    ~~~~~~~~~^^^^^^^^^^^^^^^
  File "G:\AICoding\luscreen\src\screenshot_editor.py", line 365, in draw_item
    painter.setFont(item['font'])
                    ~~~~^^^^^^^^
KeyError: 'font'

==============================
Crash Time: 2025-12-31 11:06:41.551722
Traceback (most recent call last):
  File "G:\AICoding\luscreen\src\screenshot_editor.py", line 370, in paintEvent
    draw_item(painter, item)
    ~~~~~~~~~^^^^^^^^^^^^^^^
  File "G:\AICoding\luscreen\src\screenshot_editor.py", line 365, in draw_item
    painter.setFont(item['font'])
                    ~~~~^^^^^^^^
KeyError: 'font'

==============================
Crash Time: 2025-12-31 11:06:41.560142
Traceback (most recent call last):
  File "G:\AICoding\luscreen\src\screenshot_editor.py", line 370, in paintEvent
    draw_item(painter, item)
    ~~~~~~~~~^^^^^^^^^^^^^^^
  File "G:\AICoding\luscreen\src\screenshot_editor.py", line 365, in draw_item
    painter.setFont(item['font'])
                    ~~~~^^^^^^^^
KeyError: 'font'

==============================
Crash Time: 2025-12-31 11:06:41.568140
Traceback (most recent call last):
  File "G:\AICoding\luscreen\src\screenshot_editor.py", line 370, in paintEvent
    draw_item(painter, item)
    ~~~~~~~~~^^^^^^^^^^^^^^^
  File "G:\AICoding\luscreen\src\screenshot_editor.py", line 365, in draw_item
    painter.setFont(item['font'])
                    ~~~~^^^^^^^^
KeyError: 'font'

==============================
Crash Time: 2025-12-31 11:06:41.576045
Traceback (most recent call last):
  File "G:\AICoding\luscreen\src\screenshot_editor.py", line 370, in paintEvent
    draw_item(painter, item)
    ~~~~~~~~~^^^^^^^^^^^^^^^
  File "G:\AICoding\luscreen\src\screenshot_editor.py", line 365, in draw_item
    painter.setFont(item['font'])
                    ~~~~^^^^^^^^
KeyError: 'font'

==============================
Crash Time: 2025-12-31 11:06:41.592155
Traceback (most recent call last):
  File "G:\AICoding\luscreen\src\screenshot_editor.py", line 370, in paintEvent
    draw_item(painter, item)
    ~~~~~~~~~^^^^^^^^^^^^^^^
  File "G:\AICoding\luscreen\src\screenshot_editor.py", line 365, in draw_item
    painter.setFont(item['font'])
                    ~~~~^^^^^^^^
KeyError: 'font'

==============================
Crash Time: 2025-12-31 11:06:41.600042
Traceback (most recent call last):
  File "G:\AICoding\luscreen\src\screenshot_editor.py", line 370, in paintEvent
    draw_item(painter, item)
    ~~~~~~~~~^^^^^^^^^^^^^^^
  File "G:\AICoding\luscreen\src\screenshot_editor.py", line 365, in draw_item
    painter.setFont(item['font'])
                    ~~~~^^^^^^^^
KeyError: 'font'

==============================
Crash Time: 2025-12-31 11:06:41.615896
Traceback (most recent call last):
  File "G:\AICoding\luscreen\src\screenshot_editor.py", line 370, in paintEvent
    draw_item(painter, item)
    ~~~~~~~~~^^^^^^^^^^^^^^^
  File "G:\AICoding\luscreen\src\screenshot_editor.py", line 365, in draw_item
    painter.setFont(item['font'])
                    ~~~~^^^^^^^^
KeyError: 'font'

==============================
Crash Time: 2025-12-31 11:06:41.623813
Traceback (most recent call last):
  File "G:\AICoding\luscreen\src\screenshot_editor.py", line 370, in paintEvent
    draw_item(painter, item)
    ~~~~~~~~~^^^^^^^^^^^^^^^
  File "G:\AICoding\luscreen\src\screenshot_editor.py", line 365, in draw_item
    painter.setFont(item['font'])
                    ~~~~^^^^^^^^
KeyError: 'font'

==============================
Crash Time: 2025-12-31 11:06:41.672907
Traceback (most recent call last):
  File "G:\AICoding\luscreen\src\screenshot_editor.py", line 370, in paintEvent
    draw_item(painter, item)
    ~~~~~~~~~^^^^^^^^^^^^^^^
  File "G:\AICoding\luscreen\src\screenshot_editor.py", line 365, in draw_item
    painter.setFont(item['font'])
                    ~~~~^^^^^^^^
KeyError: 'font'

==============================
Crash Time: 2025-12-31 11:06:41.690435
Traceback (most recent call last):
  File "G:\AICoding\luscreen\src\screenshot_editor.py", line 370, in paintEvent
    draw_item(painter, item)
    ~~~~~~~~~^^^^^^^^^^^^^^^
  File "G:\AICoding\luscreen\src\screenshot_editor.py", line 365, in draw_item
    painter.setFont(item['font'])
                    ~~~~^^^^^^^^
KeyError: 'font'

==============================
Crash Time: 2025-12-31 11:06:45.764570
Traceback (most recent call last):
  File "G:\AICoding\luscreen\src\screenshot_editor.py", line 453, in mousePressEvent
    idx = self.hit_test(event.pos())
  File "G:\AICoding\luscreen\src\screenshot_editor.py", line 418, in hit_test
    fm = QFontMetrics(item['font'])
                      ~~~~^^^^^^^^
KeyError: 'font'

==============================
Crash Time: 2025-12-31 11:06:45.839935
Traceback (most recent call last):
  File "G:\AICoding\luscreen\src\screenshot_editor.py", line 493, in mouseMoveEvent
    idx = self.hit_test(event.pos())
  File "G:\AICoding\luscreen\src\screenshot_editor.py", line 418, in hit_test
    fm = QFontMetrics(item['font'])
                      ~~~~^^^^^^^^
KeyError: 'font'

==============================
Crash Time: 2025-12-31 11:06:45.847916
Traceback (most recent call last):
  File "G:\AICoding\luscreen\src\screenshot_editor.py", line 493, in mouseMoveEvent
    idx = self.hit_test(event.pos())
  File "G:\AICoding\luscreen\src\screenshot_editor.py", line 418, in hit_test
    fm = QFontMetrics(item['font'])
                      ~~~~^^^^^^^^
KeyError: 'font'

==============================
Crash Time: 2025-12-31 11:06:45.855720
Traceback (most recent call last):
  File "G:\AICoding\luscreen\src\screenshot_editor.py", line 493, in mouseMoveEvent
    idx = self.hit_test(event.pos())
  File "G:\AICoding\luscreen\src\screenshot_editor.py", line 418, in hit_test
    fm = QFontMetrics(item['font'])
                      ~~~~^^^^^^^^
KeyError: 'font'

==============================
Crash Time: 2025-12-31 11:06:45.863847
Traceback (most recent call last):
  File "G:\AICoding\luscreen\src\screenshot_editor.py", line 493, in mouseMoveEvent
    idx = self.hit_test(event.pos())
  File "G:\AICoding\luscreen\src\screenshot_editor.py", line 418, in hit_test
    fm = QFontMetrics(item['font'])
                      ~~~~^^^^^^^^
KeyError: 'font'

==============================
Crash Time: 2025-12-31 11:06:45.871686
Traceback (most recent call last):
  File "G:\AICoding\luscreen\src\screenshot_editor.py", line 493, in mouseMoveEvent
    idx = self.hit_test(event.pos())
  File "G:\AICoding\luscreen\src\screenshot_editor.py", line 418, in hit_test
    fm = QFontMetrics(item['font'])
                      ~~~~^^^^^^^^
KeyError: 'font'

==============================
Crash Time: 2025-12-31 11:06:45.879563
Traceback (most recent call last):
  File "G:\AICoding\luscreen\src\screenshot_editor.py", line 493, in mouseMoveEvent
    idx = self.hit_test(event.pos())
  File "G:\AICoding\luscreen\src\screenshot_editor.py", line 418, in hit_test
    fm = QFontMetrics(item['font'])
                      ~~~~^^^^^^^^
KeyError: 'font'

==============================
Crash Time: 2025-12-31 11:06:45.887755
Traceback (most recent call last):
  File "G:\AICoding\luscreen\src\screenshot_editor.py", line 493, in mouseMoveEvent
    idx = self.hit_test(event.pos())
  File "G:\AICoding\luscreen\src\screenshot_editor.py", line 418, in hit_test
    fm = QFontMetrics(item['font'])
                      ~~~~^^^^^^^^
KeyError: 'font'

==============================
Crash Time: 2025-12-31 11:06:45.895621
Traceback (most recent call last):
  File "G:\AICoding\luscreen\src\screenshot_editor.py", line 493, in mouseMoveEvent
    idx = self.hit_test(event.pos())
  File "G:\AICoding\luscreen\src\screenshot_editor.py", line 418, in hit_test
    fm = QFontMetrics(item['font'])
                      ~~~~^^^^^^^^
KeyError: 'font'

==============================
Crash Time: 2025-12-31 11:06:45.903801
Traceback (most recent call last):
  File "G:\AICoding\luscreen\src\screenshot_editor.py", line 493, in mouseMoveEvent
    idx = self.hit_test(event.pos())
  File "G:\AICoding\luscreen\src\screenshot_editor.py", line 418, in hit_test
    fm = QFontMetrics(item['font'])
                      ~~~~^^^^^^^^
KeyError: 'font'

==============================
Crash Time: 2025-12-31 11:06:45.911612
Traceback (most recent call last):
  File "G:\AICoding\luscreen\src\screenshot_editor.py", line 493, in mouseMoveEvent
    idx = self.hit_test(event.pos())
  File "G:\AICoding\luscreen\src\screenshot_editor.py", line 418, in hit_test
    fm = QFontMetrics(item['font'])
                      ~~~~^^^^^^^^
KeyError: 'font'

==============================
Crash Time: 2025-12-31 11:06:45.920265
Traceback (most recent call last):
  File "G:\AICoding\luscreen\src\screenshot_editor.py", line 493, in mouseMoveEvent
    idx = self.hit_test(event.pos())
  File "G:\AICoding\luscreen\src\screenshot_editor.py", line 418, in hit_test
    fm = QFontMetrics(item['font'])
                      ~~~~^^^^^^^^
KeyError: 'font'

==============================
Crash Time: 2025-12-31 11:06:45.927997
Traceback (most recent call last):
  File "G:\AICoding\luscreen\src\screenshot_editor.py", line 493, in mouseMoveEvent
    idx = self.hit_test(event.pos())
  File "G:\AICoding\luscreen\src\screenshot_editor.py", line 418, in hit_test
    fm = QFontMetrics(item['font'])
                      ~~~~^^^^^^^^
KeyError: 'font'

==============================
Crash Time: 2025-12-31 11:06:45.936140
Traceback (most recent call last):
  File "G:\AICoding\luscreen\src\screenshot_editor.py", line 493, in mouseMoveEvent
    idx = self.hit_test(event.pos())
  File "G:\AICoding\luscreen\src\screenshot_editor.py", line 418, in hit_test
    fm = QFontMetrics(item['font'])
                      ~~~~^^^^^^^^
KeyError: 'font'

==============================
Crash Time: 2025-12-31 11:06:45.943442
Traceback (most recent call last):
  File "G:\AICoding\luscreen\src\screenshot_editor.py", line 493, in mouseMoveEvent
    idx = self.hit_test(event.pos())
  File "G:\AICoding\luscreen\src\screenshot_editor.py", line 418, in hit_test
    fm = QFontMetrics(item['font'])
                      ~~~~^^^^^^^^
KeyError: 'font'

==============================
Crash Time: 2025-12-31 11:06:45.951818
Traceback (most recent call last):
  File "G:\AICoding\luscreen\src\screenshot_editor.py", line 493, in mouseMoveEvent
    idx = self.hit_test(event.pos())
  File "G:\AICoding\luscreen\src\screenshot_editor.py", line 418, in hit_test
    fm = QFontMetrics(item['font'])
                      ~~~~^^^^^^^^
KeyError: 'font'

==============================
Crash Time: 2025-12-31 11:06:45.967528
Traceback (most recent call last):
  File "G:\AICoding\luscreen\src\screenshot_editor.py", line 493, in mouseMoveEvent
    idx = self.hit_test(event.pos())
  File "G:\AICoding\luscreen\src\screenshot_editor.py", line 418, in hit_test
    fm = QFontMetrics(item['font'])
                      ~~~~^^^^^^^^
KeyError: 'font'

==============================
Crash Time: 2025-12-31 11:06:45.975399
Traceback (most recent call last):
  File "G:\AICoding\luscreen\src\screenshot_editor.py", line 493, in mouseMoveEvent
    idx = self.hit_test(event.pos())
  File "G:\AICoding\luscreen\src\screenshot_editor.py", line 418, in hit_test
    fm = QFontMetrics(item['font'])
                      ~~~~^^^^^^^^
KeyError: 'font'

==============================
Crash Time: 2025-12-31 11:06:46.056167
Traceback (most recent call last):
  File "G:\AICoding\luscreen\src\screenshot_editor.py", line 493, in mouseMoveEvent
    idx = self.hit_test(event.pos())
  File "G:\AICoding\luscreen\src\screenshot_editor.py", line 418, in hit_test
    fm = QFontMetrics(item['font'])
                      ~~~~^^^^^^^^
KeyError: 'font'

==============================
Crash Time: 2025-12-31 11:06:46.080053
Traceback (most recent call last):
  File "G:\AICoding\luscreen\src\screenshot_editor.py", line 493, in mouseMoveEvent
    idx = self.hit_test(event.pos())
  File "G:\AICoding\luscreen\src\screenshot_editor.py", line 418, in hit_test
    fm = QFontMetrics(item['font'])
                      ~~~~^^^^^^^^
KeyError: 'font'

==============================
Crash Time: 2025-12-31 11:06:47.183857
Traceback (most recent call last):
  File "G:\AICoding\luscreen\src\screenshot_editor.py", line 370, in paintEvent
    draw_item(painter, item)
    ~~~~~~~~~^^^^^^^^^^^^^^^
  File "G:\AICoding\luscreen\src\screenshot_editor.py", line 365, in draw_item
    painter.setFont(item['font'])
                    ~~~~^^^^^^^^
KeyError: 'font'

==============================
Crash Time: 2025-12-31 11:06:47.191841
Traceback (most recent call last):
  File "G:\AICoding\luscreen\src\screenshot_editor.py", line 370, in paintEvent
    draw_item(painter, item)
    ~~~~~~~~~^^^^^^^^^^^^^^^
  File "G:\AICoding\luscreen\src\screenshot_editor.py", line 365, in draw_item
    painter.setFont(item['font'])
                    ~~~~^^^^^^^^
KeyError: 'font'

==============================
Crash Time: 2025-12-31 11:06:47.201703
Traceback (most recent call last):
  File "G:\AICoding\luscreen\src\screenshot_editor.py", line 370, in paintEvent
    draw_item(painter, item)
    ~~~~~~~~~^^^^^^^^^^^^^^^
  File "G:\AICoding\luscreen\src\screenshot_editor.py", line 365, in draw_item
    painter.setFont(item['font'])
                    ~~~~^^^^^^^^
KeyError: 'font'

==============================
Crash Time: 2025-12-31 11:06:47.208222
Traceback (most recent call last):
  File "G:\AICoding\luscreen\src\screenshot_editor.py", line 370, in paintEvent
    draw_item(painter, item)
    ~~~~~~~~~^^^^^^^^^^^^^^^
  File "G:\AICoding\luscreen\src\screenshot_editor.py", line 365, in draw_item
    painter.setFont(item['font'])
                    ~~~~^^^^^^^^
KeyError: 'font'

==============================
Crash Time: 2025-12-31 11:06:47.217409
Traceback (most recent call last):
  File "G:\AICoding\luscreen\src\screenshot_editor.py", line 370, in paintEvent
    draw_item(painter, item)
    ~~~~~~~~~^^^^^^^^^^^^^^^
  File "G:\AICoding\luscreen\src\screenshot_editor.py", line 365, in draw_item
    painter.setFont(item['font'])
                    ~~~~^^^^^^^^
KeyError: 'font'

==============================
Crash Time: 2025-12-31 11:06:47.224287
Traceback (most recent call last):
  File "G:\AICoding\luscreen\src\screenshot_editor.py", line 370, in paintEvent
    draw_item(painter, item)
    ~~~~~~~~~^^^^^^^^^^^^^^^
  File "G:\AICoding\luscreen\src\screenshot_editor.py", line 365, in draw_item
    painter.setFont(item['font'])
                    ~~~~^^^^^^^^
KeyError: 'font'

==============================
Crash Time: 2025-12-31 11:06:47.233360
Traceback (most recent call last):
  File "G:\AICoding\luscreen\src\screenshot_editor.py", line 370, in paintEvent
    draw_item(painter, item)
    ~~~~~~~~~^^^^^^^^^^^^^^^
  File "G:\AICoding\luscreen\src\screenshot_editor.py", line 365, in draw_item
    painter.setFont(item['font'])
                    ~~~~^^^^^^^^
KeyError: 'font'

==============================
Crash Time: 2025-12-31 11:06:47.240757
Traceback (most recent call last):
  File "G:\AICoding\luscreen\src\screenshot_editor.py", line 370, in paintEvent
    draw_item(painter, item)
    ~~~~~~~~~^^^^^^^^^^^^^^^
  File "G:\AICoding\luscreen\src\screenshot_editor.py", line 365, in draw_item
    painter.setFont(item['font'])
                    ~~~~^^^^^^^^
KeyError: 'font'

==============================
Crash Time: 2025-12-31 11:06:47.249999
Traceback (most recent call last):
  File "G:\AICoding\luscreen\src\screenshot_editor.py", line 370, in paintEvent
    draw_item(painter, item)
    ~~~~~~~~~^^^^^^^^^^^^^^^
  File "G:\AICoding\luscreen\src\screenshot_editor.py", line 365, in draw_item
    painter.setFont(item['font'])
                    ~~~~^^^^^^^^
KeyError: 'font'

==============================
Crash Time: 2025-12-31 11:06:47.256048
Traceback (most recent call last):
  File "G:\AICoding\luscreen\src\screenshot_editor.py", line 370, in paintEvent
    draw_item(painter, item)
    ~~~~~~~~~^^^^^^^^^^^^^^^
  File "G:\AICoding\luscreen\src\screenshot_editor.py", line 365, in draw_item
    painter.setFont(item['font'])
                    ~~~~^^^^^^^^
KeyError: 'font'

==============================
Crash Time: 2025-12-31 11:06:47.265454
Traceback (most recent call last):
  File "G:\AICoding\luscreen\src\screenshot_editor.py", line 370, in paintEvent
    draw_item(painter, item)
    ~~~~~~~~~^^^^^^^^^^^^^^^
  File "G:\AICoding\luscreen\src\screenshot_editor.py", line 365, in draw_item
    painter.setFont(item['font'])
                    ~~~~^^^^^^^^
KeyError: 'font'

==============================
Crash Time: 2025-12-31 11:06:47.273121
Traceback (most recent call last):
  File "G:\AICoding\luscreen\src\screenshot_editor.py", line 370, in paintEvent
    draw_item(painter, item)
    ~~~~~~~~~^^^^^^^^^^^^^^^
  File "G:\AICoding\luscreen\src\screenshot_editor.py", line 365, in draw_item
    painter.setFont(item['font'])
                    ~~~~^^^^^^^^
KeyError: 'font'

==============================
Crash Time: 2025-12-31 11:06:47.281502
Traceback (most recent call last):
  File "G:\AICoding\luscreen\src\screenshot_editor.py", line 370, in paintEvent
    draw_item(painter, item)
    ~~~~~~~~~^^^^^^^^^^^^^^^
  File "G:\AICoding\luscreen\src\screenshot_editor.py", line 365, in draw_item
    painter.setFont(item['font'])
                    ~~~~^^^^^^^^
KeyError: 'font'

==============================
Crash Time: 2025-12-31 11:06:47.287979
Traceback (most recent call last):
  File "G:\AICoding\luscreen\src\screenshot_editor.py", line 370, in paintEvent
    draw_item(painter, item)
    ~~~~~~~~~^^^^^^^^^^^^^^^
  File "G:\AICoding\luscreen\src\screenshot_editor.py", line 365, in draw_item
    painter.setFont(item['font'])
                    ~~~~^^^^^^^^
KeyError: 'font'

==============================
Crash Time: 2025-12-31 11:06:47.298102
Traceback (most recent call last):
  File "G:\AICoding\luscreen\src\screenshot_editor.py", line 370, in paintEvent
    draw_item(painter, item)
    ~~~~~~~~~^^^^^^^^^^^^^^^
  File "G:\AICoding\luscreen\src\screenshot_editor.py", line 365, in draw_item
    painter.setFont(item['font'])
                    ~~~~^^^^^^^^
KeyError: 'font'

==============================
Crash Time: 2025-12-31 11:06:47.303804
Traceback (most recent call last):
  File "G:\AICoding\luscreen\src\screenshot_editor.py", line 370, in paintEvent
    draw_item(painter, item)
    ~~~~~~~~~^^^^^^^^^^^^^^^
  File "G:\AICoding\luscreen\src\screenshot_editor.py", line 365, in draw_item
    painter.setFont(item['font'])
                    ~~~~^^^^^^^^
KeyError: 'font'

==============================
Crash Time: 2025-12-31 11:06:47.313006
Traceback (most recent call last):
  File "G:\AICoding\luscreen\src\screenshot_editor.py", line 370, in paintEvent
    draw_item(painter, item)
    ~~~~~~~~~^^^^^^^^^^^^^^^
  File "G:\AICoding\luscreen\src\screenshot_editor.py", line 365, in draw_item
    painter.setFont(item['font'])
                    ~~~~^^^^^^^^
KeyError: 'font'

==============================
Crash Time: 2025-12-31 11:06:47.320006
Traceback (most recent call last):
  File "G:\AICoding\luscreen\src\screenshot_editor.py", line 370, in paintEvent
    draw_item(painter, item)
    ~~~~~~~~~^^^^^^^^^^^^^^^
  File "G:\AICoding\luscreen\src\screenshot_editor.py", line 365, in draw_item
    painter.setFont(item['font'])
                    ~~~~^^^^^^^^
KeyError: 'font'

==============================
Crash Time: 2025-12-31 11:06:47.327752
Traceback (most recent call last):
  File "G:\AICoding\luscreen\src\screenshot_editor.py", line 370, in paintEvent
    draw_item(painter, item)
    ~~~~~~~~~^^^^^^^^^^^^^^^
  File "G:\AICoding\luscreen\src\screenshot_editor.py", line 365, in draw_item
    painter.setFont(item['font'])
                    ~~~~^^^^^^^^
KeyError: 'font'

==============================
Crash Time: 2025-12-31 11:06:47.336942
Traceback (most recent call last):
  File "G:\AICoding\luscreen\src\screenshot_editor.py", line 370, in paintEvent
    draw_item(painter, item)
    ~~~~~~~~~^^^^^^^^^^^^^^^
  File "G:\AICoding\luscreen\src\screenshot_editor.py", line 365, in draw_item
    painter.setFont(item['font'])
                    ~~~~^^^^^^^^
KeyError: 'font'

==============================
Crash Time: 2025-12-31 11:06:47.343599
Traceback (most recent call last):
  File "G:\AICoding\luscreen\src\screenshot_editor.py", line 370, in paintEvent
    draw_item(painter, item)
    ~~~~~~~~~^^^^^^^^^^^^^^^
  File "G:\AICoding\luscreen\src\screenshot_editor.py", line 365, in draw_item
    painter.setFont(item['font'])
                    ~~~~^^^^^^^^
KeyError: 'font'

==============================
Crash Time: 2025-12-31 11:06:47.353141
Traceback (most recent call last):
  File "G:\AICoding\luscreen\src\screenshot_editor.py", line 370, in paintEvent
    draw_item(painter, item)
    ~~~~~~~~~^^^^^^^^^^^^^^^
  File "G:\AICoding\luscreen\src\screenshot_editor.py", line 365, in draw_item
    painter.setFont(item['font'])
                    ~~~~^^^^^^^^
KeyError: 'font'

==============================
Crash Time: 2025-12-31 11:06:47.359654
Traceback (most recent call last):
  File "G:\AICoding\luscreen\src\screenshot_editor.py", line 370, in paintEvent
    draw_item(painter, item)
    ~~~~~~~~~^^^^^^^^^^^^^^^
  File "G:\AICoding\luscreen\src\screenshot_editor.py", line 365, in draw_item
    painter.setFont(item['font'])
                    ~~~~^^^^^^^^
KeyError: 'font'

==============================
Crash Time: 2025-12-31 11:06:47.369039
Traceback (most recent call last):
  File "G:\AICoding\luscreen\src\screenshot_editor.py", line 370, in paintEvent
    draw_item(painter, item)
    ~~~~~~~~~^^^^^^^^^^^^^^^
  File "G:\AICoding\luscreen\src\screenshot_editor.py", line 365, in draw_item
    painter.setFont(item['font'])
                    ~~~~^^^^^^^^
KeyError: 'font'

==============================
Crash Time: 2025-12-31 11:06:47.375655
Traceback (most recent call last):
  File "G:\AICoding\luscreen\src\screenshot_editor.py", line 370, in paintEvent
    draw_item(painter, item)
    ~~~~~~~~~^^^^^^^^^^^^^^^
  File "G:\AICoding\luscreen\src\screenshot_editor.py", line 365, in draw_item
    painter.setFont(item['font'])
                    ~~~~^^^^^^^^
KeyError: 'font'

==============================
Crash Time: 2025-12-31 11:06:47.384756
Traceback (most recent call last):
  File "G:\AICoding\luscreen\src\screenshot_editor.py", line 370, in paintEvent
    draw_item(painter, item)
    ~~~~~~~~~^^^^^^^^^^^^^^^
  File "G:\AICoding\luscreen\src\screenshot_editor.py", line 365, in draw_item
    painter.setFont(item['font'])
                    ~~~~^^^^^^^^
KeyError: 'font'

==============================
Crash Time: 2025-12-31 11:06:47.391726
Traceback (most recent call last):
  File "G:\AICoding\luscreen\src\screenshot_editor.py", line 370, in paintEvent
    draw_item(painter, item)
    ~~~~~~~~~^^^^^^^^^^^^^^^
  File "G:\AICoding\luscreen\src\screenshot_editor.py", line 365, in draw_item
    painter.setFont(item['font'])
                    ~~~~^^^^^^^^
KeyError: 'font'

==============================
Crash Time: 2025-12-31 11:06:47.409302
Traceback (most recent call last):
  File "G:\AICoding\luscreen\src\screenshot_editor.py", line 370, in paintEvent
    draw_item(painter, item)
    ~~~~~~~~~^^^^^^^^^^^^^^^
  File "G:\AICoding\luscreen\src\screenshot_editor.py", line 365, in draw_item
    painter.setFont(item['font'])
                    ~~~~^^^^^^^^
KeyError: 'font'

==============================
Crash Time: 2025-12-31 11:06:47.417258
Traceback (most recent call last):
  File "G:\AICoding\luscreen\src\screenshot_editor.py", line 370, in paintEvent
    draw_item(painter, item)
    ~~~~~~~~~^^^^^^^^^^^^^^^
  File "G:\AICoding\luscreen\src\screenshot_editor.py", line 365, in draw_item
    painter.setFont(item['font'])
                    ~~~~^^^^^^^^
KeyError: 'font'

==============================
Crash Time: 2025-12-31 11:06:47.424068
Traceback (most recent call last):
  File "G:\AICoding\luscreen\src\screenshot_editor.py", line 370, in paintEvent
    draw_item(painter, item)
    ~~~~~~~~~^^^^^^^^^^^^^^^
  File "G:\AICoding\luscreen\src\screenshot_editor.py", line 365, in draw_item
    painter.setFont(item['font'])
                    ~~~~^^^^^^^^
KeyError: 'font'

==============================
Crash Time: 2025-12-31 11:06:47.433839
Traceback (most recent call last):
  File "G:\AICoding\luscreen\src\screenshot_editor.py", line 370, in paintEvent
    draw_item(painter, item)
    ~~~~~~~~~^^^^^^^^^^^^^^^
  File "G:\AICoding\luscreen\src\screenshot_editor.py", line 365, in draw_item
    painter.setFont(item['font'])
                    ~~~~^^^^^^^^
KeyError: 'font'

==============================
Crash Time: 2025-12-31 11:06:47.440008
Traceback (most recent call last):
  File "G:\AICoding\luscreen\src\screenshot_editor.py", line 370, in paintEvent
    draw_item(painter, item)
    ~~~~~~~~~^^^^^^^^^^^^^^^
  File "G:\AICoding\luscreen\src\screenshot_editor.py", line 365, in draw_item
    painter.setFont(item['font'])
                    ~~~~^^^^^^^^
KeyError: 'font'

==============================
Crash Time: 2025-12-31 11:06:47.449778
Traceback (most recent call last):
  File "G:\AICoding\luscreen\src\screenshot_editor.py", line 370, in paintEvent
    draw_item(painter, item)
    ~~~~~~~~~^^^^^^^^^^^^^^^
  File "G:\AICoding\luscreen\src\screenshot_editor.py", line 365, in draw_item
    painter.setFont(item['font'])
                    ~~~~^^^^^^^^
KeyError: 'font'

==============================
Crash Time: 2025-12-31 11:06:47.465966
Traceback (most recent call last):
  File "G:\AICoding\luscreen\src\screenshot_editor.py", line 370, in paintEvent
    draw_item(painter, item)
    ~~~~~~~~~^^^^^^^^^^^^^^^
  File "G:\AICoding\luscreen\src\screenshot_editor.py", line 365, in draw_item
    painter.setFont(item['font'])
                    ~~~~^^^^^^^^
KeyError: 'font'

==============================
Crash Time: 2025-12-31 11:06:47.472001
Traceback (most recent call last):
  File "G:\AICoding\luscreen\src\screenshot_editor.py", line 370, in paintEvent
    draw_item(painter, item)
    ~~~~~~~~~^^^^^^^^^^^^^^^
  File "G:\AICoding\luscreen\src\screenshot_editor.py", line 365, in draw_item
    painter.setFont(item['font'])
                    ~~~~^^^^^^^^
KeyError: 'font'

==============================
Crash Time: 2025-12-31 11:06:47.513274
Traceback (most recent call last):
  File "G:\AICoding\luscreen\src\screenshot_editor.py", line 370, in paintEvent
    draw_item(painter, item)
    ~~~~~~~~~^^^^^^^^^^^^^^^
  File "G:\AICoding\luscreen\src\screenshot_editor.py", line 365, in draw_item
    painter.setFont(item['font'])
                    ~~~~^^^^^^^^
KeyError: 'font'

==============================
Crash Time: 2025-12-31 11:06:47.530256
Traceback (most recent call last):
  File "G:\AICoding\luscreen\src\screenshot_editor.py", line 370, in paintEvent
    draw_item(painter, item)
    ~~~~~~~~~^^^^^^^^^^^^^^^
  File "G:\AICoding\luscreen\src\screenshot_editor.py", line 365, in draw_item
    painter.setFont(item['font'])
                    ~~~~^^^^^^^^
KeyError: 'font'

==============================
Crash Time: 2025-12-31 11:06:48.632534
Traceback (most recent call last):
  File "G:\AICoding\luscreen\src\screenshot_editor.py", line 370, in paintEvent
    draw_item(painter, item)
    ~~~~~~~~~^^^^^^^^^^^^^^^
  File "G:\AICoding\luscreen\src\screenshot_editor.py", line 365, in draw_item
    painter.setFont(item['font'])
                    ~~~~^^^^^^^^
KeyError: 'font'

==============================
Crash Time: 2025-12-31 11:06:48.639919
Traceback (most recent call last):
  File "G:\AICoding\luscreen\src\screenshot_editor.py", line 370, in paintEvent
    draw_item(painter, item)
    ~~~~~~~~~^^^^^^^^^^^^^^^
  File "G:\AICoding\luscreen\src\screenshot_editor.py", line 365, in draw_item
    painter.setFont(item['font'])
                    ~~~~^^^^^^^^
KeyError: 'font'

==============================
Crash Time: 2025-12-31 11:06:48.649302
Traceback (most recent call last):
  File "G:\AICoding\luscreen\src\screenshot_editor.py", line 370, in paintEvent
    draw_item(painter, item)
    ~~~~~~~~~^^^^^^^^^^^^^^^
  File "G:\AICoding\luscreen\src\screenshot_editor.py", line 365, in draw_item
    painter.setFont(item['font'])
                    ~~~~^^^^^^^^
KeyError: 'font'

==============================
Crash Time: 2025-12-31 11:06:48.656347
Traceback (most recent call last):
  File "G:\AICoding\luscreen\src\screenshot_editor.py", line 370, in paintEvent
    draw_item(painter, item)
    ~~~~~~~~~^^^^^^^^^^^^^^^
  File "G:\AICoding\luscreen\src\screenshot_editor.py", line 365, in draw_item
    painter.setFont(item['font'])
                    ~~~~^^^^^^^^
KeyError: 'font'

==============================
Crash Time: 2025-12-31 11:06:48.665783
Traceback (most recent call last):
  File "G:\AICoding\luscreen\src\screenshot_editor.py", line 370, in paintEvent
    draw_item(painter, item)
    ~~~~~~~~~^^^^^^^^^^^^^^^
  File "G:\AICoding\luscreen\src\screenshot_editor.py", line 365, in draw_item
    painter.setFont(item['font'])
                    ~~~~^^^^^^^^
KeyError: 'font'

==============================
Crash Time: 2025-12-31 11:06:48.671749
Traceback (most recent call last):
  File "G:\AICoding\luscreen\src\screenshot_editor.py", line 370, in paintEvent
    draw_item(painter, item)
    ~~~~~~~~~^^^^^^^^^^^^^^^
  File "G:\AICoding\luscreen\src\screenshot_editor.py", line 365, in draw_item
    painter.setFont(item['font'])
                    ~~~~^^^^^^^^
KeyError: 'font'

==============================
Crash Time: 2025-12-31 11:06:48.681734
Traceback (most recent call last):
  File "G:\AICoding\luscreen\src\screenshot_editor.py", line 370, in paintEvent
    draw_item(painter, item)
    ~~~~~~~~~^^^^^^^^^^^^^^^
  File "G:\AICoding\luscreen\src\screenshot_editor.py", line 365, in draw_item
    painter.setFont(item['font'])
                    ~~~~^^^^^^^^
KeyError: 'font'

==============================
Crash Time: 2025-12-31 11:06:48.688238
Traceback (most recent call last):
  File "G:\AICoding\luscreen\src\screenshot_editor.py", line 370, in paintEvent
    draw_item(painter, item)
    ~~~~~~~~~^^^^^^^^^^^^^^^
  File "G:\AICoding\luscreen\src\screenshot_editor.py", line 365, in draw_item
    painter.setFont(item['font'])
                    ~~~~^^^^^^^^
KeyError: 'font'

==============================
Crash Time: 2025-12-31 11:06:48.698042
Traceback (most recent call last):
  File "G:\AICoding\luscreen\src\screenshot_editor.py", line 370, in paintEvent
    draw_item(painter, item)
    ~~~~~~~~~^^^^^^^^^^^^^^^
  File "G:\AICoding\luscreen\src\screenshot_editor.py", line 365, in draw_item
    painter.setFont(item['font'])
                    ~~~~^^^^^^^^
KeyError: 'font'

==============================
Crash Time: 2025-12-31 11:06:48.704125
Traceback (most recent call last):
  File "G:\AICoding\luscreen\src\screenshot_editor.py", line 370, in paintEvent
    draw_item(painter, item)
    ~~~~~~~~~^^^^^^^^^^^^^^^
  File "G:\AICoding\luscreen\src\screenshot_editor.py", line 365, in draw_item
    painter.setFont(item['font'])
                    ~~~~^^^^^^^^
KeyError: 'font'

==============================
Crash Time: 2025-12-31 11:06:48.713241
Traceback (most recent call last):
  File "G:\AICoding\luscreen\src\screenshot_editor.py", line 370, in paintEvent
    draw_item(painter, item)
    ~~~~~~~~~^^^^^^^^^^^^^^^
  File "G:\AICoding\luscreen\src\screenshot_editor.py", line 365, in draw_item
    painter.setFont(item['font'])
                    ~~~~^^^^^^^^
KeyError: 'font'

==============================
Crash Time: 2025-12-31 11:06:48.719912
Traceback (most recent call last):
  File "G:\AICoding\luscreen\src\screenshot_editor.py", line 370, in paintEvent
    draw_item(painter, item)
    ~~~~~~~~~^^^^^^^^^^^^^^^
  File "G:\AICoding\luscreen\src\screenshot_editor.py", line 365, in draw_item
    painter.setFont(item['font'])
                    ~~~~^^^^^^^^
KeyError: 'font'

==============================
Crash Time: 2025-12-31 11:06:48.728635
Traceback (most recent call last):
  File "G:\AICoding\luscreen\src\screenshot_editor.py", line 370, in paintEvent
    draw_item(painter, item)
    ~~~~~~~~~^^^^^^^^^^^^^^^
  File "G:\AICoding\luscreen\src\screenshot_editor.py", line 365, in draw_item
    painter.setFont(item['font'])
                    ~~~~^^^^^^^^
KeyError: 'font'

==============================
Crash Time: 2025-12-31 11:06:48.735826
Traceback (most recent call last):
  File "G:\AICoding\luscreen\src\screenshot_editor.py", line 370, in paintEvent
    draw_item(painter, item)
    ~~~~~~~~~^^^^^^^^^^^^^^^
  File "G:\AICoding\luscreen\src\screenshot_editor.py", line 365, in draw_item
    painter.setFont(item['font'])
                    ~~~~^^^^^^^^
KeyError: 'font'

==============================
Crash Time: 2025-12-31 11:06:48.744763
Traceback (most recent call last):
  File "G:\AICoding\luscreen\src\screenshot_editor.py", line 370, in paintEvent
    draw_item(painter, item)
    ~~~~~~~~~^^^^^^^^^^^^^^^
  File "G:\AICoding\luscreen\src\screenshot_editor.py", line 365, in draw_item
    painter.setFont(item['font'])
                    ~~~~^^^^^^^^
KeyError: 'font'

==============================
Crash Time: 2025-12-31 11:06:48.751867
Traceback (most recent call last):
  File "G:\AICoding\luscreen\src\screenshot_editor.py", line 370, in paintEvent
    draw_item(painter, item)
    ~~~~~~~~~^^^^^^^^^^^^^^^
  File "G:\AICoding\luscreen\src\screenshot_editor.py", line 365, in draw_item
    painter.setFont(item['font'])
                    ~~~~^^^^^^^^
KeyError: 'font'

==============================
Crash Time: 2025-12-31 11:06:48.761136
Traceback (most recent call last):
  File "G:\AICoding\luscreen\src\screenshot_editor.py", line 370, in paintEvent
    draw_item(painter, item)
    ~~~~~~~~~^^^^^^^^^^^^^^^
  File "G:\AICoding\luscreen\src\screenshot_editor.py", line 365, in draw_item
    painter.setFont(item['font'])
                    ~~~~^^^^^^^^
KeyError: 'font'

==============================
Crash Time: 2025-12-31 11:06:48.768004
Traceback (most recent call last):
  File "G:\AICoding\luscreen\src\screenshot_editor.py", line 370, in paintEvent
    draw_item(painter, item)
    ~~~~~~~~~^^^^^^^^^^^^^^^
  File "G:\AICoding\luscreen\src\screenshot_editor.py", line 365, in draw_item
    painter.setFont(item['font'])
                    ~~~~^^^^^^^^
KeyError: 'font'

==============================
Crash Time: 2025-12-31 11:06:48.776780
Traceback (most recent call last):
  File "G:\AICoding\luscreen\src\screenshot_editor.py", line 370, in paintEvent
    draw_item(painter, item)
    ~~~~~~~~~^^^^^^^^^^^^^^^
  File "G:\AICoding\luscreen\src\screenshot_editor.py", line 365, in draw_item
    painter.setFont(item['font'])
                    ~~~~^^^^^^^^
KeyError: 'font'

==============================
Crash Time: 2025-12-31 11:06:48.784161
Traceback (most recent call last):
  File "G:\AICoding\luscreen\src\screenshot_editor.py", line 370, in paintEvent
    draw_item(painter, item)
    ~~~~~~~~~^^^^^^^^^^^^^^^
  File "G:\AICoding\luscreen\src\screenshot_editor.py", line 365, in draw_item
    painter.setFont(item['font'])
                    ~~~~^^^^^^^^
KeyError: 'font'

==============================
Crash Time: 2025-12-31 11:06:48.793015
Traceback (most recent call last):
  File "G:\AICoding\luscreen\src\screenshot_editor.py", line 370, in paintEvent
    draw_item(painter, item)
    ~~~~~~~~~^^^^^^^^^^^^^^^
  File "G:\AICoding\luscreen\src\screenshot_editor.py", line 365, in draw_item
    painter.setFont(item['font'])
                    ~~~~^^^^^^^^
KeyError: 'font'

==============================
Crash Time: 2025-12-31 11:06:48.800123
Traceback (most recent call last):
  File "G:\AICoding\luscreen\src\screenshot_editor.py", line 370, in paintEvent
    draw_item(painter, item)
    ~~~~~~~~~^^^^^^^^^^^^^^^
  File "G:\AICoding\luscreen\src\screenshot_editor.py", line 365, in draw_item
    painter.setFont(item['font'])
                    ~~~~^^^^^^^^
KeyError: 'font'

==============================
Crash Time: 2025-12-31 11:06:48.808856
Traceback (most recent call last):
  File "G:\AICoding\luscreen\src\screenshot_editor.py", line 370, in paintEvent
    draw_item(painter, item)
    ~~~~~~~~~^^^^^^^^^^^^^^^
  File "G:\AICoding\luscreen\src\screenshot_editor.py", line 365, in draw_item
    painter.setFont(item['font'])
                    ~~~~^^^^^^^^
KeyError: 'font'

==============================
Crash Time: 2025-12-31 11:06:48.816066
Traceback (most recent call last):
  File "G:\AICoding\luscreen\src\screenshot_editor.py", line 370, in paintEvent
    draw_item(painter, item)
    ~~~~~~~~~^^^^^^^^^^^^^^^
  File "G:\AICoding\luscreen\src\screenshot_editor.py", line 365, in draw_item
    painter.setFont(item['font'])
                    ~~~~^^^^^^^^
KeyError: 'font'

==============================
Crash Time: 2025-12-31 11:06:48.825229
Traceback (most recent call last):
  File "G:\AICoding\luscreen\src\screenshot_editor.py", line 370, in paintEvent
    draw_item(painter, item)
    ~~~~~~~~~^^^^^^^^^^^^^^^
  File "G:\AICoding\luscreen\src\screenshot_editor.py", line 365, in draw_item
    painter.setFont(item['font'])
                    ~~~~^^^^^^^^
KeyError: 'font'

==============================
Crash Time: 2025-12-31 11:06:48.832237
Traceback (most recent call last):
  File "G:\AICoding\luscreen\src\screenshot_editor.py", line 370, in paintEvent
    draw_item(painter, item)
    ~~~~~~~~~^^^^^^^^^^^^^^^
  File "G:\AICoding\luscreen\src\screenshot_editor.py", line 365, in draw_item
    painter.setFont(item['font'])
                    ~~~~^^^^^^^^
KeyError: 'font'

==============================
Crash Time: 2025-12-31 11:06:48.840860
Traceback (most recent call last):
  File "G:\AICoding\luscreen\src\screenshot_editor.py", line 370, in paintEvent
    draw_item(painter, item)
    ~~~~~~~~~^^^^^^^^^^^^^^^
  File "G:\AICoding\luscreen\src\screenshot_editor.py", line 365, in draw_item
    painter.setFont(item['font'])
                    ~~~~^^^^^^^^
KeyError: 'font'

==============================
Crash Time: 2025-12-31 11:06:48.848289
Traceback (most recent call last):
  File "G:\AICoding\luscreen\src\screenshot_editor.py", line 370, in paintEvent
    draw_item(painter, item)
    ~~~~~~~~~^^^^^^^^^^^^^^^
  File "G:\AICoding\luscreen\src\screenshot_editor.py", line 365, in draw_item
    painter.setFont(item['font'])
                    ~~~~^^^^^^^^
KeyError: 'font'

==============================
Crash Time: 2025-12-31 11:06:48.866317
Traceback (most recent call last):
  File "G:\AICoding\luscreen\src\screenshot_editor.py", line 370, in paintEvent
    draw_item(painter, item)
    ~~~~~~~~~^^^^^^^^^^^^^^^
  File "G:\AICoding\luscreen\src\screenshot_editor.py", line 365, in draw_item
    painter.setFont(item['font'])
                    ~~~~^^^^^^^^
KeyError: 'font'

==============================
Crash Time: 2025-12-31 11:06:48.881412
Traceback (most recent call last):
  File "G:\AICoding\luscreen\src\screenshot_editor.py", line 370, in paintEvent
    draw_item(painter, item)
    ~~~~~~~~~^^^^^^^^^^^^^^^
  File "G:\AICoding\luscreen\src\screenshot_editor.py", line 365, in draw_item
    painter.setFont(item['font'])
                    ~~~~^^^^^^^^
KeyError: 'font'

==============================
Crash Time: 2025-12-31 11:06:48.895729
Traceback (most recent call last):
  File "G:\AICoding\luscreen\src\screenshot_editor.py", line 370, in paintEvent
    draw_item(painter, item)
    ~~~~~~~~~^^^^^^^^^^^^^^^
  File "G:\AICoding\luscreen\src\screenshot_editor.py", line 365, in draw_item
    painter.setFont(item['font'])
                    ~~~~^^^^^^^^
KeyError: 'font'

==============================
Crash Time: 2025-12-31 11:06:48.928319
Traceback (most recent call last):
  File "G:\AICoding\luscreen\src\screenshot_editor.py", line 370, in paintEvent
    draw_item(painter, item)
    ~~~~~~~~~^^^^^^^^^^^^^^^
  File "G:\AICoding\luscreen\src\screenshot_editor.py", line 365, in draw_item
    painter.setFont(item['font'])
                    ~~~~^^^^^^^^
KeyError: 'font'

==============================
Crash Time: 2025-12-31 11:06:48.984822
Traceback (most recent call last):
  File "G:\AICoding\luscreen\src\screenshot_editor.py", line 370, in paintEvent
    draw_item(painter, item)
    ~~~~~~~~~^^^^^^^^^^^^^^^
  File "G:\AICoding\luscreen\src\screenshot_editor.py", line 365, in draw_item
    painter.setFont(item['font'])
                    ~~~~^^^^^^^^
KeyError: 'font'

==============================
Crash Time: 2025-12-31 11:06:50.730668
Traceback (most recent call last):
  File "G:\AICoding\luscreen\src\screenshot_editor.py", line 370, in paintEvent
    draw_item(painter, item)
    ~~~~~~~~~^^^^^^^^^^^^^^^
  File "G:\AICoding\luscreen\src\screenshot_editor.py", line 365, in draw_item
    painter.setFont(item['font'])
                    ~~~~^^^^^^^^
KeyError: 'font'

==============================
Crash Time: 2025-12-31 11:06:51.255395
Traceback (most recent call last):
  File "G:\AICoding\luscreen\src\screenshot_editor.py", line 370, in paintEvent
    draw_item(painter, item)
    ~~~~~~~~~^^^^^^^^^^^^^^^
  File "G:\AICoding\luscreen\src\screenshot_editor.py", line 365, in draw_item
    painter.setFont(item['font'])
                    ~~~~^^^^^^^^
KeyError: 'font'

==============================
Crash Time: 2025-12-31 11:06:51.777058
Traceback (most recent call last):
  File "G:\AICoding\luscreen\src\screenshot_editor.py", line 370, in paintEvent
    draw_item(painter, item)
    ~~~~~~~~~^^^^^^^^^^^^^^^
  File "G:\AICoding\luscreen\src\screenshot_editor.py", line 365, in draw_item
    painter.setFont(item['font'])
                    ~~~~^^^^^^^^
KeyError: 'font'

==============================
Crash Time: 2025-12-31 11:06:52.313127
Traceback (most recent call last):
  File "G:\AICoding\luscreen\src\screenshot_editor.py", line 370, in paintEvent
    draw_item(painter, item)
    ~~~~~~~~~^^^^^^^^^^^^^^^
  File "G:\AICoding\luscreen\src\screenshot_editor.py", line 365, in draw_item
    painter.setFont(item['font'])
                    ~~~~^^^^^^^^
KeyError: 'font'

==============================
Crash Time: 2025-12-31 11:06:52.846232
Traceback (most recent call last):
  File "G:\AICoding\luscreen\src\screenshot_editor.py", line 370, in paintEvent
    draw_item(painter, item)
    ~~~~~~~~~^^^^^^^^^^^^^^^
  File "G:\AICoding\luscreen\src\screenshot_editor.py", line 365, in draw_item
    painter.setFont(item['font'])
                    ~~~~^^^^^^^^
KeyError: 'font'

==============================
Crash Time: 2025-12-31 11:06:53.000149
Traceback (most recent call last):
  File "G:\AICoding\luscreen\src\screenshot_editor.py", line 370, in paintEvent
    draw_item(painter, item)
    ~~~~~~~~~^^^^^^^^^^^^^^^
  File "G:\AICoding\luscreen\src\screenshot_editor.py", line 365, in draw_item
    painter.setFont(item['font'])
                    ~~~~^^^^^^^^
KeyError: 'font'

==============================
Crash Time: 2025-12-31 11:06:53.041437
Traceback (most recent call last):
  File "G:\AICoding\luscreen\src\screenshot_editor.py", line 370, in paintEvent
    draw_item(painter, item)
    ~~~~~~~~~^^^^^^^^^^^^^^^
  File "G:\AICoding\luscreen\src\screenshot_editor.py", line 365, in draw_item
    painter.setFont(item['font'])
                    ~~~~^^^^^^^^
KeyError: 'font'

==============================
Crash Time: 2025-12-31 11:06:53.382314
Traceback (most recent call last):
  File "G:\AICoding\luscreen\src\screenshot_editor.py", line 370, in paintEvent
    draw_item(painter, item)
    ~~~~~~~~~^^^^^^^^^^^^^^^
  File "G:\AICoding\luscreen\src\screenshot_editor.py", line 365, in draw_item
    painter.setFont(item['font'])
                    ~~~~^^^^^^^^
KeyError: 'font'

==============================
Crash Time: 2025-12-31 11:06:53.442770
Traceback (most recent call last):
  File "G:\AICoding\luscreen\src\screenshot_editor.py", line 370, in paintEvent
    draw_item(painter, item)
    ~~~~~~~~~^^^^^^^^^^^^^^^
  File "G:\AICoding\luscreen\src\screenshot_editor.py", line 365, in draw_item
    painter.setFont(item['font'])
                    ~~~~^^^^^^^^
KeyError: 'font'

==============================
Crash Time: 2025-12-31 11:06:53.920240
Traceback (most recent call last):
  File "G:\AICoding\luscreen\src\screenshot_editor.py", line 370, in paintEvent
    draw_item(painter, item)
    ~~~~~~~~~^^^^^^^^^^^^^^^
  File "G:\AICoding\luscreen\src\screenshot_editor.py", line 365, in draw_item
    painter.setFont(item['font'])
                    ~~~~^^^^^^^^
KeyError: 'font'

==============================
Crash Time: 2025-12-31 11:06:53.936275
Traceback (most recent call last):
  File "G:\AICoding\luscreen\src\screenshot_editor.py", line 370, in paintEvent
    draw_item(painter, item)
    ~~~~~~~~~^^^^^^^^^^^^^^^
  File "G:\AICoding\luscreen\src\screenshot_editor.py", line 365, in draw_item
    painter.setFont(item['font'])
                    ~~~~^^^^^^^^
KeyError: 'font'

==============================
Crash Time: 2025-12-31 11:06:54.362757
Traceback (most recent call last):
  File "G:\AICoding\luscreen\src\screenshot_editor.py", line 370, in paintEvent
    draw_item(painter, item)
    ~~~~~~~~~^^^^^^^^^^^^^^^
  File "G:\AICoding\luscreen\src\screenshot_editor.py", line 365, in draw_item
    painter.setFont(item['font'])
                    ~~~~^^^^^^^^
KeyError: 'font'

==============================
Crash Time: 2025-12-31 11:06:54.364856
Traceback (most recent call last):
  File "G:\AICoding\luscreen\src\screenshot_editor.py", line 370, in paintEvent
    draw_item(painter, item)
    ~~~~~~~~~^^^^^^^^^^^^^^^
  File "G:\AICoding\luscreen\src\screenshot_editor.py", line 365, in draw_item
    painter.setFont(item['font'])
                    ~~~~^^^^^^^^
KeyError: 'font'

==============================
Crash Time: 2025-12-31 11:06:54.371294
Traceback (most recent call last):
  File "G:\AICoding\luscreen\src\screenshot_editor.py", line 370, in paintEvent
    draw_item(painter, item)
    ~~~~~~~~~^^^^^^^^^^^^^^^
  File "G:\AICoding\luscreen\src\screenshot_editor.py", line 365, in draw_item
    painter.setFont(item['font'])
                    ~~~~^^^^^^^^
KeyError: 'font'

==============================
Crash Time: 2025-12-31 11:06:54.375965
Traceback (most recent call last):
  File "G:\AICoding\luscreen\src\screenshot_editor.py", line 370, in paintEvent
    draw_item(painter, item)
    ~~~~~~~~~^^^^^^^^^^^^^^^
  File "G:\AICoding\luscreen\src\screenshot_editor.py", line 365, in draw_item
    painter.setFont(item['font'])
                    ~~~~^^^^^^^^
KeyError: 'font'

==============================
Crash Time: 2025-12-31 11:06:54.385731
Traceback (most recent call last):
  File "G:\AICoding\luscreen\src\screenshot_editor.py", line 370, in paintEvent
    draw_item(painter, item)
    ~~~~~~~~~^^^^^^^^^^^^^^^
  File "G:\AICoding\luscreen\src\screenshot_editor.py", line 365, in draw_item
    painter.setFont(item['font'])
                    ~~~~^^^^^^^^
KeyError: 'font'

==============================
Crash Time: 2025-12-31 11:06:54.391995
Traceback (most recent call last):
  File "G:\AICoding\luscreen\src\screenshot_editor.py", line 370, in paintEvent
    draw_item(painter, item)
    ~~~~~~~~~^^^^^^^^^^^^^^^
  File "G:\AICoding\luscreen\src\screenshot_editor.py", line 365, in draw_item
    painter.setFont(item['font'])
                    ~~~~^^^^^^^^
KeyError: 'font'

==============================
Crash Time: 2025-12-31 11:06:54.400995
Traceback (most recent call last):
  File "G:\AICoding\luscreen\src\screenshot_editor.py", line 370, in paintEvent
    draw_item(painter, item)
    ~~~~~~~~~^^^^^^^^^^^^^^^
  File "G:\AICoding\luscreen\src\screenshot_editor.py", line 365, in draw_item
    painter.setFont(item['font'])
                    ~~~~^^^^^^^^
KeyError: 'font'

==============================
Crash Time: 2025-12-31 11:06:54.408064
Traceback (most recent call last):
  File "G:\AICoding\luscreen\src\screenshot_editor.py", line 370, in paintEvent
    draw_item(painter, item)
    ~~~~~~~~~^^^^^^^^^^^^^^^
  File "G:\AICoding\luscreen\src\screenshot_editor.py", line 365, in draw_item
    painter.setFont(item['font'])
                    ~~~~^^^^^^^^
KeyError: 'font'

==============================
Crash Time: 2025-12-31 11:06:54.418377
Traceback (most recent call last):
  File "G:\AICoding\luscreen\src\screenshot_editor.py", line 370, in paintEvent
    draw_item(painter, item)
    ~~~~~~~~~^^^^^^^^^^^^^^^
  File "G:\AICoding\luscreen\src\screenshot_editor.py", line 365, in draw_item
    painter.setFont(item['font'])
                    ~~~~^^^^^^^^
KeyError: 'font'

==============================
Crash Time: 2025-12-31 11:06:54.423916
Traceback (most recent call last):
  File "G:\AICoding\luscreen\src\screenshot_editor.py", line 370, in paintEvent
    draw_item(painter, item)
    ~~~~~~~~~^^^^^^^^^^^^^^^
  File "G:\AICoding\luscreen\src\screenshot_editor.py", line 365, in draw_item
    painter.setFont(item['font'])
                    ~~~~^^^^^^^^
KeyError: 'font'

==============================
Crash Time: 2025-12-31 11:06:54.434085
Traceback (most recent call last):
  File "G:\AICoding\luscreen\src\screenshot_editor.py", line 370, in paintEvent
    draw_item(painter, item)
    ~~~~~~~~~^^^^^^^^^^^^^^^
  File "G:\AICoding\luscreen\src\screenshot_editor.py", line 365, in draw_item
    painter.setFont(item['font'])
                    ~~~~^^^^^^^^
KeyError: 'font'

==============================
Crash Time: 2025-12-31 11:06:54.440206
Traceback (most recent call last):
  File "G:\AICoding\luscreen\src\screenshot_editor.py", line 370, in paintEvent
    draw_item(painter, item)
    ~~~~~~~~~^^^^^^^^^^^^^^^
  File "G:\AICoding\luscreen\src\screenshot_editor.py", line 365, in draw_item
    painter.setFont(item['font'])
                    ~~~~^^^^^^^^
KeyError: 'font'

==============================
Crash Time: 2025-12-31 11:06:54.449232
Traceback (most recent call last):
  File "G:\AICoding\luscreen\src\screenshot_editor.py", line 370, in paintEvent
    draw_item(painter, item)
    ~~~~~~~~~^^^^^^^^^^^^^^^
  File "G:\AICoding\luscreen\src\screenshot_editor.py", line 365, in draw_item
    painter.setFont(item['font'])
                    ~~~~^^^^^^^^
KeyError: 'font'

==============================
Crash Time: 2025-12-31 11:06:54.455824
Traceback (most recent call last):
  File "G:\AICoding\luscreen\src\screenshot_editor.py", line 370, in paintEvent
    draw_item(painter, item)
    ~~~~~~~~~^^^^^^^^^^^^^^^
  File "G:\AICoding\luscreen\src\screenshot_editor.py", line 365, in draw_item
    painter.setFont(item['font'])
                    ~~~~^^^^^^^^
KeyError: 'font'

==============================
Crash Time: 2025-12-31 11:06:54.464756
Traceback (most recent call last):
  File "G:\AICoding\luscreen\src\screenshot_editor.py", line 370, in paintEvent
    draw_item(painter, item)
    ~~~~~~~~~^^^^^^^^^^^^^^^
  File "G:\AICoding\luscreen\src\screenshot_editor.py", line 365, in draw_item
    painter.setFont(item['font'])
                    ~~~~^^^^^^^^
KeyError: 'font'

==============================
Crash Time: 2025-12-31 11:06:54.472097
Traceback (most recent call last):
  File "G:\AICoding\luscreen\src\screenshot_editor.py", line 370, in paintEvent
    draw_item(painter, item)
    ~~~~~~~~~^^^^^^^^^^^^^^^
  File "G:\AICoding\luscreen\src\screenshot_editor.py", line 365, in draw_item
    painter.setFont(item['font'])
                    ~~~~^^^^^^^^
KeyError: 'font'

==============================
Crash Time: 2025-12-31 11:06:54.480935
Traceback (most recent call last):
  File "G:\AICoding\luscreen\src\screenshot_editor.py", line 370, in paintEvent
    draw_item(painter, item)
    ~~~~~~~~~^^^^^^^^^^^^^^^
  File "G:\AICoding\luscreen\src\screenshot_editor.py", line 365, in draw_item
    painter.setFont(item['font'])
                    ~~~~^^^^^^^^
KeyError: 'font'

==============================
Crash Time: 2025-12-31 11:06:54.488088
Traceback (most recent call last):
  File "G:\AICoding\luscreen\src\screenshot_editor.py", line 370, in paintEvent
    draw_item(painter, item)
    ~~~~~~~~~^^^^^^^^^^^^^^^
  File "G:\AICoding\luscreen\src\screenshot_editor.py", line 365, in draw_item
    painter.setFont(item['font'])
                    ~~~~^^^^^^^^
KeyError: 'font'

==============================
Crash Time: 2025-12-31 11:06:54.496867
Traceback (most recent call last):
  File "G:\AICoding\luscreen\src\screenshot_editor.py", line 370, in paintEvent
    draw_item(painter, item)
    ~~~~~~~~~^^^^^^^^^^^^^^^
  File "G:\AICoding\luscreen\src\screenshot_editor.py", line 365, in draw_item
    painter.setFont(item['font'])
                    ~~~~^^^^^^^^
KeyError: 'font'

==============================
Crash Time: 2025-12-31 11:06:54.504793
Traceback (most recent call last):
  File "G:\AICoding\luscreen\src\screenshot_editor.py", line 370, in paintEvent
    draw_item(painter, item)
    ~~~~~~~~~^^^^^^^^^^^^^^^
  File "G:\AICoding\luscreen\src\screenshot_editor.py", line 365, in draw_item
    painter.setFont(item['font'])
                    ~~~~^^^^^^^^
KeyError: 'font'

==============================
Crash Time: 2025-12-31 11:06:54.513008
Traceback (most recent call last):
  File "G:\AICoding\luscreen\src\screenshot_editor.py", line 370, in paintEvent
    draw_item(painter, item)
    ~~~~~~~~~^^^^^^^^^^^^^^^
  File "G:\AICoding\luscreen\src\screenshot_editor.py", line 365, in draw_item
    painter.setFont(item['font'])
                    ~~~~^^^^^^^^
KeyError: 'font'

==============================
Crash Time: 2025-12-31 11:06:54.520097
Traceback (most recent call last):
  File "G:\AICoding\luscreen\src\screenshot_editor.py", line 370, in paintEvent
    draw_item(painter, item)
    ~~~~~~~~~^^^^^^^^^^^^^^^
  File "G:\AICoding\luscreen\src\screenshot_editor.py", line 365, in draw_item
    painter.setFont(item['font'])
                    ~~~~^^^^^^^^
KeyError: 'font'

==============================
Crash Time: 2025-12-31 11:06:54.528863
Traceback (most recent call last):
  File "G:\AICoding\luscreen\src\screenshot_editor.py", line 370, in paintEvent
    draw_item(painter, item)
    ~~~~~~~~~^^^^^^^^^^^^^^^
  File "G:\AICoding\luscreen\src\screenshot_editor.py", line 365, in draw_item
    painter.setFont(item['font'])
                    ~~~~^^^^^^^^
KeyError: 'font'

==============================
Crash Time: 2025-12-31 11:06:54.535844
Traceback (most recent call last):
  File "G:\AICoding\luscreen\src\screenshot_editor.py", line 370, in paintEvent
    draw_item(painter, item)
    ~~~~~~~~~^^^^^^^^^^^^^^^
  File "G:\AICoding\luscreen\src\screenshot_editor.py", line 365, in draw_item
    painter.setFont(item['font'])
                    ~~~~^^^^^^^^
KeyError: 'font'

==============================
Crash Time: 2025-12-31 11:06:54.545106
Traceback (most recent call last):
  File "G:\AICoding\luscreen\src\screenshot_editor.py", line 370, in paintEvent
    draw_item(painter, item)
    ~~~~~~~~~^^^^^^^^^^^^^^^
  File "G:\AICoding\luscreen\src\screenshot_editor.py", line 365, in draw_item
    painter.setFont(item['font'])
                    ~~~~^^^^^^^^
KeyError: 'font'

==============================
Crash Time: 2025-12-31 11:06:54.551949
Traceback (most recent call last):
  File "G:\AICoding\luscreen\src\screenshot_editor.py", line 370, in paintEvent
    draw_item(painter, item)
    ~~~~~~~~~^^^^^^^^^^^^^^^
  File "G:\AICoding\luscreen\src\screenshot_editor.py", line 365, in draw_item
    painter.setFont(item['font'])
                    ~~~~^^^^^^^^
KeyError: 'font'

==============================
Crash Time: 2025-12-31 11:06:54.561703
Traceback (most recent call last):
  File "G:\AICoding\luscreen\src\screenshot_editor.py", line 370, in paintEvent
    draw_item(painter, item)
    ~~~~~~~~~^^^^^^^^^^^^^^^
  File "G:\AICoding\luscreen\src\screenshot_editor.py", line 365, in draw_item
    painter.setFont(item['font'])
                    ~~~~^^^^^^^^
KeyError: 'font'

==============================
Crash Time: 2025-12-31 11:06:54.567820
Traceback (most recent call last):
  File "G:\AICoding\luscreen\src\screenshot_editor.py", line 370, in paintEvent
    draw_item(painter, item)
    ~~~~~~~~~^^^^^^^^^^^^^^^
  File "G:\AICoding\luscreen\src\screenshot_editor.py", line 365, in draw_item
    painter.setFont(item['font'])
                    ~~~~^^^^^^^^
KeyError: 'font'

==============================
Crash Time: 2025-12-31 11:06:54.576944
Traceback (most recent call last):
  File "G:\AICoding\luscreen\src\screenshot_editor.py", line 370, in paintEvent
    draw_item(painter, item)
    ~~~~~~~~~^^^^^^^^^^^^^^^
  File "G:\AICoding\luscreen\src\screenshot_editor.py", line 365, in draw_item
    painter.setFont(item['font'])
                    ~~~~^^^^^^^^
KeyError: 'font'

==============================
Crash Time: 2025-12-31 11:06:54.593040
Traceback (most recent call last):
  File "G:\AICoding\luscreen\src\screenshot_editor.py", line 370, in paintEvent
    draw_item(painter, item)
    ~~~~~~~~~^^^^^^^^^^^^^^^
  File "G:\AICoding\luscreen\src\screenshot_editor.py", line 365, in draw_item
    painter.setFont(item['font'])
                    ~~~~^^^^^^^^
KeyError: 'font'

==============================
Crash Time: 2025-12-31 11:06:54.599700
Traceback (most recent call last):
  File "G:\AICoding\luscreen\src\screenshot_editor.py", line 370, in paintEvent
    draw_item(painter, item)
    ~~~~~~~~~^^^^^^^^^^^^^^^
  File "G:\AICoding\luscreen\src\screenshot_editor.py", line 365, in draw_item
    painter.setFont(item['font'])
                    ~~~~^^^^^^^^
KeyError: 'font'

==============================
Crash Time: 2025-12-31 11:06:54.608948
Traceback (most recent call last):
  File "G:\AICoding\luscreen\src\screenshot_editor.py", line 370, in paintEvent
    draw_item(painter, item)
    ~~~~~~~~~^^^^^^^^^^^^^^^
  File "G:\AICoding\luscreen\src\screenshot_editor.py", line 365, in draw_item
    painter.setFont(item['font'])
                    ~~~~^^^^^^^^
KeyError: 'font'

==============================
Crash Time: 2025-12-31 11:06:54.624471
Traceback (most recent call last):
  File "G:\AICoding\luscreen\src\screenshot_editor.py", line 370, in paintEvent
    draw_item(painter, item)
    ~~~~~~~~~^^^^^^^^^^^^^^^
  File "G:\AICoding\luscreen\src\screenshot_editor.py", line 365, in draw_item
    painter.setFont(item['font'])
                    ~~~~^^^^^^^^
KeyError: 'font'

==============================
Crash Time: 2025-12-31 11:06:54.639978
Traceback (most recent call last):
  File "G:\AICoding\luscreen\src\screenshot_editor.py", line 370, in paintEvent
    draw_item(painter, item)
    ~~~~~~~~~^^^^^^^^^^^^^^^
  File "G:\AICoding\luscreen\src\screenshot_editor.py", line 365, in draw_item
    painter.setFont(item['font'])
                    ~~~~^^^^^^^^
KeyError: 'font'

==============================
Crash Time: 2025-12-31 11:06:54.647745
Traceback (most recent call last):
  File "G:\AICoding\luscreen\src\screenshot_editor.py", line 370, in paintEvent
    draw_item(painter, item)
    ~~~~~~~~~^^^^^^^^^^^^^^^
  File "G:\AICoding\luscreen\src\screenshot_editor.py", line 365, in draw_item
    painter.setFont(item['font'])
                    ~~~~^^^^^^^^
KeyError: 'font'

==============================
Crash Time: 2025-12-31 11:06:54.712815
Traceback (most recent call last):
  File "G:\AICoding\luscreen\src\screenshot_editor.py", line 370, in paintEvent
    draw_item(painter, item)
    ~~~~~~~~~^^^^^^^^^^^^^^^
  File "G:\AICoding\luscreen\src\screenshot_editor.py", line 365, in draw_item
    painter.setFont(item['font'])
                    ~~~~^^^^^^^^
KeyError: 'font'

==============================
Crash Time: 2025-12-31 11:06:54.720840
Traceback (most recent call last):
  File "G:\AICoding\luscreen\src\screenshot_editor.py", line 370, in paintEvent
    draw_item(painter, item)
    ~~~~~~~~~^^^^^^^^^^^^^^^
  File "G:\AICoding\luscreen\src\screenshot_editor.py", line 365, in draw_item
    painter.setFont(item['font'])
                    ~~~~^^^^^^^^
KeyError: 'font'

==============================
Crash Time: 2025-12-31 11:06:54.889313
Traceback (most recent call last):
  File "G:\AICoding\luscreen\src\screenshot_editor.py", line 370, in paintEvent
    draw_item(painter, item)
    ~~~~~~~~~^^^^^^^^^^^^^^^
  File "G:\AICoding\luscreen\src\screenshot_editor.py", line 365, in draw_item
    painter.setFont(item['font'])
                    ~~~~^^^^^^^^
KeyError: 'font'

==============================
Crash Time: 2025-12-31 11:06:55.420368
Traceback (most recent call last):
  File "G:\AICoding\luscreen\src\screenshot_editor.py", line 370, in paintEvent
    draw_item(painter, item)
    ~~~~~~~~~^^^^^^^^^^^^^^^
  File "G:\AICoding\luscreen\src\screenshot_editor.py", line 365, in draw_item
    painter.setFont(item['font'])
                    ~~~~^^^^^^^^
KeyError: 'font'

==============================
Crash Time: 2025-12-31 11:06:55.951961
Traceback (most recent call last):
  File "G:\AICoding\luscreen\src\screenshot_editor.py", line 370, in paintEvent
    draw_item(painter, item)
    ~~~~~~~~~^^^^^^^^^^^^^^^
  File "G:\AICoding\luscreen\src\screenshot_editor.py", line 365, in draw_item
    painter.setFont(item['font'])
                    ~~~~^^^^^^^^
KeyError: 'font'

==============================
Crash Time: 2025-12-31 11:06:56.089211
Traceback (most recent call last):
  File "G:\AICoding\luscreen\src\screenshot_editor.py", line 370, in paintEvent
    draw_item(painter, item)
    ~~~~~~~~~^^^^^^^^^^^^^^^
  File "G:\AICoding\luscreen\src\screenshot_editor.py", line 365, in draw_item
    painter.setFont(item['font'])
                    ~~~~^^^^^^^^
KeyError: 'font'

==============================
Crash Time: 2025-12-31 11:06:56.121468
Traceback (most recent call last):
  File "G:\AICoding\luscreen\src\screenshot_editor.py", line 370, in paintEvent
    draw_item(painter, item)
    ~~~~~~~~~^^^^^^^^^^^^^^^
  File "G:\AICoding\luscreen\src\screenshot_editor.py", line 365, in draw_item
    painter.setFont(item['font'])
                    ~~~~^^^^^^^^
KeyError: 'font'

==============================
Crash Time: 2025-12-31 11:06:56.481083
Traceback (most recent call last):
  File "G:\AICoding\luscreen\src\screenshot_editor.py", line 370, in paintEvent
    draw_item(painter, item)
    ~~~~~~~~~^^^^^^^^^^^^^^^
  File "G:\AICoding\luscreen\src\screenshot_editor.py", line 365, in draw_item
    painter.setFont(item['font'])
                    ~~~~^^^^^^^^
KeyError: 'font'

==============================
Crash Time: 2025-12-31 11:06:56.696681
Traceback (most recent call last):
  File "G:\AICoding\luscreen\src\screenshot_editor.py", line 370, in paintEvent
    draw_item(painter, item)
    ~~~~~~~~~^^^^^^^^^^^^^^^
  File "G:\AICoding\luscreen\src\screenshot_editor.py", line 365, in draw_item
    painter.setFont(item['font'])
                    ~~~~^^^^^^^^
KeyError: 'font'

==============================
Crash Time: 2025-12-31 11:06:57.536498
Traceback (most recent call last):
  File "G:\AICoding\luscreen\src\screenshot_editor.py", line 370, in paintEvent
    draw_item(painter, item)
    ~~~~~~~~~^^^^^^^^^^^^^^^
  File "G:\AICoding\luscreen\src\screenshot_editor.py", line 365, in draw_item
    painter.setFont(item['font'])
                    ~~~~^^^^^^^^
KeyError: 'font'

==============================
Crash Time: 2025-12-31 11:06:57.544198
Traceback (most recent call last):
  File "G:\AICoding\luscreen\src\screenshot_editor.py", line 370, in paintEvent
    draw_item(painter, item)
    ~~~~~~~~~^^^^^^^^^^^^^^^
  File "G:\AICoding\luscreen\src\screenshot_editor.py", line 365, in draw_item
    painter.setFont(item['font'])
                    ~~~~^^^^^^^^
KeyError: 'font'

==============================
Crash Time: 2025-12-31 11:06:57.707277
Traceback (most recent call last):
  File "G:\AICoding\luscreen\src\screenshot_editor.py", line 370, in paintEvent
    draw_item(painter, item)
    ~~~~~~~~~^^^^^^^^^^^^^^^
  File "G:\AICoding\luscreen\src\screenshot_editor.py", line 365, in draw_item
    painter.setFont(item['font'])
                    ~~~~^^^^^^^^
KeyError: 'font'

==============================
Crash Time: 2025-12-31 11:06:57.729037
Traceback (most recent call last):
  File "G:\AICoding\luscreen\src\screenshot_editor.py", line 370, in paintEvent
    draw_item(painter, item)
    ~~~~~~~~~^^^^^^^^^^^^^^^
  File "G:\AICoding\luscreen\src\screenshot_editor.py", line 365, in draw_item
    painter.setFont(item['font'])
                    ~~~~^^^^^^^^
KeyError: 'font'

==============================
Crash Time: 2025-12-31 11:06:57.735792
Traceback (most recent call last):
  File "G:\AICoding\luscreen\src\screenshot_editor.py", line 370, in paintEvent
    draw_item(painter, item)
    ~~~~~~~~~^^^^^^^^^^^^^^^
  File "G:\AICoding\luscreen\src\screenshot_editor.py", line 365, in draw_item
    painter.setFont(item['font'])
                    ~~~~^^^^^^^^
KeyError: 'font'

==============================
Crash Time: 2025-12-31 11:06:57.745567
Traceback (most recent call last):
  File "G:\AICoding\luscreen\src\screenshot_editor.py", line 370, in paintEvent
    draw_item(painter, item)
    ~~~~~~~~~^^^^^^^^^^^^^^^
  File "G:\AICoding\luscreen\src\screenshot_editor.py", line 365, in draw_item
    painter.setFont(item['font'])
                    ~~~~^^^^^^^^
KeyError: 'font'

==============================
Crash Time: 2025-12-31 11:06:57.751768
Traceback (most recent call last):
  File "G:\AICoding\luscreen\src\screenshot_editor.py", line 370, in paintEvent
    draw_item(painter, item)
    ~~~~~~~~~^^^^^^^^^^^^^^^
  File "G:\AICoding\luscreen\src\screenshot_editor.py", line 365, in draw_item
    painter.setFont(item['font'])
                    ~~~~^^^^^^^^
KeyError: 'font'

==============================
Crash Time: 2025-12-31 11:06:57.762026
Traceback (most recent call last):
  File "G:\AICoding\luscreen\src\screenshot_editor.py", line 370, in paintEvent
    draw_item(painter, item)
    ~~~~~~~~~^^^^^^^^^^^^^^^
  File "G:\AICoding\luscreen\src\screenshot_editor.py", line 365, in draw_item
    painter.setFont(item['font'])
                    ~~~~^^^^^^^^
KeyError: 'font'

==============================
Crash Time: 2025-12-31 11:06:57.767711
Traceback (most recent call last):
  File "G:\AICoding\luscreen\src\screenshot_editor.py", line 370, in paintEvent
    draw_item(painter, item)
    ~~~~~~~~~^^^^^^^^^^^^^^^
  File "G:\AICoding\luscreen\src\screenshot_editor.py", line 365, in draw_item
    painter.setFont(item['font'])
                    ~~~~^^^^^^^^
KeyError: 'font'

==============================
Crash Time: 2025-12-31 11:06:57.777078
Traceback (most recent call last):
  File "G:\AICoding\luscreen\src\screenshot_editor.py", line 370, in paintEvent
    draw_item(painter, item)
    ~~~~~~~~~^^^^^^^^^^^^^^^
  File "G:\AICoding\luscreen\src\screenshot_editor.py", line 365, in draw_item
    painter.setFont(item['font'])
                    ~~~~^^^^^^^^
KeyError: 'font'

==============================
Crash Time: 2025-12-31 11:06:57.783691
Traceback (most recent call last):
  File "G:\AICoding\luscreen\src\screenshot_editor.py", line 370, in paintEvent
    draw_item(painter, item)
    ~~~~~~~~~^^^^^^^^^^^^^^^
  File "G:\AICoding\luscreen\src\screenshot_editor.py", line 365, in draw_item
    painter.setFont(item['font'])
                    ~~~~^^^^^^^^
KeyError: 'font'

==============================
Crash Time: 2025-12-31 11:06:57.792928
Traceback (most recent call last):
  File "G:\AICoding\luscreen\src\screenshot_editor.py", line 370, in paintEvent
    draw_item(painter, item)
    ~~~~~~~~~^^^^^^^^^^^^^^^
  File "G:\AICoding\luscreen\src\screenshot_editor.py", line 365, in draw_item
    painter.setFont(item['font'])
                    ~~~~^^^^^^^^
KeyError: 'font'

==============================
Crash Time: 2025-12-31 11:06:57.799682
Traceback (most recent call last):
  File "G:\AICoding\luscreen\src\screenshot_editor.py", line 370, in paintEvent
    draw_item(painter, item)
    ~~~~~~~~~^^^^^^^^^^^^^^^
  File "G:\AICoding\luscreen\src\screenshot_editor.py", line 365, in draw_item
    painter.setFont(item['font'])
                    ~~~~^^^^^^^^
KeyError: 'font'

==============================
Crash Time: 2025-12-31 11:06:57.809394
Traceback (most recent call last):
  File "G:\AICoding\luscreen\src\screenshot_editor.py", line 370, in paintEvent
    draw_item(painter, item)
    ~~~~~~~~~^^^^^^^^^^^^^^^
  File "G:\AICoding\luscreen\src\screenshot_editor.py", line 365, in draw_item
    painter.setFont(item['font'])
                    ~~~~^^^^^^^^
KeyError: 'font'

==============================
Crash Time: 2025-12-31 11:06:57.815662
Traceback (most recent call last):
  File "G:\AICoding\luscreen\src\screenshot_editor.py", line 370, in paintEvent
    draw_item(painter, item)
    ~~~~~~~~~^^^^^^^^^^^^^^^
  File "G:\AICoding\luscreen\src\screenshot_editor.py", line 365, in draw_item
    painter.setFont(item['font'])
                    ~~~~^^^^^^^^
KeyError: 'font'

==============================
Crash Time: 2025-12-31 11:06:57.825644
Traceback (most recent call last):
  File "G:\AICoding\luscreen\src\screenshot_editor.py", line 370, in paintEvent
    draw_item(painter, item)
    ~~~~~~~~~^^^^^^^^^^^^^^^
  File "G:\AICoding\luscreen\src\screenshot_editor.py", line 365, in draw_item
    painter.setFont(item['font'])
                    ~~~~^^^^^^^^
KeyError: 'font'

==============================
Crash Time: 2025-12-31 11:06:57.831771
Traceback (most recent call last):
  File "G:\AICoding\luscreen\src\screenshot_editor.py", line 370, in paintEvent
    draw_item(painter, item)
    ~~~~~~~~~^^^^^^^^^^^^^^^
  File "G:\AICoding\luscreen\src\screenshot_editor.py", line 365, in draw_item
    painter.setFont(item['font'])
                    ~~~~^^^^^^^^
KeyError: 'font'

==============================
Crash Time: 2025-12-31 11:06:57.840390
Traceback (most recent call last):
  File "G:\AICoding\luscreen\src\screenshot_editor.py", line 370, in paintEvent
    draw_item(painter, item)
    ~~~~~~~~~^^^^^^^^^^^^^^^
  File "G:\AICoding\luscreen\src\screenshot_editor.py", line 365, in draw_item
    painter.setFont(item['font'])
                    ~~~~^^^^^^^^
KeyError: 'font'

==============================
Crash Time: 2025-12-31 11:06:57.847670
Traceback (most recent call last):
  File "G:\AICoding\luscreen\src\screenshot_editor.py", line 370, in paintEvent
    draw_item(painter, item)
    ~~~~~~~~~^^^^^^^^^^^^^^^
  File "G:\AICoding\luscreen\src\screenshot_editor.py", line 365, in draw_item
    painter.setFont(item['font'])
                    ~~~~^^^^^^^^
KeyError: 'font'

==============================
Crash Time: 2025-12-31 11:06:57.856040
Traceback (most recent call last):
  File "G:\AICoding\luscreen\src\screenshot_editor.py", line 370, in paintEvent
    draw_item(painter, item)
    ~~~~~~~~~^^^^^^^^^^^^^^^
  File "G:\AICoding\luscreen\src\screenshot_editor.py", line 365, in draw_item
    painter.setFont(item['font'])
                    ~~~~^^^^^^^^
KeyError: 'font'

==============================
Crash Time: 2025-12-31 11:06:57.863625
Traceback (most recent call last):
  File "G:\AICoding\luscreen\src\screenshot_editor.py", line 370, in paintEvent
    draw_item(painter, item)
    ~~~~~~~~~^^^^^^^^^^^^^^^
  File "G:\AICoding\luscreen\src\screenshot_editor.py", line 365, in draw_item
    painter.setFont(item['font'])
                    ~~~~^^^^^^^^
KeyError: 'font'

==============================
Crash Time: 2025-12-31 11:06:57.872666
Traceback (most recent call last):
  File "G:\AICoding\luscreen\src\screenshot_editor.py", line 370, in paintEvent
    draw_item(painter, item)
    ~~~~~~~~~^^^^^^^^^^^^^^^
  File "G:\AICoding\luscreen\src\screenshot_editor.py", line 365, in draw_item
    painter.setFont(item['font'])
                    ~~~~^^^^^^^^
KeyError: 'font'

==============================
Crash Time: 2025-12-31 11:06:57.879853
Traceback (most recent call last):
  File "G:\AICoding\luscreen\src\screenshot_editor.py", line 370, in paintEvent
    draw_item(painter, item)
    ~~~~~~~~~^^^^^^^^^^^^^^^
  File "G:\AICoding\luscreen\src\screenshot_editor.py", line 365, in draw_item
    painter.setFont(item['font'])
                    ~~~~^^^^^^^^
KeyError: 'font'

==============================
Crash Time: 2025-12-31 11:06:57.887747
Traceback (most recent call last):
  File "G:\AICoding\luscreen\src\screenshot_editor.py", line 370, in paintEvent
    draw_item(painter, item)
    ~~~~~~~~~^^^^^^^^^^^^^^^
  File "G:\AICoding\luscreen\src\screenshot_editor.py", line 365, in draw_item
    painter.setFont(item['font'])
                    ~~~~^^^^^^^^
KeyError: 'font'

==============================
Crash Time: 2025-12-31 11:06:57.895771
Traceback (most recent call last):
  File "G:\AICoding\luscreen\src\screenshot_editor.py", line 370, in paintEvent
    draw_item(painter, item)
    ~~~~~~~~~^^^^^^^^^^^^^^^
  File "G:\AICoding\luscreen\src\screenshot_editor.py", line 365, in draw_item
    painter.setFont(item['font'])
                    ~~~~^^^^^^^^
KeyError: 'font'

==============================
Crash Time: 2025-12-31 11:06:57.903611
Traceback (most recent call last):
  File "G:\AICoding\luscreen\src\screenshot_editor.py", line 370, in paintEvent
    draw_item(painter, item)
    ~~~~~~~~~^^^^^^^^^^^^^^^
  File "G:\AICoding\luscreen\src\screenshot_editor.py", line 365, in draw_item
    painter.setFont(item['font'])
                    ~~~~^^^^^^^^
KeyError: 'font'

==============================
Crash Time: 2025-12-31 11:06:57.911987
Traceback (most recent call last):
  File "G:\AICoding\luscreen\src\screenshot_editor.py", line 370, in paintEvent
    draw_item(painter, item)
    ~~~~~~~~~^^^^^^^^^^^^^^^
  File "G:\AICoding\luscreen\src\screenshot_editor.py", line 365, in draw_item
    painter.setFont(item['font'])
                    ~~~~^^^^^^^^
KeyError: 'font'

==============================
Crash Time: 2025-12-31 11:06:57.920989
Traceback (most recent call last):
  File "G:\AICoding\luscreen\src\screenshot_editor.py", line 370, in paintEvent
    draw_item(painter, item)
    ~~~~~~~~~^^^^^^^^^^^^^^^
  File "G:\AICoding\luscreen\src\screenshot_editor.py", line 365, in draw_item
    painter.setFont(item['font'])
                    ~~~~^^^^^^^^
KeyError: 'font'

==============================
Crash Time: 2025-12-31 11:06:58.033802
Traceback (most recent call last):
  File "G:\AICoding\luscreen\src\screenshot_editor.py", line 370, in paintEvent
    draw_item(painter, item)
    ~~~~~~~~~^^^^^^^^^^^^^^^
  File "G:\AICoding\luscreen\src\screenshot_editor.py", line 365, in draw_item
    painter.setFont(item['font'])
                    ~~~~^^^^^^^^
KeyError: 'font'

==============================
Crash Time: 2025-12-31 11:06:58.230398
Traceback (most recent call last):
  File "G:\AICoding\luscreen\src\screenshot_editor.py", line 370, in paintEvent
    draw_item(painter, item)
    ~~~~~~~~~^^^^^^^^^^^^^^^
  File "G:\AICoding\luscreen\src\screenshot_editor.py", line 365, in draw_item
    painter.setFont(item['font'])
                    ~~~~^^^^^^^^
KeyError: 'font'

==============================
Crash Time: 2025-12-31 11:06:58.768339
Traceback (most recent call last):
  File "G:\AICoding\luscreen\src\screenshot_editor.py", line 370, in paintEvent
    draw_item(painter, item)
    ~~~~~~~~~^^^^^^^^^^^^^^^
  File "G:\AICoding\luscreen\src\screenshot_editor.py", line 365, in draw_item
    painter.setFont(item['font'])
                    ~~~~^^^^^^^^
KeyError: 'font'

==============================
Crash Time: 2025-12-31 11:06:59.292452
Traceback (most recent call last):
  File "G:\AICoding\luscreen\src\screenshot_editor.py", line 370, in paintEvent
    draw_item(painter, item)
    ~~~~~~~~~^^^^^^^^^^^^^^^
  File "G:\AICoding\luscreen\src\screenshot_editor.py", line 365, in draw_item
    painter.setFont(item['font'])
                    ~~~~^^^^^^^^
KeyError: 'font'

==============================
Crash Time: 2025-12-31 11:06:59.834502
Traceback (most recent call last):
  File "G:\AICoding\luscreen\src\screenshot_editor.py", line 370, in paintEvent
    draw_item(painter, item)
    ~~~~~~~~~^^^^^^^^^^^^^^^
  File "G:\AICoding\luscreen\src\screenshot_editor.py", line 365, in draw_item
    painter.setFont(item['font'])
                    ~~~~^^^^^^^^
KeyError: 'font'

==============================
Crash Time: 2025-12-31 11:07:00.359191
Traceback (most recent call last):
  File "G:\AICoding\luscreen\src\screenshot_editor.py", line 370, in paintEvent
    draw_item(painter, item)
    ~~~~~~~~~^^^^^^^^^^^^^^^
  File "G:\AICoding\luscreen\src\screenshot_editor.py", line 365, in draw_item
    painter.setFont(item['font'])
                    ~~~~^^^^^^^^
KeyError: 'font'

==============================
Crash Time: 2025-12-31 11:07:00.887483
Traceback (most recent call last):
  File "G:\AICoding\luscreen\src\screenshot_editor.py", line 370, in paintEvent
    draw_item(painter, item)
    ~~~~~~~~~^^^^^^^^^^^^^^^
  File "G:\AICoding\luscreen\src\screenshot_editor.py", line 365, in draw_item
    painter.setFont(item['font'])
                    ~~~~^^^^^^^^
KeyError: 'font'

==============================
Crash Time: 2025-12-31 11:07:01.422918
Traceback (most recent call last):
  File "G:\AICoding\luscreen\src\screenshot_editor.py", line 370, in paintEvent
    draw_item(painter, item)
    ~~~~~~~~~^^^^^^^^^^^^^^^
  File "G:\AICoding\luscreen\src\screenshot_editor.py", line 365, in draw_item
    painter.setFont(item['font'])
                    ~~~~^^^^^^^^
KeyError: 'font'

==============================
Crash Time: 2025-12-31 11:07:01.944111
Traceback (most recent call last):
  File "G:\AICoding\luscreen\src\screenshot_editor.py", line 370, in paintEvent
    draw_item(painter, item)
    ~~~~~~~~~^^^^^^^^^^^^^^^
  File "G:\AICoding\luscreen\src\screenshot_editor.py", line 365, in draw_item
    painter.setFont(item['font'])
                    ~~~~^^^^^^^^
KeyError: 'font'

==============================
Crash Time: 2025-12-31 11:07:01.952677
Traceback (most recent call last):
  File "G:\AICoding\luscreen\src\screenshot_editor.py", line 370, in paintEvent
    draw_item(painter, item)
    ~~~~~~~~~^^^^^^^^^^^^^^^
  File "G:\AICoding\luscreen\src\screenshot_editor.py", line 365, in draw_item
    painter.setFont(item['font'])
                    ~~~~^^^^^^^^
KeyError: 'font'

==============================
Crash Time: 2025-12-31 11:07:01.977778
Traceback (most recent call last):
  File "G:\AICoding\luscreen\src\screenshot_editor.py", line 370, in paintEvent
    draw_item(painter, item)
    ~~~~~~~~~^^^^^^^^^^^^^^^
  File "G:\AICoding\luscreen\src\screenshot_editor.py", line 365, in draw_item
    painter.setFont(item['font'])
                    ~~~~^^^^^^^^
KeyError: 'font'

==============================
Crash Time: 2025-12-31 11:07:02.471607
Traceback (most recent call last):
  File "G:\AICoding\luscreen\src\screenshot_editor.py", line 370, in paintEvent
    draw_item(painter, item)
    ~~~~~~~~~^^^^^^^^^^^^^^^
  File "G:\AICoding\luscreen\src\screenshot_editor.py", line 365, in draw_item
    painter.setFont(item['font'])
                    ~~~~^^^^^^^^
KeyError: 'font'

==============================
Crash Time: 2025-12-31 11:07:03.776829
Traceback (most recent call last):
  File "G:\AICoding\luscreen\src\screenshot_editor.py", line 370, in paintEvent
    draw_item(painter, item)
    ~~~~~~~~~^^^^^^^^^^^^^^^
  File "G:\AICoding\luscreen\src\screenshot_editor.py", line 365, in draw_item
    painter.setFont(item['font'])
                    ~~~~^^^^^^^^
KeyError: 'font'

==============================
Crash Time: 2025-12-31 11:07:03.794249
Traceback (most recent call last):
  File "G:\AICoding\luscreen\src\screenshot_editor.py", line 370, in paintEvent
    draw_item(painter, item)
    ~~~~~~~~~^^^^^^^^^^^^^^^
  File "G:\AICoding\luscreen\src\screenshot_editor.py", line 365, in draw_item
    painter.setFont(item['font'])
                    ~~~~^^^^^^^^
KeyError: 'font'

==============================
Crash Time: 2025-12-31 11:07:03.979631
Traceback (most recent call last):
  File "G:\AICoding\luscreen\src\screenshot_editor.py", line 370, in paintEvent
    draw_item(painter, item)
    ~~~~~~~~~^^^^^^^^^^^^^^^
  File "G:\AICoding\luscreen\src\screenshot_editor.py", line 365, in draw_item
    painter.setFont(item['font'])
                    ~~~~^^^^^^^^
KeyError: 'font'

==============================
Crash Time: 2025-12-31 11:07:03.981682
Traceback (most recent call last):
  File "G:\AICoding\luscreen\src\screenshot_editor.py", line 370, in paintEvent
    draw_item(painter, item)
    ~~~~~~~~~^^^^^^^^^^^^^^^
  File "G:\AICoding\luscreen\src\screenshot_editor.py", line 365, in draw_item
    painter.setFont(item['font'])
                    ~~~~^^^^^^^^
KeyError: 'font'

==============================
Crash Time: 2025-12-31 11:07:03.984708
Traceback (most recent call last):
  File "G:\AICoding\luscreen\src\screenshot_editor.py", line 370, in paintEvent
    draw_item(painter, item)
    ~~~~~~~~~^^^^^^^^^^^^^^^
  File "G:\AICoding\luscreen\src\screenshot_editor.py", line 365, in draw_item
    painter.setFont(item['font'])
                    ~~~~^^^^^^^^
KeyError: 'font'

==============================
Crash Time: 2025-12-31 11:07:03.992552
Traceback (most recent call last):
  File "G:\AICoding\luscreen\src\screenshot_editor.py", line 370, in paintEvent
    draw_item(painter, item)
    ~~~~~~~~~^^^^^^^^^^^^^^^
  File "G:\AICoding\luscreen\src\screenshot_editor.py", line 365, in draw_item
    painter.setFont(item['font'])
                    ~~~~^^^^^^^^
KeyError: 'font'

==============================
Crash Time: 2025-12-31 11:07:04.000224
Traceback (most recent call last):
  File "G:\AICoding\luscreen\src\screenshot_editor.py", line 370, in paintEvent
    draw_item(painter, item)
    ~~~~~~~~~^^^^^^^^^^^^^^^
  File "G:\AICoding\luscreen\src\screenshot_editor.py", line 365, in draw_item
    painter.setFont(item['font'])
                    ~~~~^^^^^^^^
KeyError: 'font'

==============================
Crash Time: 2025-12-31 11:07:04.009146
Traceback (most recent call last):
  File "G:\AICoding\luscreen\src\screenshot_editor.py", line 370, in paintEvent
    draw_item(painter, item)
    ~~~~~~~~~^^^^^^^^^^^^^^^
  File "G:\AICoding\luscreen\src\screenshot_editor.py", line 365, in draw_item
    painter.setFont(item['font'])
                    ~~~~^^^^^^^^
KeyError: 'font'

==============================
Crash Time: 2025-12-31 11:07:04.015945
Traceback (most recent call last):
  File "G:\AICoding\luscreen\src\screenshot_editor.py", line 370, in paintEvent
    draw_item(painter, item)
    ~~~~~~~~~^^^^^^^^^^^^^^^
  File "G:\AICoding\luscreen\src\screenshot_editor.py", line 365, in draw_item
    painter.setFont(item['font'])
                    ~~~~^^^^^^^^
KeyError: 'font'

==============================
Crash Time: 2025-12-31 11:07:04.026894
Traceback (most recent call last):
  File "G:\AICoding\luscreen\src\screenshot_editor.py", line 370, in paintEvent
    draw_item(painter, item)
    ~~~~~~~~~^^^^^^^^^^^^^^^
  File "G:\AICoding\luscreen\src\screenshot_editor.py", line 365, in draw_item
    painter.setFont(item['font'])
                    ~~~~^^^^^^^^
KeyError: 'font'

==============================
Crash Time: 2025-12-31 11:07:04.031819
Traceback (most recent call last):
  File "G:\AICoding\luscreen\src\screenshot_editor.py", line 370, in paintEvent
    draw_item(painter, item)
    ~~~~~~~~~^^^^^^^^^^^^^^^
  File "G:\AICoding\luscreen\src\screenshot_editor.py", line 365, in draw_item
    painter.setFont(item['font'])
                    ~~~~^^^^^^^^
KeyError: 'font'

==============================
Crash Time: 2025-12-31 11:07:04.040972
Traceback (most recent call last):
  File "G:\AICoding\luscreen\src\screenshot_editor.py", line 370, in paintEvent
    draw_item(painter, item)
    ~~~~~~~~~^^^^^^^^^^^^^^^
  File "G:\AICoding\luscreen\src\screenshot_editor.py", line 365, in draw_item
    painter.setFont(item['font'])
                    ~~~~^^^^^^^^
KeyError: 'font'

==============================
Crash Time: 2025-12-31 11:07:04.047959
Traceback (most recent call last):
  File "G:\AICoding\luscreen\src\screenshot_editor.py", line 370, in paintEvent
    draw_item(painter, item)
    ~~~~~~~~~^^^^^^^^^^^^^^^
  File "G:\AICoding\luscreen\src\screenshot_editor.py", line 365, in draw_item
    painter.setFont(item['font'])
                    ~~~~^^^^^^^^
KeyError: 'font'

==============================
Crash Time: 2025-12-31 11:07:04.056758
Traceback (most recent call last):
  File "G:\AICoding\luscreen\src\screenshot_editor.py", line 370, in paintEvent
    draw_item(painter, item)
    ~~~~~~~~~^^^^^^^^^^^^^^^
  File "G:\AICoding\luscreen\src\screenshot_editor.py", line 365, in draw_item
    painter.setFont(item['font'])
                    ~~~~^^^^^^^^
KeyError: 'font'

==============================
Crash Time: 2025-12-31 11:07:04.063910
Traceback (most recent call last):
  File "G:\AICoding\luscreen\src\screenshot_editor.py", line 370, in paintEvent
    draw_item(painter, item)
    ~~~~~~~~~^^^^^^^^^^^^^^^
  File "G:\AICoding\luscreen\src\screenshot_editor.py", line 365, in draw_item
    painter.setFont(item['font'])
                    ~~~~^^^^^^^^
KeyError: 'font'

==============================
Crash Time: 2025-12-31 11:07:04.072636
Traceback (most recent call last):
  File "G:\AICoding\luscreen\src\screenshot_editor.py", line 370, in paintEvent
    draw_item(painter, item)
    ~~~~~~~~~^^^^^^^^^^^^^^^
  File "G:\AICoding\luscreen\src\screenshot_editor.py", line 365, in draw_item
    painter.setFont(item['font'])
                    ~~~~^^^^^^^^
KeyError: 'font'

==============================
Crash Time: 2025-12-31 11:07:04.079867
Traceback (most recent call last):
  File "G:\AICoding\luscreen\src\screenshot_editor.py", line 370, in paintEvent
    draw_item(painter, item)
    ~~~~~~~~~^^^^^^^^^^^^^^^
  File "G:\AICoding\luscreen\src\screenshot_editor.py", line 365, in draw_item
    painter.setFont(item['font'])
                    ~~~~^^^^^^^^
KeyError: 'font'

==============================
Crash Time: 2025-12-31 11:07:04.088856
Traceback (most recent call last):
  File "G:\AICoding\luscreen\src\screenshot_editor.py", line 370, in paintEvent
    draw_item(painter, item)
    ~~~~~~~~~^^^^^^^^^^^^^^^
  File "G:\AICoding\luscreen\src\screenshot_editor.py", line 365, in draw_item
    painter.setFont(item['font'])
                    ~~~~^^^^^^^^
KeyError: 'font'

==============================
Crash Time: 2025-12-31 11:07:04.095965
Traceback (most recent call last):
  File "G:\AICoding\luscreen\src\screenshot_editor.py", line 370, in paintEvent
    draw_item(painter, item)
    ~~~~~~~~~^^^^^^^^^^^^^^^
  File "G:\AICoding\luscreen\src\screenshot_editor.py", line 365, in draw_item
    painter.setFont(item['font'])
                    ~~~~^^^^^^^^
KeyError: 'font'

==============================
Crash Time: 2025-12-31 11:07:04.104719
Traceback (most recent call last):
  File "G:\AICoding\luscreen\src\screenshot_editor.py", line 370, in paintEvent
    draw_item(painter, item)
    ~~~~~~~~~^^^^^^^^^^^^^^^
  File "G:\AICoding\luscreen\src\screenshot_editor.py", line 365, in draw_item
    painter.setFont(item['font'])
                    ~~~~^^^^^^^^
KeyError: 'font'

==============================
Crash Time: 2025-12-31 11:07:04.112591
Traceback (most recent call last):
  File "G:\AICoding\luscreen\src\screenshot_editor.py", line 370, in paintEvent
    draw_item(painter, item)
    ~~~~~~~~~^^^^^^^^^^^^^^^
  File "G:\AICoding\luscreen\src\screenshot_editor.py", line 365, in draw_item
    painter.setFont(item['font'])
                    ~~~~^^^^^^^^
KeyError: 'font'

==============================
Crash Time: 2025-12-31 11:07:04.120908
Traceback (most recent call last):
  File "G:\AICoding\luscreen\src\screenshot_editor.py", line 370, in paintEvent
    draw_item(painter, item)
    ~~~~~~~~~^^^^^^^^^^^^^^^
  File "G:\AICoding\luscreen\src\screenshot_editor.py", line 365, in draw_item
    painter.setFont(item['font'])
                    ~~~~^^^^^^^^
KeyError: 'font'

==============================
Crash Time: 2025-12-31 11:07:04.128018
Traceback (most recent call last):
  File "G:\AICoding\luscreen\src\screenshot_editor.py", line 370, in paintEvent
    draw_item(painter, item)
    ~~~~~~~~~^^^^^^^^^^^^^^^
  File "G:\AICoding\luscreen\src\screenshot_editor.py", line 365, in draw_item
    painter.setFont(item['font'])
                    ~~~~^^^^^^^^
KeyError: 'font'

==============================
Crash Time: 2025-12-31 11:07:04.136934
Traceback (most recent call last):
  File "G:\AICoding\luscreen\src\screenshot_editor.py", line 370, in paintEvent
    draw_item(painter, item)
    ~~~~~~~~~^^^^^^^^^^^^^^^
  File "G:\AICoding\luscreen\src\screenshot_editor.py", line 365, in draw_item
    painter.setFont(item['font'])
                    ~~~~^^^^^^^^
KeyError: 'font'

==============================
Crash Time: 2025-12-31 11:07:04.144168
Traceback (most recent call last):
  File "G:\AICoding\luscreen\src\screenshot_editor.py", line 370, in paintEvent
    draw_item(painter, item)
    ~~~~~~~~~^^^^^^^^^^^^^^^
  File "G:\AICoding\luscreen\src\screenshot_editor.py", line 365, in draw_item
    painter.setFont(item['font'])
                    ~~~~^^^^^^^^
KeyError: 'font'

==============================
Crash Time: 2025-12-31 11:07:04.153098
Traceback (most recent call last):
  File "G:\AICoding\luscreen\src\screenshot_editor.py", line 370, in paintEvent
    draw_item(painter, item)
    ~~~~~~~~~^^^^^^^^^^^^^^^
  File "G:\AICoding\luscreen\src\screenshot_editor.py", line 365, in draw_item
    painter.setFont(item['font'])
                    ~~~~^^^^^^^^
KeyError: 'font'

==============================
Crash Time: 2025-12-31 11:07:04.160055
Traceback (most recent call last):
  File "G:\AICoding\luscreen\src\screenshot_editor.py", line 370, in paintEvent
    draw_item(painter, item)
    ~~~~~~~~~^^^^^^^^^^^^^^^
  File "G:\AICoding\luscreen\src\screenshot_editor.py", line 365, in draw_item
    painter.setFont(item['font'])
                    ~~~~^^^^^^^^
KeyError: 'font'

==============================
Crash Time: 2025-12-31 11:07:04.176175
Traceback (most recent call last):
  File "G:\AICoding\luscreen\src\screenshot_editor.py", line 370, in paintEvent
    draw_item(painter, item)
    ~~~~~~~~~^^^^^^^^^^^^^^^
  File "G:\AICoding\luscreen\src\screenshot_editor.py", line 365, in draw_item
    painter.setFont(item['font'])
                    ~~~~^^^^^^^^
KeyError: 'font'

==============================
Crash Time: 2025-12-31 11:07:04.185071
Traceback (most recent call last):
  File "G:\AICoding\luscreen\src\screenshot_editor.py", line 370, in paintEvent
    draw_item(painter, item)
    ~~~~~~~~~^^^^^^^^^^^^^^^
  File "G:\AICoding\luscreen\src\screenshot_editor.py", line 365, in draw_item
    painter.setFont(item['font'])
                    ~~~~^^^^^^^^
KeyError: 'font'

==============================
Crash Time: 2025-12-31 11:07:04.217173
Traceback (most recent call last):
  File "G:\AICoding\luscreen\src\screenshot_editor.py", line 370, in paintEvent
    draw_item(painter, item)
    ~~~~~~~~~^^^^^^^^^^^^^^^
  File "G:\AICoding\luscreen\src\screenshot_editor.py", line 365, in draw_item
    painter.setFont(item['font'])
                    ~~~~^^^^^^^^
KeyError: 'font'

==============================
Crash Time: 2025-12-31 11:07:04.256989
Traceback (most recent call last):
  File "G:\AICoding\luscreen\src\screenshot_editor.py", line 370, in paintEvent
    draw_item(painter, item)
    ~~~~~~~~~^^^^^^^^^^^^^^^
  File "G:\AICoding\luscreen\src\screenshot_editor.py", line 365, in draw_item
    painter.setFont(item['font'])
                    ~~~~^^^^^^^^
KeyError: 'font'

==============================
Crash Time: 2025-12-31 11:07:04.297106
Traceback (most recent call last):
  File "G:\AICoding\luscreen\src\screenshot_editor.py", line 370, in paintEvent
    draw_item(painter, item)
    ~~~~~~~~~^^^^^^^^^^^^^^^
  File "G:\AICoding\luscreen\src\screenshot_editor.py", line 365, in draw_item
    painter.setFont(item['font'])
                    ~~~~^^^^^^^^
KeyError: 'font'

==============================
Crash Time: 2025-12-31 11:07:04.501134
Traceback (most recent call last):
  File "G:\AICoding\luscreen\src\screenshot_editor.py", line 370, in paintEvent
    draw_item(painter, item)
    ~~~~~~~~~^^^^^^^^^^^^^^^
  File "G:\AICoding\luscreen\src\screenshot_editor.py", line 365, in draw_item
    painter.setFont(item['font'])
                    ~~~~^^^^^^^^
KeyError: 'font'

==============================
Crash Time: 2025-12-31 11:07:05.038201
Traceback (most recent call last):
  File "G:\AICoding\luscreen\src\screenshot_editor.py", line 370, in paintEvent
    draw_item(painter, item)
    ~~~~~~~~~^^^^^^^^^^^^^^^
  File "G:\AICoding\luscreen\src\screenshot_editor.py", line 365, in draw_item
    painter.setFont(item['font'])
                    ~~~~^^^^^^^^
KeyError: 'font'

==============================
Crash Time: 2025-12-31 11:07:05.424082
Traceback (most recent call last):
  File "G:\AICoding\luscreen\src\screenshot_editor.py", line 370, in paintEvent
    draw_item(painter, item)
    ~~~~~~~~~^^^^^^^^^^^^^^^
  File "G:\AICoding\luscreen\src\screenshot_editor.py", line 365, in draw_item
    painter.setFont(item['font'])
                    ~~~~^^^^^^^^
KeyError: 'font'

==============================
Crash Time: 2025-12-31 11:07:05.456516
Traceback (most recent call last):
  File "G:\AICoding\luscreen\src\screenshot_editor.py", line 370, in paintEvent
    draw_item(painter, item)
    ~~~~~~~~~^^^^^^^^^^^^^^^
  File "G:\AICoding\luscreen\src\screenshot_editor.py", line 365, in draw_item
    painter.setFont(item['font'])
                    ~~~~^^^^^^^^
KeyError: 'font'

==============================
Crash Time: 2025-12-31 11:07:05.561496
Traceback (most recent call last):
  File "G:\AICoding\luscreen\src\screenshot_editor.py", line 370, in paintEvent
    draw_item(painter, item)
    ~~~~~~~~~^^^^^^^^^^^^^^^
  File "G:\AICoding\luscreen\src\screenshot_editor.py", line 365, in draw_item
    painter.setFont(item['font'])
                    ~~~~^^^^^^^^
KeyError: 'font'

==============================
Crash Time: 2025-12-31 11:07:06.093806
Traceback (most recent call last):
  File "G:\AICoding\luscreen\src\screenshot_editor.py", line 370, in paintEvent
    draw_item(painter, item)
    ~~~~~~~~~^^^^^^^^^^^^^^^
  File "G:\AICoding\luscreen\src\screenshot_editor.py", line 365, in draw_item
    painter.setFont(item['font'])
                    ~~~~^^^^^^^^
KeyError: 'font'

==============================
Crash Time: 2025-12-31 11:07:06.620915
Traceback (most recent call last):
  File "G:\AICoding\luscreen\src\screenshot_editor.py", line 370, in paintEvent
    draw_item(painter, item)
    ~~~~~~~~~^^^^^^^^^^^^^^^
  File "G:\AICoding\luscreen\src\screenshot_editor.py", line 365, in draw_item
    painter.setFont(item['font'])
                    ~~~~^^^^^^^^
KeyError: 'font'

==============================
Crash Time: 2025-12-31 11:07:07.155632
Traceback (most recent call last):
  File "G:\AICoding\luscreen\src\screenshot_editor.py", line 370, in paintEvent
    draw_item(painter, item)
    ~~~~~~~~~^^^^^^^^^^^^^^^
  File "G:\AICoding\luscreen\src\screenshot_editor.py", line 365, in draw_item
    painter.setFont(item['font'])
                    ~~~~^^^^^^^^
KeyError: 'font'

==============================
Crash Time: 2025-12-31 11:07:07.681158
Traceback (most recent call last):
  File "G:\AICoding\luscreen\src\screenshot_editor.py", line 370, in paintEvent
    draw_item(painter, item)
    ~~~~~~~~~^^^^^^^^^^^^^^^
  File "G:\AICoding\luscreen\src\screenshot_editor.py", line 365, in draw_item
    painter.setFont(item['font'])
                    ~~~~^^^^^^^^
KeyError: 'font'

==============================
Crash Time: 2025-12-31 11:07:08.225979
Traceback (most recent call last):
  File "G:\AICoding\luscreen\src\screenshot_editor.py", line 370, in paintEvent
    draw_item(painter, item)
    ~~~~~~~~~^^^^^^^^^^^^^^^
  File "G:\AICoding\luscreen\src\screenshot_editor.py", line 365, in draw_item
    painter.setFont(item['font'])
                    ~~~~^^^^^^^^
KeyError: 'font'

==============================
Crash Time: 2025-12-31 11:07:08.626239
Traceback (most recent call last):
  File "G:\AICoding\luscreen\src\screenshot_editor.py", line 370, in paintEvent
    draw_item(painter, item)
    ~~~~~~~~~^^^^^^^^^^^^^^^
  File "G:\AICoding\luscreen\src\screenshot_editor.py", line 365, in draw_item
    painter.setFont(item['font'])
                    ~~~~^^^^^^^^
KeyError: 'font'

==============================
Crash Time: 2025-12-31 11:07:21.755232
Traceback (most recent call last):
  File "G:\AICoding\luscreen\src\screenshot_editor.py", line 370, in paintEvent
    draw_item(painter, item)
    ~~~~~~~~~^^^^^^^^^^^^^^^
  File "G:\AICoding\luscreen\src\screenshot_editor.py", line 365, in draw_item
    painter.setFont(item['font'])
                    ~~~~^^^^^^^^
KeyError: 'font'

==============================
Crash Time: 2025-12-31 11:07:22.636063
Traceback (most recent call last):
  File "G:\AICoding\luscreen\src\screenshot_editor.py", line 370, in paintEvent
    draw_item(painter, item)
    ~~~~~~~~~^^^^^^^^^^^^^^^
  File "G:\AICoding\luscreen\src\screenshot_editor.py", line 365, in draw_item
    painter.setFont(item['font'])
                    ~~~~^^^^^^^^
KeyError: 'font'

==============================
Crash Time: 2025-12-31 11:07:23.250792
Traceback (most recent call last):
  File "G:\AICoding\luscreen\src\screenshot_editor.py", line 370, in paintEvent
    draw_item(painter, item)
    ~~~~~~~~~^^^^^^^^^^^^^^^
  File "G:\AICoding\luscreen\src\screenshot_editor.py", line 365, in draw_item
    painter.setFont(item['font'])
                    ~~~~^^^^^^^^
KeyError: 'font'

==============================
Crash Time: 2025-12-31 11:16:58.964830
Traceback (most recent call last):
  File "G:\AICoding\luscreen\src\screenshot_editor.py", line 473, in mousePressEvent
    self.add_text(event.pos())
    ~~~~~~~~~~~~~^^^^^^^^^^^^^
  File "G:\AICoding\luscreen\src\screenshot_editor.py", line 585, in add_text
    self.active_text_editor.editingFinished.connect(self.commit_text_editor)
    ^^^^^^^^^^^^^^^^^^^^^^^^^^^^^^^^^^^^^^^
AttributeError: 'NoneType' object has no attribute 'editingFinished'

==============================
Crash Time: 2025-12-31 11:16:58.970159
Traceback (most recent call last):
  File "G:\AICoding\luscreen\src\screenshot_editor.py", line 389, in paintEvent
    draw_item(painter, temp_item)
    ~~~~~~~~~^^^^^^^^^^^^^^^^^^^^
  File "G:\AICoding\luscreen\src\screenshot_editor.py", line 369, in draw_item
    painter.setFont(item['font'])
                    ~~~~^^^^^^^^
KeyError: 'font'

==============================
Crash Time: 2025-12-31 11:16:59.043075
Traceback (most recent call last):
  File "G:\AICoding\luscreen\src\screenshot_editor.py", line 374, in paintEvent
    draw_item(painter, item)
    ~~~~~~~~~^^^^^^^^^^^^^^^
  File "G:\AICoding\luscreen\src\screenshot_editor.py", line 369, in draw_item
    painter.setFont(item['font'])
                    ~~~~^^^^^^^^
KeyError: 'font'

==============================
Crash Time: 2025-12-31 11:17:08.995081
Traceback (most recent call last):
  File "G:\AICoding\luscreen\src\screenshot_editor.py", line 292, in handle_action
    self.save_image()
    ~~~~~~~~~~~~~~~^^
  File "G:\AICoding\luscreen\src\screenshot_editor.py", line 694, in save_image
    self.get_final_image().save(file_path)
    ~~~~~~~~~~~~~~~~~~~~^^
  File "G:\AICoding\luscreen\src\screenshot_editor.py", line 678, in get_final_image
    painter.setFont(item['font'])
                    ~~~~^^^^^^^^
KeyError: 'font'

==============================
Crash Time: 2025-12-31 11:19:03.875643
Traceback (most recent call last):
  File "G:\AICoding\luscreen\src\screenshot_editor.py", line 473, in mousePressEvent
    self.add_text(event.pos())
    ~~~~~~~~~~~~~^^^^^^^^^^^^^
  File "G:\AICoding\luscreen\src\screenshot_editor.py", line 585, in add_text
    self.active_text_editor.editingFinished.connect(self.commit_text_editor)
    ^^^^^^^^^^^^^^^^^^^^^^^^^^^^^^^^^^^^^^^
AttributeError: 'NoneType' object has no attribute 'editingFinished'

==============================
Crash Time: 2025-12-31 11:19:03.880732
Traceback (most recent call last):
  File "G:\AICoding\luscreen\src\screenshot_editor.py", line 389, in paintEvent
    draw_item(painter, temp_item)
    ~~~~~~~~~^^^^^^^^^^^^^^^^^^^^
  File "G:\AICoding\luscreen\src\screenshot_editor.py", line 369, in draw_item
    painter.setFont(item['font'])
                    ~~~~^^^^^^^^
KeyError: 'font'

==============================
Crash Time: 2025-12-31 11:19:03.956005
Traceback (most recent call last):
  File "G:\AICoding\luscreen\src\screenshot_editor.py", line 374, in paintEvent
    draw_item(painter, item)
    ~~~~~~~~~^^^^^^^^^^^^^^^
  File "G:\AICoding\luscreen\src\screenshot_editor.py", line 369, in draw_item
    painter.setFont(item['font'])
                    ~~~~^^^^^^^^
KeyError: 'font'

==============================
Crash Time: 2025-12-31 11:19:09.013111
Traceback (most recent call last):
  File "G:\AICoding\luscreen\src\screenshot_editor.py", line 457, in mousePressEvent
    idx = self.hit_test(event.pos())
  File "G:\AICoding\luscreen\src\screenshot_editor.py", line 422, in hit_test
    fm = QFontMetrics(item['font'])
                      ~~~~^^^^^^^^
KeyError: 'font'

==============================
Crash Time: 2025-12-31 11:19:09.056225
Traceback (most recent call last):
  File "G:\AICoding\luscreen\src\screenshot_editor.py", line 497, in mouseMoveEvent
    idx = self.hit_test(event.pos())
  File "G:\AICoding\luscreen\src\screenshot_editor.py", line 422, in hit_test
    fm = QFontMetrics(item['font'])
                      ~~~~^^^^^^^^
KeyError: 'font'

==============================
Crash Time: 2025-12-31 11:19:09.072092
Traceback (most recent call last):
  File "G:\AICoding\luscreen\src\screenshot_editor.py", line 497, in mouseMoveEvent
    idx = self.hit_test(event.pos())
  File "G:\AICoding\luscreen\src\screenshot_editor.py", line 422, in hit_test
    fm = QFontMetrics(item['font'])
                      ~~~~^^^^^^^^
KeyError: 'font'

==============================
Crash Time: 2025-12-31 11:19:09.080134
Traceback (most recent call last):
  File "G:\AICoding\luscreen\src\screenshot_editor.py", line 497, in mouseMoveEvent
    idx = self.hit_test(event.pos())
  File "G:\AICoding\luscreen\src\screenshot_editor.py", line 422, in hit_test
    fm = QFontMetrics(item['font'])
                      ~~~~^^^^^^^^
KeyError: 'font'

==============================
Crash Time: 2025-12-31 11:19:09.088439
Traceback (most recent call last):
  File "G:\AICoding\luscreen\src\screenshot_editor.py", line 497, in mouseMoveEvent
    idx = self.hit_test(event.pos())
  File "G:\AICoding\luscreen\src\screenshot_editor.py", line 422, in hit_test
    fm = QFontMetrics(item['font'])
                      ~~~~^^^^^^^^
KeyError: 'font'

==============================
Crash Time: 2025-12-31 11:19:09.096010
Traceback (most recent call last):
  File "G:\AICoding\luscreen\src\screenshot_editor.py", line 497, in mouseMoveEvent
    idx = self.hit_test(event.pos())
  File "G:\AICoding\luscreen\src\screenshot_editor.py", line 422, in hit_test
    fm = QFontMetrics(item['font'])
                      ~~~~^^^^^^^^
KeyError: 'font'

==============================
Crash Time: 2025-12-31 11:19:09.103977
Traceback (most recent call last):
  File "G:\AICoding\luscreen\src\screenshot_editor.py", line 497, in mouseMoveEvent
    idx = self.hit_test(event.pos())
  File "G:\AICoding\luscreen\src\screenshot_editor.py", line 422, in hit_test
    fm = QFontMetrics(item['font'])
                      ~~~~^^^^^^^^
KeyError: 'font'

==============================
Crash Time: 2025-12-31 11:19:09.112002
Traceback (most recent call last):
  File "G:\AICoding\luscreen\src\screenshot_editor.py", line 497, in mouseMoveEvent
    idx = self.hit_test(event.pos())
  File "G:\AICoding\luscreen\src\screenshot_editor.py", line 422, in hit_test
    fm = QFontMetrics(item['font'])
                      ~~~~^^^^^^^^
KeyError: 'font'

==============================
Crash Time: 2025-12-31 11:19:09.119945
Traceback (most recent call last):
  File "G:\AICoding\luscreen\src\screenshot_editor.py", line 497, in mouseMoveEvent
    idx = self.hit_test(event.pos())
  File "G:\AICoding\luscreen\src\screenshot_editor.py", line 422, in hit_test
    fm = QFontMetrics(item['font'])
                      ~~~~^^^^^^^^
KeyError: 'font'

==============================
Crash Time: 2025-12-31 11:19:09.128308
Traceback (most recent call last):
  File "G:\AICoding\luscreen\src\screenshot_editor.py", line 497, in mouseMoveEvent
    idx = self.hit_test(event.pos())
  File "G:\AICoding\luscreen\src\screenshot_editor.py", line 422, in hit_test
    fm = QFontMetrics(item['font'])
                      ~~~~^^^^^^^^
KeyError: 'font'

==============================
Crash Time: 2025-12-31 11:19:09.136328
Traceback (most recent call last):
  File "G:\AICoding\luscreen\src\screenshot_editor.py", line 497, in mouseMoveEvent
    idx = self.hit_test(event.pos())
  File "G:\AICoding\luscreen\src\screenshot_editor.py", line 422, in hit_test
    fm = QFontMetrics(item['font'])
                      ~~~~^^^^^^^^
KeyError: 'font'

==============================
Crash Time: 2025-12-31 11:19:09.144282
Traceback (most recent call last):
  File "G:\AICoding\luscreen\src\screenshot_editor.py", line 497, in mouseMoveEvent
    idx = self.hit_test(event.pos())
  File "G:\AICoding\luscreen\src\screenshot_editor.py", line 422, in hit_test
    fm = QFontMetrics(item['font'])
                      ~~~~^^^^^^^^
KeyError: 'font'

==============================
Crash Time: 2025-12-31 11:19:09.152036
Traceback (most recent call last):
  File "G:\AICoding\luscreen\src\screenshot_editor.py", line 497, in mouseMoveEvent
    idx = self.hit_test(event.pos())
  File "G:\AICoding\luscreen\src\screenshot_editor.py", line 422, in hit_test
    fm = QFontMetrics(item['font'])
                      ~~~~^^^^^^^^
KeyError: 'font'

==============================
Crash Time: 2025-12-31 11:19:09.160538
Traceback (most recent call last):
  File "G:\AICoding\luscreen\src\screenshot_editor.py", line 497, in mouseMoveEvent
    idx = self.hit_test(event.pos())
  File "G:\AICoding\luscreen\src\screenshot_editor.py", line 422, in hit_test
    fm = QFontMetrics(item['font'])
                      ~~~~^^^^^^^^
KeyError: 'font'

==============================
Crash Time: 2025-12-31 11:19:09.168667
Traceback (most recent call last):
  File "G:\AICoding\luscreen\src\screenshot_editor.py", line 497, in mouseMoveEvent
    idx = self.hit_test(event.pos())
  File "G:\AICoding\luscreen\src\screenshot_editor.py", line 422, in hit_test
    fm = QFontMetrics(item['font'])
                      ~~~~^^^^^^^^
KeyError: 'font'

==============================
Crash Time: 2025-12-31 11:19:09.184366
Traceback (most recent call last):
  File "G:\AICoding\luscreen\src\screenshot_editor.py", line 497, in mouseMoveEvent
    idx = self.hit_test(event.pos())
  File "G:\AICoding\luscreen\src\screenshot_editor.py", line 422, in hit_test
    fm = QFontMetrics(item['font'])
                      ~~~~^^^^^^^^
KeyError: 'font'

==============================
Crash Time: 2025-12-31 11:19:09.288585
Traceback (most recent call last):
  File "G:\AICoding\luscreen\src\screenshot_editor.py", line 497, in mouseMoveEvent
    idx = self.hit_test(event.pos())
  File "G:\AICoding\luscreen\src\screenshot_editor.py", line 422, in hit_test
    fm = QFontMetrics(item['font'])
                      ~~~~^^^^^^^^
KeyError: 'font'

==============================
Crash Time: 2025-12-31 11:19:09.296364
Traceback (most recent call last):
  File "G:\AICoding\luscreen\src\screenshot_editor.py", line 497, in mouseMoveEvent
    idx = self.hit_test(event.pos())
  File "G:\AICoding\luscreen\src\screenshot_editor.py", line 422, in hit_test
    fm = QFontMetrics(item['font'])
                      ~~~~^^^^^^^^
KeyError: 'font'

==============================
Crash Time: 2025-12-31 11:19:09.496452
Traceback (most recent call last):
  File "G:\AICoding\luscreen\src\screenshot_editor.py", line 497, in mouseMoveEvent
    idx = self.hit_test(event.pos())
  File "G:\AICoding\luscreen\src\screenshot_editor.py", line 422, in hit_test
    fm = QFontMetrics(item['font'])
                      ~~~~^^^^^^^^
KeyError: 'font'

==============================
Crash Time: 2025-12-31 11:19:09.825466
Traceback (most recent call last):
  File "G:\AICoding\luscreen\src\screenshot_editor.py", line 457, in mousePressEvent
    idx = self.hit_test(event.pos())
  File "G:\AICoding\luscreen\src\screenshot_editor.py", line 422, in hit_test
    fm = QFontMetrics(item['font'])
                      ~~~~^^^^^^^^
KeyError: 'font'

==============================
Crash Time: 2025-12-31 11:19:09.880117
Traceback (most recent call last):
  File "G:\AICoding\luscreen\src\screenshot_editor.py", line 497, in mouseMoveEvent
    idx = self.hit_test(event.pos())
  File "G:\AICoding\luscreen\src\screenshot_editor.py", line 422, in hit_test
    fm = QFontMetrics(item['font'])
                      ~~~~^^^^^^^^
KeyError: 'font'

==============================
Crash Time: 2025-12-31 11:19:09.888228
Traceback (most recent call last):
  File "G:\AICoding\luscreen\src\screenshot_editor.py", line 497, in mouseMoveEvent
    idx = self.hit_test(event.pos())
  File "G:\AICoding\luscreen\src\screenshot_editor.py", line 422, in hit_test
    fm = QFontMetrics(item['font'])
                      ~~~~^^^^^^^^
KeyError: 'font'

==============================
Crash Time: 2025-12-31 11:19:09.896057
Traceback (most recent call last):
  File "G:\AICoding\luscreen\src\screenshot_editor.py", line 497, in mouseMoveEvent
    idx = self.hit_test(event.pos())
  File "G:\AICoding\luscreen\src\screenshot_editor.py", line 422, in hit_test
    fm = QFontMetrics(item['font'])
                      ~~~~^^^^^^^^
KeyError: 'font'

==============================
Crash Time: 2025-12-31 11:19:09.904276
Traceback (most recent call last):
  File "G:\AICoding\luscreen\src\screenshot_editor.py", line 497, in mouseMoveEvent
    idx = self.hit_test(event.pos())
  File "G:\AICoding\luscreen\src\screenshot_editor.py", line 422, in hit_test
    fm = QFontMetrics(item['font'])
                      ~~~~^^^^^^^^
KeyError: 'font'

==============================
Crash Time: 2025-12-31 11:19:09.912160
Traceback (most recent call last):
  File "G:\AICoding\luscreen\src\screenshot_editor.py", line 497, in mouseMoveEvent
    idx = self.hit_test(event.pos())
  File "G:\AICoding\luscreen\src\screenshot_editor.py", line 422, in hit_test
    fm = QFontMetrics(item['font'])
                      ~~~~^^^^^^^^
KeyError: 'font'

==============================
Crash Time: 2025-12-31 11:19:09.920743
Traceback (most recent call last):
  File "G:\AICoding\luscreen\src\screenshot_editor.py", line 497, in mouseMoveEvent
    idx = self.hit_test(event.pos())
  File "G:\AICoding\luscreen\src\screenshot_editor.py", line 422, in hit_test
    fm = QFontMetrics(item['font'])
                      ~~~~^^^^^^^^
KeyError: 'font'

==============================
Crash Time: 2025-12-31 11:19:09.927986
Traceback (most recent call last):
  File "G:\AICoding\luscreen\src\screenshot_editor.py", line 497, in mouseMoveEvent
    idx = self.hit_test(event.pos())
  File "G:\AICoding\luscreen\src\screenshot_editor.py", line 422, in hit_test
    fm = QFontMetrics(item['font'])
                      ~~~~^^^^^^^^
KeyError: 'font'

==============================
Crash Time: 2025-12-31 11:19:09.935835
Traceback (most recent call last):
  File "G:\AICoding\luscreen\src\screenshot_editor.py", line 497, in mouseMoveEvent
    idx = self.hit_test(event.pos())
  File "G:\AICoding\luscreen\src\screenshot_editor.py", line 422, in hit_test
    fm = QFontMetrics(item['font'])
                      ~~~~^^^^^^^^
KeyError: 'font'

==============================
Crash Time: 2025-12-31 11:19:09.944190
Traceback (most recent call last):
  File "G:\AICoding\luscreen\src\screenshot_editor.py", line 497, in mouseMoveEvent
    idx = self.hit_test(event.pos())
  File "G:\AICoding\luscreen\src\screenshot_editor.py", line 422, in hit_test
    fm = QFontMetrics(item['font'])
                      ~~~~^^^^^^^^
KeyError: 'font'

==============================
Crash Time: 2025-12-31 11:19:09.951920
Traceback (most recent call last):
  File "G:\AICoding\luscreen\src\screenshot_editor.py", line 497, in mouseMoveEvent
    idx = self.hit_test(event.pos())
  File "G:\AICoding\luscreen\src\screenshot_editor.py", line 422, in hit_test
    fm = QFontMetrics(item['font'])
                      ~~~~^^^^^^^^
KeyError: 'font'

==============================
Crash Time: 2025-12-31 11:19:09.959892
Traceback (most recent call last):
  File "G:\AICoding\luscreen\src\screenshot_editor.py", line 497, in mouseMoveEvent
    idx = self.hit_test(event.pos())
  File "G:\AICoding\luscreen\src\screenshot_editor.py", line 422, in hit_test
    fm = QFontMetrics(item['font'])
                      ~~~~^^^^^^^^
KeyError: 'font'

==============================
Crash Time: 2025-12-31 11:19:09.968846
Traceback (most recent call last):
  File "G:\AICoding\luscreen\src\screenshot_editor.py", line 497, in mouseMoveEvent
    idx = self.hit_test(event.pos())
  File "G:\AICoding\luscreen\src\screenshot_editor.py", line 422, in hit_test
    fm = QFontMetrics(item['font'])
                      ~~~~^^^^^^^^
KeyError: 'font'

==============================
Crash Time: 2025-12-31 11:19:09.975887
Traceback (most recent call last):
  File "G:\AICoding\luscreen\src\screenshot_editor.py", line 497, in mouseMoveEvent
    idx = self.hit_test(event.pos())
  File "G:\AICoding\luscreen\src\screenshot_editor.py", line 422, in hit_test
    fm = QFontMetrics(item['font'])
                      ~~~~^^^^^^^^
KeyError: 'font'

==============================
Crash Time: 2025-12-31 11:19:09.985572
Traceback (most recent call last):
  File "G:\AICoding\luscreen\src\screenshot_editor.py", line 497, in mouseMoveEvent
    idx = self.hit_test(event.pos())
  File "G:\AICoding\luscreen\src\screenshot_editor.py", line 422, in hit_test
    fm = QFontMetrics(item['font'])
                      ~~~~^^^^^^^^
KeyError: 'font'

==============================
Crash Time: 2025-12-31 11:19:09.991933
Traceback (most recent call last):
  File "G:\AICoding\luscreen\src\screenshot_editor.py", line 497, in mouseMoveEvent
    idx = self.hit_test(event.pos())
  File "G:\AICoding\luscreen\src\screenshot_editor.py", line 422, in hit_test
    fm = QFontMetrics(item['font'])
                      ~~~~^^^^^^^^
KeyError: 'font'

==============================
Crash Time: 2025-12-31 11:19:09.999886
Traceback (most recent call last):
  File "G:\AICoding\luscreen\src\screenshot_editor.py", line 497, in mouseMoveEvent
    idx = self.hit_test(event.pos())
  File "G:\AICoding\luscreen\src\screenshot_editor.py", line 422, in hit_test
    fm = QFontMetrics(item['font'])
                      ~~~~^^^^^^^^
KeyError: 'font'

==============================
Crash Time: 2025-12-31 11:19:10.008226
Traceback (most recent call last):
  File "G:\AICoding\luscreen\src\screenshot_editor.py", line 497, in mouseMoveEvent
    idx = self.hit_test(event.pos())
  File "G:\AICoding\luscreen\src\screenshot_editor.py", line 422, in hit_test
    fm = QFontMetrics(item['font'])
                      ~~~~^^^^^^^^
KeyError: 'font'

==============================
Crash Time: 2025-12-31 11:19:10.024221
Traceback (most recent call last):
  File "G:\AICoding\luscreen\src\screenshot_editor.py", line 497, in mouseMoveEvent
    idx = self.hit_test(event.pos())
  File "G:\AICoding\luscreen\src\screenshot_editor.py", line 422, in hit_test
    fm = QFontMetrics(item['font'])
                      ~~~~^^^^^^^^
KeyError: 'font'

==============================
Crash Time: 2025-12-31 11:19:10.048218
Traceback (most recent call last):
  File "G:\AICoding\luscreen\src\screenshot_editor.py", line 497, in mouseMoveEvent
    idx = self.hit_test(event.pos())
  File "G:\AICoding\luscreen\src\screenshot_editor.py", line 422, in hit_test
    fm = QFontMetrics(item['font'])
                      ~~~~^^^^^^^^
KeyError: 'font'

==============================
Crash Time: 2025-12-31 11:19:10.055916
Traceback (most recent call last):
  File "G:\AICoding\luscreen\src\screenshot_editor.py", line 497, in mouseMoveEvent
    idx = self.hit_test(event.pos())
  File "G:\AICoding\luscreen\src\screenshot_editor.py", line 422, in hit_test
    fm = QFontMetrics(item['font'])
                      ~~~~^^^^^^^^
KeyError: 'font'

==============================
Crash Time: 2025-12-31 11:19:10.072247
Traceback (most recent call last):
  File "G:\AICoding\luscreen\src\screenshot_editor.py", line 497, in mouseMoveEvent
    idx = self.hit_test(event.pos())
  File "G:\AICoding\luscreen\src\screenshot_editor.py", line 422, in hit_test
    fm = QFontMetrics(item['font'])
                      ~~~~^^^^^^^^
KeyError: 'font'

==============================
Crash Time: 2025-12-31 11:19:10.079946
Traceback (most recent call last):
  File "G:\AICoding\luscreen\src\screenshot_editor.py", line 497, in mouseMoveEvent
    idx = self.hit_test(event.pos())
  File "G:\AICoding\luscreen\src\screenshot_editor.py", line 422, in hit_test
    fm = QFontMetrics(item['font'])
                      ~~~~^^^^^^^^
KeyError: 'font'

==============================
Crash Time: 2025-12-31 11:19:10.095959
Traceback (most recent call last):
  File "G:\AICoding\luscreen\src\screenshot_editor.py", line 497, in mouseMoveEvent
    idx = self.hit_test(event.pos())
  File "G:\AICoding\luscreen\src\screenshot_editor.py", line 422, in hit_test
    fm = QFontMetrics(item['font'])
                      ~~~~^^^^^^^^
KeyError: 'font'

==============================
Crash Time: 2025-12-31 11:19:10.120554
Traceback (most recent call last):
  File "G:\AICoding\luscreen\src\screenshot_editor.py", line 497, in mouseMoveEvent
    idx = self.hit_test(event.pos())
  File "G:\AICoding\luscreen\src\screenshot_editor.py", line 422, in hit_test
    fm = QFontMetrics(item['font'])
                      ~~~~^^^^^^^^
KeyError: 'font'

==============================
Crash Time: 2025-12-31 11:19:10.153169
Traceback (most recent call last):
  File "G:\AICoding\luscreen\src\screenshot_editor.py", line 497, in mouseMoveEvent
    idx = self.hit_test(event.pos())
  File "G:\AICoding\luscreen\src\screenshot_editor.py", line 422, in hit_test
    fm = QFontMetrics(item['font'])
                      ~~~~^^^^^^^^
KeyError: 'font'

==============================
Crash Time: 2025-12-31 11:19:10.176398
Traceback (most recent call last):
  File "G:\AICoding\luscreen\src\screenshot_editor.py", line 497, in mouseMoveEvent
    idx = self.hit_test(event.pos())
  File "G:\AICoding\luscreen\src\screenshot_editor.py", line 422, in hit_test
    fm = QFontMetrics(item['font'])
                      ~~~~^^^^^^^^
KeyError: 'font'

==============================
Crash Time: 2025-12-31 11:19:10.832836
Traceback (most recent call last):
  File "G:\AICoding\luscreen\src\screenshot_editor.py", line 457, in mousePressEvent
    idx = self.hit_test(event.pos())
  File "G:\AICoding\luscreen\src\screenshot_editor.py", line 422, in hit_test
    fm = QFontMetrics(item['font'])
                      ~~~~^^^^^^^^
KeyError: 'font'

==============================
Crash Time: 2025-12-31 11:19:10.904383
Traceback (most recent call last):
  File "G:\AICoding\luscreen\src\screenshot_editor.py", line 497, in mouseMoveEvent
    idx = self.hit_test(event.pos())
  File "G:\AICoding\luscreen\src\screenshot_editor.py", line 422, in hit_test
    fm = QFontMetrics(item['font'])
                      ~~~~^^^^^^^^
KeyError: 'font'

==============================
Crash Time: 2025-12-31 11:19:10.912097
Traceback (most recent call last):
  File "G:\AICoding\luscreen\src\screenshot_editor.py", line 497, in mouseMoveEvent
    idx = self.hit_test(event.pos())
  File "G:\AICoding\luscreen\src\screenshot_editor.py", line 422, in hit_test
    fm = QFontMetrics(item['font'])
                      ~~~~^^^^^^^^
KeyError: 'font'

==============================
Crash Time: 2025-12-31 11:19:10.920670
Traceback (most recent call last):
  File "G:\AICoding\luscreen\src\screenshot_editor.py", line 497, in mouseMoveEvent
    idx = self.hit_test(event.pos())
  File "G:\AICoding\luscreen\src\screenshot_editor.py", line 422, in hit_test
    fm = QFontMetrics(item['font'])
                      ~~~~^^^^^^^^
KeyError: 'font'

==============================
Crash Time: 2025-12-31 11:19:10.928109
Traceback (most recent call last):
  File "G:\AICoding\luscreen\src\screenshot_editor.py", line 497, in mouseMoveEvent
    idx = self.hit_test(event.pos())
  File "G:\AICoding\luscreen\src\screenshot_editor.py", line 422, in hit_test
    fm = QFontMetrics(item['font'])
                      ~~~~^^^^^^^^
KeyError: 'font'

==============================
Crash Time: 2025-12-31 11:19:10.936036
Traceback (most recent call last):
  File "G:\AICoding\luscreen\src\screenshot_editor.py", line 497, in mouseMoveEvent
    idx = self.hit_test(event.pos())
  File "G:\AICoding\luscreen\src\screenshot_editor.py", line 422, in hit_test
    fm = QFontMetrics(item['font'])
                      ~~~~^^^^^^^^
KeyError: 'font'

==============================
Crash Time: 2025-12-31 11:19:10.944113
Traceback (most recent call last):
  File "G:\AICoding\luscreen\src\screenshot_editor.py", line 497, in mouseMoveEvent
    idx = self.hit_test(event.pos())
  File "G:\AICoding\luscreen\src\screenshot_editor.py", line 422, in hit_test
    fm = QFontMetrics(item['font'])
                      ~~~~^^^^^^^^
KeyError: 'font'

==============================
Crash Time: 2025-12-31 11:19:10.951920
Traceback (most recent call last):
  File "G:\AICoding\luscreen\src\screenshot_editor.py", line 497, in mouseMoveEvent
    idx = self.hit_test(event.pos())
  File "G:\AICoding\luscreen\src\screenshot_editor.py", line 422, in hit_test
    fm = QFontMetrics(item['font'])
                      ~~~~^^^^^^^^
KeyError: 'font'

==============================
Crash Time: 2025-12-31 11:19:10.960040
Traceback (most recent call last):
  File "G:\AICoding\luscreen\src\screenshot_editor.py", line 497, in mouseMoveEvent
    idx = self.hit_test(event.pos())
  File "G:\AICoding\luscreen\src\screenshot_editor.py", line 422, in hit_test
    fm = QFontMetrics(item['font'])
                      ~~~~^^^^^^^^
KeyError: 'font'

==============================
Crash Time: 2025-12-31 11:19:10.967971
Traceback (most recent call last):
  File "G:\AICoding\luscreen\src\screenshot_editor.py", line 497, in mouseMoveEvent
    idx = self.hit_test(event.pos())
  File "G:\AICoding\luscreen\src\screenshot_editor.py", line 422, in hit_test
    fm = QFontMetrics(item['font'])
                      ~~~~^^^^^^^^
KeyError: 'font'

==============================
Crash Time: 2025-12-31 11:19:10.975955
Traceback (most recent call last):
  File "G:\AICoding\luscreen\src\screenshot_editor.py", line 497, in mouseMoveEvent
    idx = self.hit_test(event.pos())
  File "G:\AICoding\luscreen\src\screenshot_editor.py", line 422, in hit_test
    fm = QFontMetrics(item['font'])
                      ~~~~^^^^^^^^
KeyError: 'font'

==============================
Crash Time: 2025-12-31 11:19:10.992413
Traceback (most recent call last):
  File "G:\AICoding\luscreen\src\screenshot_editor.py", line 497, in mouseMoveEvent
    idx = self.hit_test(event.pos())
  File "G:\AICoding\luscreen\src\screenshot_editor.py", line 422, in hit_test
    fm = QFontMetrics(item['font'])
                      ~~~~^^^^^^^^
KeyError: 'font'

==============================
Crash Time: 2025-12-31 11:19:11
Traceback (most recent call last):
  File "G:\AICoding\luscreen\src\screenshot_editor.py", line 497, in mouseMoveEvent
    idx = self.hit_test(event.pos())
  File "G:\AICoding\luscreen\src\screenshot_editor.py", line 422, in hit_test
    fm = QFontMetrics(item['font'])
                      ~~~~^^^^^^^^
KeyError: 'font'

==============================
Crash Time: 2025-12-31 11:19:13.913008
Traceback (most recent call last):
  File "G:\AICoding\luscreen\src\screenshot_editor.py", line 457, in mousePressEvent
    idx = self.hit_test(event.pos())
  File "G:\AICoding\luscreen\src\screenshot_editor.py", line 422, in hit_test
    fm = QFontMetrics(item['font'])
                      ~~~~^^^^^^^^
KeyError: 'font'

==============================
Crash Time: 2025-12-31 11:19:13.993237
Traceback (most recent call last):
  File "G:\AICoding\luscreen\src\screenshot_editor.py", line 497, in mouseMoveEvent
    idx = self.hit_test(event.pos())
  File "G:\AICoding\luscreen\src\screenshot_editor.py", line 422, in hit_test
    fm = QFontMetrics(item['font'])
                      ~~~~^^^^^^^^
KeyError: 'font'

==============================
Crash Time: 2025-12-31 11:19:14.000327
Traceback (most recent call last):
  File "G:\AICoding\luscreen\src\screenshot_editor.py", line 497, in mouseMoveEvent
    idx = self.hit_test(event.pos())
  File "G:\AICoding\luscreen\src\screenshot_editor.py", line 422, in hit_test
    fm = QFontMetrics(item['font'])
                      ~~~~^^^^^^^^
KeyError: 'font'

==============================
Crash Time: 2025-12-31 11:19:14.009259
Traceback (most recent call last):
  File "G:\AICoding\luscreen\src\screenshot_editor.py", line 497, in mouseMoveEvent
    idx = self.hit_test(event.pos())
  File "G:\AICoding\luscreen\src\screenshot_editor.py", line 422, in hit_test
    fm = QFontMetrics(item['font'])
                      ~~~~^^^^^^^^
KeyError: 'font'

==============================
Crash Time: 2025-12-31 11:19:14.015950
Traceback (most recent call last):
  File "G:\AICoding\luscreen\src\screenshot_editor.py", line 497, in mouseMoveEvent
    idx = self.hit_test(event.pos())
  File "G:\AICoding\luscreen\src\screenshot_editor.py", line 422, in hit_test
    fm = QFontMetrics(item['font'])
                      ~~~~^^^^^^^^
KeyError: 'font'

==============================
Crash Time: 2025-12-31 11:19:14.024049
Traceback (most recent call last):
  File "G:\AICoding\luscreen\src\screenshot_editor.py", line 497, in mouseMoveEvent
    idx = self.hit_test(event.pos())
  File "G:\AICoding\luscreen\src\screenshot_editor.py", line 422, in hit_test
    fm = QFontMetrics(item['font'])
                      ~~~~^^^^^^^^
KeyError: 'font'

==============================
Crash Time: 2025-12-31 11:19:14.031888
Traceback (most recent call last):
  File "G:\AICoding\luscreen\src\screenshot_editor.py", line 497, in mouseMoveEvent
    idx = self.hit_test(event.pos())
  File "G:\AICoding\luscreen\src\screenshot_editor.py", line 422, in hit_test
    fm = QFontMetrics(item['font'])
                      ~~~~^^^^^^^^
KeyError: 'font'

==============================
Crash Time: 2025-12-31 11:19:14.040027
Traceback (most recent call last):
  File "G:\AICoding\luscreen\src\screenshot_editor.py", line 497, in mouseMoveEvent
    idx = self.hit_test(event.pos())
  File "G:\AICoding\luscreen\src\screenshot_editor.py", line 422, in hit_test
    fm = QFontMetrics(item['font'])
                      ~~~~^^^^^^^^
KeyError: 'font'

==============================
Crash Time: 2025-12-31 11:19:14.048093
Traceback (most recent call last):
  File "G:\AICoding\luscreen\src\screenshot_editor.py", line 497, in mouseMoveEvent
    idx = self.hit_test(event.pos())
  File "G:\AICoding\luscreen\src\screenshot_editor.py", line 422, in hit_test
    fm = QFontMetrics(item['font'])
                      ~~~~^^^^^^^^
KeyError: 'font'

==============================
Crash Time: 2025-12-31 11:19:14.055999
Traceback (most recent call last):
  File "G:\AICoding\luscreen\src\screenshot_editor.py", line 497, in mouseMoveEvent
    idx = self.hit_test(event.pos())
  File "G:\AICoding\luscreen\src\screenshot_editor.py", line 422, in hit_test
    fm = QFontMetrics(item['font'])
                      ~~~~^^^^^^^^
KeyError: 'font'

==============================
Crash Time: 2025-12-31 11:19:14.064032
Traceback (most recent call last):
  File "G:\AICoding\luscreen\src\screenshot_editor.py", line 497, in mouseMoveEvent
    idx = self.hit_test(event.pos())
  File "G:\AICoding\luscreen\src\screenshot_editor.py", line 422, in hit_test
    fm = QFontMetrics(item['font'])
                      ~~~~^^^^^^^^
KeyError: 'font'

==============================
Crash Time: 2025-12-31 11:19:14.072057
Traceback (most recent call last):
  File "G:\AICoding\luscreen\src\screenshot_editor.py", line 497, in mouseMoveEvent
    idx = self.hit_test(event.pos())
  File "G:\AICoding\luscreen\src\screenshot_editor.py", line 422, in hit_test
    fm = QFontMetrics(item['font'])
                      ~~~~^^^^^^^^
KeyError: 'font'

==============================
Crash Time: 2025-12-31 11:19:14.080135
Traceback (most recent call last):
  File "G:\AICoding\luscreen\src\screenshot_editor.py", line 497, in mouseMoveEvent
    idx = self.hit_test(event.pos())
  File "G:\AICoding\luscreen\src\screenshot_editor.py", line 422, in hit_test
    fm = QFontMetrics(item['font'])
                      ~~~~^^^^^^^^
KeyError: 'font'

==============================
Crash Time: 2025-12-31 11:19:14.088024
Traceback (most recent call last):
  File "G:\AICoding\luscreen\src\screenshot_editor.py", line 497, in mouseMoveEvent
    idx = self.hit_test(event.pos())
  File "G:\AICoding\luscreen\src\screenshot_editor.py", line 422, in hit_test
    fm = QFontMetrics(item['font'])
                      ~~~~^^^^^^^^
KeyError: 'font'

==============================
Crash Time: 2025-12-31 11:19:14.095977
Traceback (most recent call last):
  File "G:\AICoding\luscreen\src\screenshot_editor.py", line 497, in mouseMoveEvent
    idx = self.hit_test(event.pos())
  File "G:\AICoding\luscreen\src\screenshot_editor.py", line 422, in hit_test
    fm = QFontMetrics(item['font'])
                      ~~~~^^^^^^^^
KeyError: 'font'

==============================
Crash Time: 2025-12-31 11:19:14.128262
Traceback (most recent call last):
  File "G:\AICoding\luscreen\src\screenshot_editor.py", line 497, in mouseMoveEvent
    idx = self.hit_test(event.pos())
  File "G:\AICoding\luscreen\src\screenshot_editor.py", line 422, in hit_test
    fm = QFontMetrics(item['font'])
                      ~~~~^^^^^^^^
KeyError: 'font'

==============================
Crash Time: 2025-12-31 11:19:14.201752
Traceback (most recent call last):
  File "G:\AICoding\luscreen\src\screenshot_editor.py", line 497, in mouseMoveEvent
    idx = self.hit_test(event.pos())
  File "G:\AICoding\luscreen\src\screenshot_editor.py", line 422, in hit_test
    fm = QFontMetrics(item['font'])
                      ~~~~^^^^^^^^
KeyError: 'font'

==============================
Crash Time: 2025-12-31 11:20:20.868102
Traceback (most recent call last):
  File "G:\AICoding\luscreen\src\screenshot_editor.py", line 473, in mousePressEvent
    self.add_text(event.pos())
    ~~~~~~~~~~~~~^^^^^^^^^^^^^
  File "G:\AICoding\luscreen\src\screenshot_editor.py", line 585, in add_text
    self.active_text_editor.editingFinished.connect(self.commit_text_editor)
    ^^^^^^^^^^^^^^^^^^^^^^^^^^^^^^^^^^^^^^^
AttributeError: 'NoneType' object has no attribute 'editingFinished'

==============================
Crash Time: 2025-12-31 11:20:20.874375
Traceback (most recent call last):
  File "G:\AICoding\luscreen\src\screenshot_editor.py", line 389, in paintEvent
    draw_item(painter, temp_item)
    ~~~~~~~~~^^^^^^^^^^^^^^^^^^^^
  File "G:\AICoding\luscreen\src\screenshot_editor.py", line 369, in draw_item
    painter.setFont(item['font'])
                    ~~~~^^^^^^^^
KeyError: 'font'

==============================
Crash Time: 2025-12-31 11:20:20.946715
Traceback (most recent call last):
  File "G:\AICoding\luscreen\src\screenshot_editor.py", line 374, in paintEvent
    draw_item(painter, item)
    ~~~~~~~~~^^^^^^^^^^^^^^^
  File "G:\AICoding\luscreen\src\screenshot_editor.py", line 369, in draw_item
    painter.setFont(item['font'])
                    ~~~~^^^^^^^^
KeyError: 'font'

==============================
Crash Time: 2025-12-31 11:20:21.999175
Traceback (most recent call last):
  File "G:\AICoding\luscreen\src\screenshot_editor.py", line 374, in paintEvent
    draw_item(painter, item)
    ~~~~~~~~~^^^^^^^^^^^^^^^
  File "G:\AICoding\luscreen\src\screenshot_editor.py", line 369, in draw_item
    painter.setFont(item['font'])
                    ~~~~^^^^^^^^
KeyError: 'font'

==============================
Crash Time: 2025-12-31 11:20:22.090465
Traceback (most recent call last):
  File "G:\AICoding\luscreen\src\screenshot_editor.py", line 374, in paintEvent
    draw_item(painter, item)
    ~~~~~~~~~^^^^^^^^^^^^^^^
  File "G:\AICoding\luscreen\src\screenshot_editor.py", line 369, in draw_item
    painter.setFont(item['font'])
                    ~~~~^^^^^^^^
KeyError: 'font'

==============================
Crash Time: 2025-12-31 11:20:22.534301
Traceback (most recent call last):
  File "G:\AICoding\luscreen\src\screenshot_editor.py", line 374, in paintEvent
    draw_item(painter, item)
    ~~~~~~~~~^^^^^^^^^^^^^^^
  File "G:\AICoding\luscreen\src\screenshot_editor.py", line 369, in draw_item
    painter.setFont(item['font'])
                    ~~~~^^^^^^^^
KeyError: 'font'

==============================
Crash Time: 2025-12-31 11:20:23.032440
Traceback (most recent call last):
  File "G:\AICoding\luscreen\src\screenshot_editor.py", line 374, in paintEvent
    draw_item(painter, item)
    ~~~~~~~~~^^^^^^^^^^^^^^^
  File "G:\AICoding\luscreen\src\screenshot_editor.py", line 369, in draw_item
    painter.setFont(item['font'])
                    ~~~~^^^^^^^^
KeyError: 'font'

==============================
Crash Time: 2025-12-31 11:20:23.058098
Traceback (most recent call last):
  File "G:\AICoding\luscreen\src\screenshot_editor.py", line 374, in paintEvent
    draw_item(painter, item)
    ~~~~~~~~~^^^^^^^^^^^^^^^
  File "G:\AICoding\luscreen\src\screenshot_editor.py", line 369, in draw_item
    painter.setFont(item['font'])
                    ~~~~^^^^^^^^
KeyError: 'font'

==============================
Crash Time: 2025-12-31 11:20:23.594111
Traceback (most recent call last):
  File "G:\AICoding\luscreen\src\screenshot_editor.py", line 374, in paintEvent
    draw_item(painter, item)
    ~~~~~~~~~^^^^^^^^^^^^^^^
  File "G:\AICoding\luscreen\src\screenshot_editor.py", line 369, in draw_item
    painter.setFont(item['font'])
                    ~~~~^^^^^^^^
KeyError: 'font'

==============================
Crash Time: 2025-12-31 11:20:24.132561
Traceback (most recent call last):
  File "G:\AICoding\luscreen\src\screenshot_editor.py", line 374, in paintEvent
    draw_item(painter, item)
    ~~~~~~~~~^^^^^^^^^^^^^^^
  File "G:\AICoding\luscreen\src\screenshot_editor.py", line 369, in draw_item
    painter.setFont(item['font'])
                    ~~~~^^^^^^^^
KeyError: 'font'

==============================
Crash Time: 2025-12-31 11:20:24.664153
Traceback (most recent call last):
  File "G:\AICoding\luscreen\src\screenshot_editor.py", line 374, in paintEvent
    draw_item(painter, item)
    ~~~~~~~~~^^^^^^^^^^^^^^^
  File "G:\AICoding\luscreen\src\screenshot_editor.py", line 369, in draw_item
    painter.setFont(item['font'])
                    ~~~~^^^^^^^^
KeyError: 'font'

==============================
Crash Time: 2025-12-31 11:20:25.181356
Traceback (most recent call last):
  File "G:\AICoding\luscreen\src\screenshot_editor.py", line 374, in paintEvent
    draw_item(painter, item)
    ~~~~~~~~~^^^^^^^^^^^^^^^
  File "G:\AICoding\luscreen\src\screenshot_editor.py", line 369, in draw_item
    painter.setFont(item['font'])
                    ~~~~^^^^^^^^
KeyError: 'font'

==============================
Crash Time: 2025-12-31 11:20:25.714706
Traceback (most recent call last):
  File "G:\AICoding\luscreen\src\screenshot_editor.py", line 374, in paintEvent
    draw_item(painter, item)
    ~~~~~~~~~^^^^^^^^^^^^^^^
  File "G:\AICoding\luscreen\src\screenshot_editor.py", line 369, in draw_item
    painter.setFont(item['font'])
                    ~~~~^^^^^^^^
KeyError: 'font'

==============================
Crash Time: 2025-12-31 11:20:26.246985
Traceback (most recent call last):
  File "G:\AICoding\luscreen\src\screenshot_editor.py", line 374, in paintEvent
    draw_item(painter, item)
    ~~~~~~~~~^^^^^^^^^^^^^^^
  File "G:\AICoding\luscreen\src\screenshot_editor.py", line 369, in draw_item
    painter.setFont(item['font'])
                    ~~~~^^^^^^^^
KeyError: 'font'

==============================
Crash Time: 2025-12-31 11:20:26.780742
Traceback (most recent call last):
  File "G:\AICoding\luscreen\src\screenshot_editor.py", line 374, in paintEvent
    draw_item(painter, item)
    ~~~~~~~~~^^^^^^^^^^^^^^^
  File "G:\AICoding\luscreen\src\screenshot_editor.py", line 369, in draw_item
    painter.setFont(item['font'])
                    ~~~~^^^^^^^^
KeyError: 'font'

==============================
Crash Time: 2025-12-31 11:20:27.316727
Traceback (most recent call last):
  File "G:\AICoding\luscreen\src\screenshot_editor.py", line 374, in paintEvent
    draw_item(painter, item)
    ~~~~~~~~~^^^^^^^^^^^^^^^
  File "G:\AICoding\luscreen\src\screenshot_editor.py", line 369, in draw_item
    painter.setFont(item['font'])
                    ~~~~^^^^^^^^
KeyError: 'font'

==============================
Crash Time: 2025-12-31 11:20:27.842087
Traceback (most recent call last):
  File "G:\AICoding\luscreen\src\screenshot_editor.py", line 374, in paintEvent
    draw_item(painter, item)
    ~~~~~~~~~^^^^^^^^^^^^^^^
  File "G:\AICoding\luscreen\src\screenshot_editor.py", line 369, in draw_item
    painter.setFont(item['font'])
                    ~~~~^^^^^^^^
KeyError: 'font'

==============================
Crash Time: 2025-12-31 11:20:28.096953
Traceback (most recent call last):
  File "G:\AICoding\luscreen\src\screenshot_editor.py", line 374, in paintEvent
    draw_item(painter, item)
    ~~~~~~~~~^^^^^^^^^^^^^^^
  File "G:\AICoding\luscreen\src\screenshot_editor.py", line 369, in draw_item
    painter.setFont(item['font'])
                    ~~~~^^^^^^^^
KeyError: 'font'

==============================
Crash Time: 2025-12-31 11:20:28.378920
Traceback (most recent call last):
  File "G:\AICoding\luscreen\src\screenshot_editor.py", line 374, in paintEvent
    draw_item(painter, item)
    ~~~~~~~~~^^^^^^^^^^^^^^^
  File "G:\AICoding\luscreen\src\screenshot_editor.py", line 369, in draw_item
    painter.setFont(item['font'])
                    ~~~~^^^^^^^^
KeyError: 'font'

==============================
Crash Time: 2025-12-31 11:20:28.903359
Traceback (most recent call last):
  File "G:\AICoding\luscreen\src\screenshot_editor.py", line 374, in paintEvent
    draw_item(painter, item)
    ~~~~~~~~~^^^^^^^^^^^^^^^
  File "G:\AICoding\luscreen\src\screenshot_editor.py", line 369, in draw_item
    painter.setFont(item['font'])
                    ~~~~^^^^^^^^
KeyError: 'font'

==============================
Crash Time: 2025-12-31 11:20:29.194280
Traceback (most recent call last):
  File "G:\AICoding\luscreen\src\screenshot_editor.py", line 473, in mousePressEvent
    self.add_text(event.pos())
    ~~~~~~~~~~~~~^^^^^^^^^^^^^
  File "G:\AICoding\luscreen\src\screenshot_editor.py", line 585, in add_text
    self.active_text_editor.editingFinished.connect(self.commit_text_editor)
    ^^^^^^^^^^^^^^^^^^^^^^^^^^^^^^^^^^^^^^^
AttributeError: 'NoneType' object has no attribute 'editingFinished'

==============================
Crash Time: 2025-12-31 11:20:29.200540
Traceback (most recent call last):
  File "G:\AICoding\luscreen\src\screenshot_editor.py", line 374, in paintEvent
    draw_item(painter, item)
    ~~~~~~~~~^^^^^^^^^^^^^^^
  File "G:\AICoding\luscreen\src\screenshot_editor.py", line 369, in draw_item
    painter.setFont(item['font'])
                    ~~~~^^^^^^^^
KeyError: 'font'

==============================
Crash Time: 2025-12-31 11:20:29.282845
Traceback (most recent call last):
  File "G:\AICoding\luscreen\src\screenshot_editor.py", line 374, in paintEvent
    draw_item(painter, item)
    ~~~~~~~~~^^^^^^^^^^^^^^^
  File "G:\AICoding\luscreen\src\screenshot_editor.py", line 369, in draw_item
    painter.setFont(item['font'])
                    ~~~~^^^^^^^^
KeyError: 'font'

==============================
Crash Time: 2025-12-31 11:20:29.973124
Traceback (most recent call last):
  File "G:\AICoding\luscreen\src\screenshot_editor.py", line 374, in paintEvent
    draw_item(painter, item)
    ~~~~~~~~~^^^^^^^^^^^^^^^
  File "G:\AICoding\luscreen\src\screenshot_editor.py", line 369, in draw_item
    painter.setFont(item['font'])
                    ~~~~^^^^^^^^
KeyError: 'font'

==============================
Crash Time: 2025-12-31 11:20:30.058351
Traceback (most recent call last):
  File "G:\AICoding\luscreen\src\screenshot_editor.py", line 374, in paintEvent
    draw_item(painter, item)
    ~~~~~~~~~^^^^^^^^^^^^^^^
  File "G:\AICoding\luscreen\src\screenshot_editor.py", line 369, in draw_item
    painter.setFont(item['font'])
                    ~~~~^^^^^^^^
KeyError: 'font'

==============================
Crash Time: 2025-12-31 11:20:30.500354
Traceback (most recent call last):
  File "G:\AICoding\luscreen\src\screenshot_editor.py", line 374, in paintEvent
    draw_item(painter, item)
    ~~~~~~~~~^^^^^^^^^^^^^^^
  File "G:\AICoding\luscreen\src\screenshot_editor.py", line 369, in draw_item
    painter.setFont(item['font'])
                    ~~~~^^^^^^^^
KeyError: 'font'

==============================
Crash Time: 2025-12-31 11:20:30.752247
Traceback (most recent call last):
  File "G:\AICoding\luscreen\src\screenshot_editor.py", line 374, in paintEvent
    draw_item(painter, item)
    ~~~~~~~~~^^^^^^^^^^^^^^^
  File "G:\AICoding\luscreen\src\screenshot_editor.py", line 369, in draw_item
    painter.setFont(item['font'])
                    ~~~~^^^^^^^^
KeyError: 'font'

==============================
Crash Time: 2025-12-31 11:20:31.025396
Traceback (most recent call last):
  File "G:\AICoding\luscreen\src\screenshot_editor.py", line 374, in paintEvent
    draw_item(painter, item)
    ~~~~~~~~~^^^^^^^^^^^^^^^
  File "G:\AICoding\luscreen\src\screenshot_editor.py", line 369, in draw_item
    painter.setFont(item['font'])
                    ~~~~^^^^^^^^
KeyError: 'font'

==============================
Crash Time: 2025-12-31 11:20:31.561123
Traceback (most recent call last):
  File "G:\AICoding\luscreen\src\screenshot_editor.py", line 374, in paintEvent
    draw_item(painter, item)
    ~~~~~~~~~^^^^^^^^^^^^^^^
  File "G:\AICoding\luscreen\src\screenshot_editor.py", line 369, in draw_item
    painter.setFont(item['font'])
                    ~~~~^^^^^^^^
KeyError: 'font'

==============================
Crash Time: 2025-12-31 11:20:31.739137
Traceback (most recent call last):
  File "G:\AICoding\luscreen\src\screenshot_editor.py", line 374, in paintEvent
    draw_item(painter, item)
    ~~~~~~~~~^^^^^^^^^^^^^^^
  File "G:\AICoding\luscreen\src\screenshot_editor.py", line 369, in draw_item
    painter.setFont(item['font'])
                    ~~~~^^^^^^^^
KeyError: 'font'

==============================
Crash Time: 2025-12-31 11:20:31.805474
Traceback (most recent call last):
  File "G:\AICoding\luscreen\src\screenshot_editor.py", line 374, in paintEvent
    draw_item(painter, item)
    ~~~~~~~~~^^^^^^^^^^^^^^^
  File "G:\AICoding\luscreen\src\screenshot_editor.py", line 369, in draw_item
    painter.setFont(item['font'])
                    ~~~~^^^^^^^^
KeyError: 'font'

==============================
Crash Time: 2025-12-31 11:20:33.195079
Traceback (most recent call last):
  File "G:\AICoding\luscreen\src\screenshot_editor.py", line 457, in mousePressEvent
    idx = self.hit_test(event.pos())
  File "G:\AICoding\luscreen\src\screenshot_editor.py", line 422, in hit_test
    fm = QFontMetrics(item['font'])
                      ~~~~^^^^^^^^
KeyError: 'font'

==============================
Crash Time: 2025-12-31 11:20:33.248025
Traceback (most recent call last):
  File "G:\AICoding\luscreen\src\screenshot_editor.py", line 497, in mouseMoveEvent
    idx = self.hit_test(event.pos())
  File "G:\AICoding\luscreen\src\screenshot_editor.py", line 422, in hit_test
    fm = QFontMetrics(item['font'])
                      ~~~~^^^^^^^^
KeyError: 'font'

==============================
Crash Time: 2025-12-31 11:20:33.255798
Traceback (most recent call last):
  File "G:\AICoding\luscreen\src\screenshot_editor.py", line 497, in mouseMoveEvent
    idx = self.hit_test(event.pos())
  File "G:\AICoding\luscreen\src\screenshot_editor.py", line 422, in hit_test
    fm = QFontMetrics(item['font'])
                      ~~~~^^^^^^^^
KeyError: 'font'

==============================
Crash Time: 2025-12-31 11:20:33.264216
Traceback (most recent call last):
  File "G:\AICoding\luscreen\src\screenshot_editor.py", line 497, in mouseMoveEvent
    idx = self.hit_test(event.pos())
  File "G:\AICoding\luscreen\src\screenshot_editor.py", line 422, in hit_test
    fm = QFontMetrics(item['font'])
                      ~~~~^^^^^^^^
KeyError: 'font'

==============================
Crash Time: 2025-12-31 11:20:33.272024
Traceback (most recent call last):
  File "G:\AICoding\luscreen\src\screenshot_editor.py", line 497, in mouseMoveEvent
    idx = self.hit_test(event.pos())
  File "G:\AICoding\luscreen\src\screenshot_editor.py", line 422, in hit_test
    fm = QFontMetrics(item['font'])
                      ~~~~^^^^^^^^
KeyError: 'font'

==============================
Crash Time: 2025-12-31 11:20:33.280052
Traceback (most recent call last):
  File "G:\AICoding\luscreen\src\screenshot_editor.py", line 497, in mouseMoveEvent
    idx = self.hit_test(event.pos())
  File "G:\AICoding\luscreen\src\screenshot_editor.py", line 422, in hit_test
    fm = QFontMetrics(item['font'])
                      ~~~~^^^^^^^^
KeyError: 'font'

==============================
Crash Time: 2025-12-31 11:20:33.287841
Traceback (most recent call last):
  File "G:\AICoding\luscreen\src\screenshot_editor.py", line 497, in mouseMoveEvent
    idx = self.hit_test(event.pos())
  File "G:\AICoding\luscreen\src\screenshot_editor.py", line 422, in hit_test
    fm = QFontMetrics(item['font'])
                      ~~~~^^^^^^^^
KeyError: 'font'

==============================
Crash Time: 2025-12-31 11:20:33.295965
Traceback (most recent call last):
  File "G:\AICoding\luscreen\src\screenshot_editor.py", line 497, in mouseMoveEvent
    idx = self.hit_test(event.pos())
  File "G:\AICoding\luscreen\src\screenshot_editor.py", line 422, in hit_test
    fm = QFontMetrics(item['font'])
                      ~~~~^^^^^^^^
KeyError: 'font'

==============================
Crash Time: 2025-12-31 11:20:33.303933
Traceback (most recent call last):
  File "G:\AICoding\luscreen\src\screenshot_editor.py", line 497, in mouseMoveEvent
    idx = self.hit_test(event.pos())
  File "G:\AICoding\luscreen\src\screenshot_editor.py", line 422, in hit_test
    fm = QFontMetrics(item['font'])
                      ~~~~^^^^^^^^
KeyError: 'font'

==============================
Crash Time: 2025-12-31 11:20:33.312079
Traceback (most recent call last):
  File "G:\AICoding\luscreen\src\screenshot_editor.py", line 497, in mouseMoveEvent
    idx = self.hit_test(event.pos())
  File "G:\AICoding\luscreen\src\screenshot_editor.py", line 422, in hit_test
    fm = QFontMetrics(item['font'])
                      ~~~~^^^^^^^^
KeyError: 'font'

==============================
Crash Time: 2025-12-31 11:20:33.320236
Traceback (most recent call last):
  File "G:\AICoding\luscreen\src\screenshot_editor.py", line 497, in mouseMoveEvent
    idx = self.hit_test(event.pos())
  File "G:\AICoding\luscreen\src\screenshot_editor.py", line 422, in hit_test
    fm = QFontMetrics(item['font'])
                      ~~~~^^^^^^^^
KeyError: 'font'

==============================
Crash Time: 2025-12-31 11:20:33.328005
Traceback (most recent call last):
  File "G:\AICoding\luscreen\src\screenshot_editor.py", line 497, in mouseMoveEvent
    idx = self.hit_test(event.pos())
  File "G:\AICoding\luscreen\src\screenshot_editor.py", line 422, in hit_test
    fm = QFontMetrics(item['font'])
                      ~~~~^^^^^^^^
KeyError: 'font'

==============================
Crash Time: 2025-12-31 11:20:33.344112
Traceback (most recent call last):
  File "G:\AICoding\luscreen\src\screenshot_editor.py", line 497, in mouseMoveEvent
    idx = self.hit_test(event.pos())
  File "G:\AICoding\luscreen\src\screenshot_editor.py", line 422, in hit_test
    fm = QFontMetrics(item['font'])
                      ~~~~^^^^^^^^
KeyError: 'font'

==============================
Crash Time: 2025-12-31 11:20:33.352325
Traceback (most recent call last):
  File "G:\AICoding\luscreen\src\screenshot_editor.py", line 497, in mouseMoveEvent
    idx = self.hit_test(event.pos())
  File "G:\AICoding\luscreen\src\screenshot_editor.py", line 422, in hit_test
    fm = QFontMetrics(item['font'])
                      ~~~~^^^^^^^^
KeyError: 'font'

==============================
Crash Time: 2025-12-31 11:20:33.361020
Traceback (most recent call last):
  File "G:\AICoding\luscreen\src\screenshot_editor.py", line 497, in mouseMoveEvent
    idx = self.hit_test(event.pos())
  File "G:\AICoding\luscreen\src\screenshot_editor.py", line 422, in hit_test
    fm = QFontMetrics(item['font'])
                      ~~~~^^^^^^^^
KeyError: 'font'

==============================
Crash Time: 2025-12-31 11:20:33.368505
Traceback (most recent call last):
  File "G:\AICoding\luscreen\src\screenshot_editor.py", line 497, in mouseMoveEvent
    idx = self.hit_test(event.pos())
  File "G:\AICoding\luscreen\src\screenshot_editor.py", line 422, in hit_test
    fm = QFontMetrics(item['font'])
                      ~~~~^^^^^^^^
KeyError: 'font'

==============================
Crash Time: 2025-12-31 11:20:33.376841
Traceback (most recent call last):
  File "G:\AICoding\luscreen\src\screenshot_editor.py", line 497, in mouseMoveEvent
    idx = self.hit_test(event.pos())
  File "G:\AICoding\luscreen\src\screenshot_editor.py", line 422, in hit_test
    fm = QFontMetrics(item['font'])
                      ~~~~^^^^^^^^
KeyError: 'font'

==============================
Crash Time: 2025-12-31 11:20:33.384479
Traceback (most recent call last):
  File "G:\AICoding\luscreen\src\screenshot_editor.py", line 497, in mouseMoveEvent
    idx = self.hit_test(event.pos())
  File "G:\AICoding\luscreen\src\screenshot_editor.py", line 422, in hit_test
    fm = QFontMetrics(item['font'])
                      ~~~~^^^^^^^^
KeyError: 'font'

==============================
Crash Time: 2025-12-31 11:20:33.392247
Traceback (most recent call last):
  File "G:\AICoding\luscreen\src\screenshot_editor.py", line 497, in mouseMoveEvent
    idx = self.hit_test(event.pos())
  File "G:\AICoding\luscreen\src\screenshot_editor.py", line 422, in hit_test
    fm = QFontMetrics(item['font'])
                      ~~~~^^^^^^^^
KeyError: 'font'

==============================
Crash Time: 2025-12-31 11:20:33.400125
Traceback (most recent call last):
  File "G:\AICoding\luscreen\src\screenshot_editor.py", line 497, in mouseMoveEvent
    idx = self.hit_test(event.pos())
  File "G:\AICoding\luscreen\src\screenshot_editor.py", line 422, in hit_test
    fm = QFontMetrics(item['font'])
                      ~~~~^^^^^^^^
KeyError: 'font'

==============================
Crash Time: 2025-12-31 11:20:33.408319
Traceback (most recent call last):
  File "G:\AICoding\luscreen\src\screenshot_editor.py", line 497, in mouseMoveEvent
    idx = self.hit_test(event.pos())
  File "G:\AICoding\luscreen\src\screenshot_editor.py", line 422, in hit_test
    fm = QFontMetrics(item['font'])
                      ~~~~^^^^^^^^
KeyError: 'font'

==============================
Crash Time: 2025-12-31 11:20:33.416411
Traceback (most recent call last):
  File "G:\AICoding\luscreen\src\screenshot_editor.py", line 497, in mouseMoveEvent
    idx = self.hit_test(event.pos())
  File "G:\AICoding\luscreen\src\screenshot_editor.py", line 422, in hit_test
    fm = QFontMetrics(item['font'])
                      ~~~~^^^^^^^^
KeyError: 'font'

==============================
Crash Time: 2025-12-31 11:20:33.424266
Traceback (most recent call last):
  File "G:\AICoding\luscreen\src\screenshot_editor.py", line 497, in mouseMoveEvent
    idx = self.hit_test(event.pos())
  File "G:\AICoding\luscreen\src\screenshot_editor.py", line 422, in hit_test
    fm = QFontMetrics(item['font'])
                      ~~~~^^^^^^^^
KeyError: 'font'

==============================
Crash Time: 2025-12-31 11:20:33.432272
Traceback (most recent call last):
  File "G:\AICoding\luscreen\src\screenshot_editor.py", line 497, in mouseMoveEvent
    idx = self.hit_test(event.pos())
  File "G:\AICoding\luscreen\src\screenshot_editor.py", line 422, in hit_test
    fm = QFontMetrics(item['font'])
                      ~~~~^^^^^^^^
KeyError: 'font'

==============================
Crash Time: 2025-12-31 11:20:33.440085
Traceback (most recent call last):
  File "G:\AICoding\luscreen\src\screenshot_editor.py", line 497, in mouseMoveEvent
    idx = self.hit_test(event.pos())
  File "G:\AICoding\luscreen\src\screenshot_editor.py", line 422, in hit_test
    fm = QFontMetrics(item['font'])
                      ~~~~^^^^^^^^
KeyError: 'font'

==============================
Crash Time: 2025-12-31 11:20:33.456354
Traceback (most recent call last):
  File "G:\AICoding\luscreen\src\screenshot_editor.py", line 497, in mouseMoveEvent
    idx = self.hit_test(event.pos())
  File "G:\AICoding\luscreen\src\screenshot_editor.py", line 422, in hit_test
    fm = QFontMetrics(item['font'])
                      ~~~~^^^^^^^^
KeyError: 'font'

==============================
Crash Time: 2025-12-31 11:20:33.464200
Traceback (most recent call last):
  File "G:\AICoding\luscreen\src\screenshot_editor.py", line 497, in mouseMoveEvent
    idx = self.hit_test(event.pos())
  File "G:\AICoding\luscreen\src\screenshot_editor.py", line 422, in hit_test
    fm = QFontMetrics(item['font'])
                      ~~~~^^^^^^^^
KeyError: 'font'

==============================
Crash Time: 2025-12-31 11:20:33.480384
Traceback (most recent call last):
  File "G:\AICoding\luscreen\src\screenshot_editor.py", line 497, in mouseMoveEvent
    idx = self.hit_test(event.pos())
  File "G:\AICoding\luscreen\src\screenshot_editor.py", line 422, in hit_test
    fm = QFontMetrics(item['font'])
                      ~~~~^^^^^^^^
KeyError: 'font'

==============================
Crash Time: 2025-12-31 11:20:33.496696
Traceback (most recent call last):
  File "G:\AICoding\luscreen\src\screenshot_editor.py", line 497, in mouseMoveEvent
    idx = self.hit_test(event.pos())
  File "G:\AICoding\luscreen\src\screenshot_editor.py", line 422, in hit_test
    fm = QFontMetrics(item['font'])
                      ~~~~^^^^^^^^
KeyError: 'font'

==============================
Crash Time: 2025-12-31 11:20:33.528873
Traceback (most recent call last):
  File "G:\AICoding\luscreen\src\screenshot_editor.py", line 497, in mouseMoveEvent
    idx = self.hit_test(event.pos())
  File "G:\AICoding\luscreen\src\screenshot_editor.py", line 422, in hit_test
    fm = QFontMetrics(item['font'])
                      ~~~~^^^^^^^^
KeyError: 'font'

==============================
Crash Time: 2025-12-31 11:20:33.546814
Traceback (most recent call last):
  File "G:\AICoding\luscreen\src\screenshot_editor.py", line 497, in mouseMoveEvent
    idx = self.hit_test(event.pos())
  File "G:\AICoding\luscreen\src\screenshot_editor.py", line 422, in hit_test
    fm = QFontMetrics(item['font'])
                      ~~~~^^^^^^^^
KeyError: 'font'

==============================
Crash Time: 2025-12-31 11:20:33.568353
Traceback (most recent call last):
  File "G:\AICoding\luscreen\src\screenshot_editor.py", line 497, in mouseMoveEvent
    idx = self.hit_test(event.pos())
  File "G:\AICoding\luscreen\src\screenshot_editor.py", line 422, in hit_test
    fm = QFontMetrics(item['font'])
                      ~~~~^^^^^^^^
KeyError: 'font'

==============================
Crash Time: 2025-12-31 11:20:33.890386
Traceback (most recent call last):
  File "G:\AICoding\luscreen\src\screenshot_editor.py", line 457, in mousePressEvent
    idx = self.hit_test(event.pos())
  File "G:\AICoding\luscreen\src\screenshot_editor.py", line 422, in hit_test
    fm = QFontMetrics(item['font'])
                      ~~~~^^^^^^^^
KeyError: 'font'

==============================
Crash Time: 2025-12-31 11:20:33.896130
Traceback (most recent call last):
  File "G:\AICoding\luscreen\src\screenshot_editor.py", line 497, in mouseMoveEvent
    idx = self.hit_test(event.pos())
  File "G:\AICoding\luscreen\src\screenshot_editor.py", line 422, in hit_test
    fm = QFontMetrics(item['font'])
                      ~~~~^^^^^^^^
KeyError: 'font'

==============================
Crash Time: 2025-12-31 11:20:33.905898
Traceback (most recent call last):
  File "G:\AICoding\luscreen\src\screenshot_editor.py", line 497, in mouseMoveEvent
    idx = self.hit_test(event.pos())
  File "G:\AICoding\luscreen\src\screenshot_editor.py", line 422, in hit_test
    fm = QFontMetrics(item['font'])
                      ~~~~^^^^^^^^
KeyError: 'font'

==============================
Crash Time: 2025-12-31 11:20:33.912457
Traceback (most recent call last):
  File "G:\AICoding\luscreen\src\screenshot_editor.py", line 497, in mouseMoveEvent
    idx = self.hit_test(event.pos())
  File "G:\AICoding\luscreen\src\screenshot_editor.py", line 422, in hit_test
    fm = QFontMetrics(item['font'])
                      ~~~~^^^^^^^^
KeyError: 'font'

==============================
Crash Time: 2025-12-31 11:20:33.920387
Traceback (most recent call last):
  File "G:\AICoding\luscreen\src\screenshot_editor.py", line 497, in mouseMoveEvent
    idx = self.hit_test(event.pos())
  File "G:\AICoding\luscreen\src\screenshot_editor.py", line 422, in hit_test
    fm = QFontMetrics(item['font'])
                      ~~~~^^^^^^^^
KeyError: 'font'

==============================
Crash Time: 2025-12-31 11:20:33.927975
Traceback (most recent call last):
  File "G:\AICoding\luscreen\src\screenshot_editor.py", line 497, in mouseMoveEvent
    idx = self.hit_test(event.pos())
  File "G:\AICoding\luscreen\src\screenshot_editor.py", line 422, in hit_test
    fm = QFontMetrics(item['font'])
                      ~~~~^^^^^^^^
KeyError: 'font'

==============================
Crash Time: 2025-12-31 11:20:33.936059
Traceback (most recent call last):
  File "G:\AICoding\luscreen\src\screenshot_editor.py", line 497, in mouseMoveEvent
    idx = self.hit_test(event.pos())
  File "G:\AICoding\luscreen\src\screenshot_editor.py", line 422, in hit_test
    fm = QFontMetrics(item['font'])
                      ~~~~^^^^^^^^
KeyError: 'font'

==============================
Crash Time: 2025-12-31 11:20:33.944377
Traceback (most recent call last):
  File "G:\AICoding\luscreen\src\screenshot_editor.py", line 497, in mouseMoveEvent
    idx = self.hit_test(event.pos())
  File "G:\AICoding\luscreen\src\screenshot_editor.py", line 422, in hit_test
    fm = QFontMetrics(item['font'])
                      ~~~~^^^^^^^^
KeyError: 'font'

==============================
Crash Time: 2025-12-31 11:20:33.953694
Traceback (most recent call last):
  File "G:\AICoding\luscreen\src\screenshot_editor.py", line 497, in mouseMoveEvent
    idx = self.hit_test(event.pos())
  File "G:\AICoding\luscreen\src\screenshot_editor.py", line 422, in hit_test
    fm = QFontMetrics(item['font'])
                      ~~~~^^^^^^^^
KeyError: 'font'

==============================
Crash Time: 2025-12-31 11:20:33.960169
Traceback (most recent call last):
  File "G:\AICoding\luscreen\src\screenshot_editor.py", line 497, in mouseMoveEvent
    idx = self.hit_test(event.pos())
  File "G:\AICoding\luscreen\src\screenshot_editor.py", line 422, in hit_test
    fm = QFontMetrics(item['font'])
                      ~~~~^^^^^^^^
KeyError: 'font'

==============================
Crash Time: 2025-12-31 11:20:33.969484
Traceback (most recent call last):
  File "G:\AICoding\luscreen\src\screenshot_editor.py", line 497, in mouseMoveEvent
    idx = self.hit_test(event.pos())
  File "G:\AICoding\luscreen\src\screenshot_editor.py", line 422, in hit_test
    fm = QFontMetrics(item['font'])
                      ~~~~^^^^^^^^
KeyError: 'font'

==============================
Crash Time: 2025-12-31 11:20:33.976137
Traceback (most recent call last):
  File "G:\AICoding\luscreen\src\screenshot_editor.py", line 497, in mouseMoveEvent
    idx = self.hit_test(event.pos())
  File "G:\AICoding\luscreen\src\screenshot_editor.py", line 422, in hit_test
    fm = QFontMetrics(item['font'])
                      ~~~~^^^^^^^^
KeyError: 'font'

==============================
Crash Time: 2025-12-31 11:20:33.983933
Traceback (most recent call last):
  File "G:\AICoding\luscreen\src\screenshot_editor.py", line 497, in mouseMoveEvent
    idx = self.hit_test(event.pos())
  File "G:\AICoding\luscreen\src\screenshot_editor.py", line 422, in hit_test
    fm = QFontMetrics(item['font'])
                      ~~~~^^^^^^^^
KeyError: 'font'

==============================
Crash Time: 2025-12-31 11:20:33.992417
Traceback (most recent call last):
  File "G:\AICoding\luscreen\src\screenshot_editor.py", line 497, in mouseMoveEvent
    idx = self.hit_test(event.pos())
  File "G:\AICoding\luscreen\src\screenshot_editor.py", line 422, in hit_test
    fm = QFontMetrics(item['font'])
                      ~~~~^^^^^^^^
KeyError: 'font'

==============================
Crash Time: 2025-12-31 11:20:34.000106
Traceback (most recent call last):
  File "G:\AICoding\luscreen\src\screenshot_editor.py", line 497, in mouseMoveEvent
    idx = self.hit_test(event.pos())
  File "G:\AICoding\luscreen\src\screenshot_editor.py", line 422, in hit_test
    fm = QFontMetrics(item['font'])
                      ~~~~^^^^^^^^
KeyError: 'font'

==============================
Crash Time: 2025-12-31 11:20:34.008394
Traceback (most recent call last):
  File "G:\AICoding\luscreen\src\screenshot_editor.py", line 497, in mouseMoveEvent
    idx = self.hit_test(event.pos())
  File "G:\AICoding\luscreen\src\screenshot_editor.py", line 422, in hit_test
    fm = QFontMetrics(item['font'])
                      ~~~~^^^^^^^^
KeyError: 'font'

==============================
Crash Time: 2025-12-31 11:20:34.016323
Traceback (most recent call last):
  File "G:\AICoding\luscreen\src\screenshot_editor.py", line 497, in mouseMoveEvent
    idx = self.hit_test(event.pos())
  File "G:\AICoding\luscreen\src\screenshot_editor.py", line 422, in hit_test
    fm = QFontMetrics(item['font'])
                      ~~~~^^^^^^^^
KeyError: 'font'

==============================
Crash Time: 2025-12-31 11:20:34.024162
Traceback (most recent call last):
  File "G:\AICoding\luscreen\src\screenshot_editor.py", line 497, in mouseMoveEvent
    idx = self.hit_test(event.pos())
  File "G:\AICoding\luscreen\src\screenshot_editor.py", line 422, in hit_test
    fm = QFontMetrics(item['font'])
                      ~~~~^^^^^^^^
KeyError: 'font'

==============================
Crash Time: 2025-12-31 11:20:34.032267
Traceback (most recent call last):
  File "G:\AICoding\luscreen\src\screenshot_editor.py", line 497, in mouseMoveEvent
    idx = self.hit_test(event.pos())
  File "G:\AICoding\luscreen\src\screenshot_editor.py", line 422, in hit_test
    fm = QFontMetrics(item['font'])
                      ~~~~^^^^^^^^
KeyError: 'font'

==============================
Crash Time: 2025-12-31 11:20:34.040069
Traceback (most recent call last):
  File "G:\AICoding\luscreen\src\screenshot_editor.py", line 497, in mouseMoveEvent
    idx = self.hit_test(event.pos())
  File "G:\AICoding\luscreen\src\screenshot_editor.py", line 422, in hit_test
    fm = QFontMetrics(item['font'])
                      ~~~~^^^^^^^^
KeyError: 'font'

==============================
Crash Time: 2025-12-31 11:20:34.048427
Traceback (most recent call last):
  File "G:\AICoding\luscreen\src\screenshot_editor.py", line 497, in mouseMoveEvent
    idx = self.hit_test(event.pos())
  File "G:\AICoding\luscreen\src\screenshot_editor.py", line 422, in hit_test
    fm = QFontMetrics(item['font'])
                      ~~~~^^^^^^^^
KeyError: 'font'

==============================
Crash Time: 2025-12-31 11:20:34.056051
Traceback (most recent call last):
  File "G:\AICoding\luscreen\src\screenshot_editor.py", line 497, in mouseMoveEvent
    idx = self.hit_test(event.pos())
  File "G:\AICoding\luscreen\src\screenshot_editor.py", line 422, in hit_test
    fm = QFontMetrics(item['font'])
                      ~~~~^^^^^^^^
KeyError: 'font'

==============================
Crash Time: 2025-12-31 11:20:34.065378
Traceback (most recent call last):
  File "G:\AICoding\luscreen\src\screenshot_editor.py", line 497, in mouseMoveEvent
    idx = self.hit_test(event.pos())
  File "G:\AICoding\luscreen\src\screenshot_editor.py", line 422, in hit_test
    fm = QFontMetrics(item['font'])
                      ~~~~^^^^^^^^
KeyError: 'font'

==============================
Crash Time: 2025-12-31 11:20:34.072634
Traceback (most recent call last):
  File "G:\AICoding\luscreen\src\screenshot_editor.py", line 497, in mouseMoveEvent
    idx = self.hit_test(event.pos())
  File "G:\AICoding\luscreen\src\screenshot_editor.py", line 422, in hit_test
    fm = QFontMetrics(item['font'])
                      ~~~~^^^^^^^^
KeyError: 'font'

==============================
Crash Time: 2025-12-31 11:20:34.080232
Traceback (most recent call last):
  File "G:\AICoding\luscreen\src\screenshot_editor.py", line 497, in mouseMoveEvent
    idx = self.hit_test(event.pos())
  File "G:\AICoding\luscreen\src\screenshot_editor.py", line 422, in hit_test
    fm = QFontMetrics(item['font'])
                      ~~~~^^^^^^^^
KeyError: 'font'

==============================
Crash Time: 2025-12-31 11:20:34.137046
Traceback (most recent call last):
  File "G:\AICoding\luscreen\src\screenshot_editor.py", line 497, in mouseMoveEvent
    idx = self.hit_test(event.pos())
  File "G:\AICoding\luscreen\src\screenshot_editor.py", line 422, in hit_test
    fm = QFontMetrics(item['font'])
                      ~~~~^^^^^^^^
KeyError: 'font'

==============================
Crash Time: 2025-12-31 11:20:34.153491
Traceback (most recent call last):
  File "G:\AICoding\luscreen\src\screenshot_editor.py", line 497, in mouseMoveEvent
    idx = self.hit_test(event.pos())
  File "G:\AICoding\luscreen\src\screenshot_editor.py", line 422, in hit_test
    fm = QFontMetrics(item['font'])
                      ~~~~^^^^^^^^
KeyError: 'font'

==============================
Crash Time: 2025-12-31 11:20:34.393590
Traceback (most recent call last):
  File "G:\AICoding\luscreen\src\screenshot_editor.py", line 457, in mousePressEvent
    idx = self.hit_test(event.pos())
  File "G:\AICoding\luscreen\src\screenshot_editor.py", line 422, in hit_test
    fm = QFontMetrics(item['font'])
                      ~~~~^^^^^^^^
KeyError: 'font'

==============================
Crash Time: 2025-12-31 11:20:34.400416
Traceback (most recent call last):
  File "G:\AICoding\luscreen\src\screenshot_editor.py", line 497, in mouseMoveEvent
    idx = self.hit_test(event.pos())
  File "G:\AICoding\luscreen\src\screenshot_editor.py", line 422, in hit_test
    fm = QFontMetrics(item['font'])
                      ~~~~^^^^^^^^
KeyError: 'font'

==============================
Crash Time: 2025-12-31 11:20:34.408640
Traceback (most recent call last):
  File "G:\AICoding\luscreen\src\screenshot_editor.py", line 497, in mouseMoveEvent
    idx = self.hit_test(event.pos())
  File "G:\AICoding\luscreen\src\screenshot_editor.py", line 422, in hit_test
    fm = QFontMetrics(item['font'])
                      ~~~~^^^^^^^^
KeyError: 'font'

==============================
Crash Time: 2025-12-31 11:20:34.416439
Traceback (most recent call last):
  File "G:\AICoding\luscreen\src\screenshot_editor.py", line 497, in mouseMoveEvent
    idx = self.hit_test(event.pos())
  File "G:\AICoding\luscreen\src\screenshot_editor.py", line 422, in hit_test
    fm = QFontMetrics(item['font'])
                      ~~~~^^^^^^^^
KeyError: 'font'

==============================
Crash Time: 2025-12-31 11:20:34.424164
Traceback (most recent call last):
  File "G:\AICoding\luscreen\src\screenshot_editor.py", line 497, in mouseMoveEvent
    idx = self.hit_test(event.pos())
  File "G:\AICoding\luscreen\src\screenshot_editor.py", line 422, in hit_test
    fm = QFontMetrics(item['font'])
                      ~~~~^^^^^^^^
KeyError: 'font'

==============================
Crash Time: 2025-12-31 11:20:34.432474
Traceback (most recent call last):
  File "G:\AICoding\luscreen\src\screenshot_editor.py", line 497, in mouseMoveEvent
    idx = self.hit_test(event.pos())
  File "G:\AICoding\luscreen\src\screenshot_editor.py", line 422, in hit_test
    fm = QFontMetrics(item['font'])
                      ~~~~^^^^^^^^
KeyError: 'font'

==============================
Crash Time: 2025-12-31 11:20:34.439839
Traceback (most recent call last):
  File "G:\AICoding\luscreen\src\screenshot_editor.py", line 497, in mouseMoveEvent
    idx = self.hit_test(event.pos())
  File "G:\AICoding\luscreen\src\screenshot_editor.py", line 422, in hit_test
    fm = QFontMetrics(item['font'])
                      ~~~~^^^^^^^^
KeyError: 'font'

==============================
Crash Time: 2025-12-31 11:20:34.448420
Traceback (most recent call last):
  File "G:\AICoding\luscreen\src\screenshot_editor.py", line 497, in mouseMoveEvent
    idx = self.hit_test(event.pos())
  File "G:\AICoding\luscreen\src\screenshot_editor.py", line 422, in hit_test
    fm = QFontMetrics(item['font'])
                      ~~~~^^^^^^^^
KeyError: 'font'

==============================
Crash Time: 2025-12-31 11:20:34.455852
Traceback (most recent call last):
  File "G:\AICoding\luscreen\src\screenshot_editor.py", line 497, in mouseMoveEvent
    idx = self.hit_test(event.pos())
  File "G:\AICoding\luscreen\src\screenshot_editor.py", line 422, in hit_test
    fm = QFontMetrics(item['font'])
                      ~~~~^^^^^^^^
KeyError: 'font'

==============================
Crash Time: 2025-12-31 11:20:34.464517
Traceback (most recent call last):
  File "G:\AICoding\luscreen\src\screenshot_editor.py", line 497, in mouseMoveEvent
    idx = self.hit_test(event.pos())
  File "G:\AICoding\luscreen\src\screenshot_editor.py", line 422, in hit_test
    fm = QFontMetrics(item['font'])
                      ~~~~^^^^^^^^
KeyError: 'font'

==============================
Crash Time: 2025-12-31 11:20:34.471945
Traceback (most recent call last):
  File "G:\AICoding\luscreen\src\screenshot_editor.py", line 497, in mouseMoveEvent
    idx = self.hit_test(event.pos())
  File "G:\AICoding\luscreen\src\screenshot_editor.py", line 422, in hit_test
    fm = QFontMetrics(item['font'])
                      ~~~~^^^^^^^^
KeyError: 'font'

==============================
Crash Time: 2025-12-31 11:20:34.480449
Traceback (most recent call last):
  File "G:\AICoding\luscreen\src\screenshot_editor.py", line 497, in mouseMoveEvent
    idx = self.hit_test(event.pos())
  File "G:\AICoding\luscreen\src\screenshot_editor.py", line 422, in hit_test
    fm = QFontMetrics(item['font'])
                      ~~~~^^^^^^^^
KeyError: 'font'

==============================
Crash Time: 2025-12-31 11:20:34.488071
Traceback (most recent call last):
  File "G:\AICoding\luscreen\src\screenshot_editor.py", line 497, in mouseMoveEvent
    idx = self.hit_test(event.pos())
  File "G:\AICoding\luscreen\src\screenshot_editor.py", line 422, in hit_test
    fm = QFontMetrics(item['font'])
                      ~~~~^^^^^^^^
KeyError: 'font'

==============================
Crash Time: 2025-12-31 11:20:34.496028
Traceback (most recent call last):
  File "G:\AICoding\luscreen\src\screenshot_editor.py", line 497, in mouseMoveEvent
    idx = self.hit_test(event.pos())
  File "G:\AICoding\luscreen\src\screenshot_editor.py", line 422, in hit_test
    fm = QFontMetrics(item['font'])
                      ~~~~^^^^^^^^
KeyError: 'font'

==============================
Crash Time: 2025-12-31 11:20:34.503832
Traceback (most recent call last):
  File "G:\AICoding\luscreen\src\screenshot_editor.py", line 497, in mouseMoveEvent
    idx = self.hit_test(event.pos())
  File "G:\AICoding\luscreen\src\screenshot_editor.py", line 422, in hit_test
    fm = QFontMetrics(item['font'])
                      ~~~~^^^^^^^^
KeyError: 'font'

==============================
Crash Time: 2025-12-31 11:20:34.512223
Traceback (most recent call last):
  File "G:\AICoding\luscreen\src\screenshot_editor.py", line 497, in mouseMoveEvent
    idx = self.hit_test(event.pos())
  File "G:\AICoding\luscreen\src\screenshot_editor.py", line 422, in hit_test
    fm = QFontMetrics(item['font'])
                      ~~~~^^^^^^^^
KeyError: 'font'

==============================
Crash Time: 2025-12-31 11:20:34.520116
Traceback (most recent call last):
  File "G:\AICoding\luscreen\src\screenshot_editor.py", line 497, in mouseMoveEvent
    idx = self.hit_test(event.pos())
  File "G:\AICoding\luscreen\src\screenshot_editor.py", line 422, in hit_test
    fm = QFontMetrics(item['font'])
                      ~~~~^^^^^^^^
KeyError: 'font'

==============================
Crash Time: 2025-12-31 11:20:34.528412
Traceback (most recent call last):
  File "G:\AICoding\luscreen\src\screenshot_editor.py", line 497, in mouseMoveEvent
    idx = self.hit_test(event.pos())
  File "G:\AICoding\luscreen\src\screenshot_editor.py", line 422, in hit_test
    fm = QFontMetrics(item['font'])
                      ~~~~^^^^^^^^
KeyError: 'font'

==============================
Crash Time: 2025-12-31 11:20:34.536077
Traceback (most recent call last):
  File "G:\AICoding\luscreen\src\screenshot_editor.py", line 497, in mouseMoveEvent
    idx = self.hit_test(event.pos())
  File "G:\AICoding\luscreen\src\screenshot_editor.py", line 422, in hit_test
    fm = QFontMetrics(item['font'])
                      ~~~~^^^^^^^^
KeyError: 'font'

==============================
Crash Time: 2025-12-31 11:20:34.560821
Traceback (most recent call last):
  File "G:\AICoding\luscreen\src\screenshot_editor.py", line 497, in mouseMoveEvent
    idx = self.hit_test(event.pos())
  File "G:\AICoding\luscreen\src\screenshot_editor.py", line 422, in hit_test
    fm = QFontMetrics(item['font'])
                      ~~~~^^^^^^^^
KeyError: 'font'

==============================
Crash Time: 2025-12-31 11:20:34.608526
Traceback (most recent call last):
  File "G:\AICoding\luscreen\src\screenshot_editor.py", line 497, in mouseMoveEvent
    idx = self.hit_test(event.pos())
  File "G:\AICoding\luscreen\src\screenshot_editor.py", line 422, in hit_test
    fm = QFontMetrics(item['font'])
                      ~~~~^^^^^^^^
KeyError: 'font'

==============================
Crash Time: 2025-12-31 11:21:51.627940
Traceback (most recent call last):
  File "G:\AICoding\luscreen\src\screenshot_editor.py", line 475, in mousePressEvent
    self.add_text(event.pos())
    ~~~~~~~~~~~~~^^^^^^^^^^^^^
  File "G:\AICoding\luscreen\src\screenshot_editor.py", line 589, in add_text
    self.active_text_editor.editingFinished.connect(self.commit_text_editor)
    ^^^^^^^^^^^^^^^^^^^^^^^^^^^^^^^^^^^^^^^
AttributeError: 'NoneType' object has no attribute 'editingFinished'

==============================
Crash Time: 2025-12-31 13:54:41.747127
Traceback (most recent call last):
  File "G:\AICoding\luscreen\main.py", line 396, in on_main_window_action
    self.open_image_editor()
    ~~~~~~~~~~~~~~~~~~~~~~^^
  File "G:\AICoding\luscreen\main.py", line 346, in open_image_editor
    file_path, _ = QFileDialog.getOpenFileName(
                   ^^^^^^^^^^^
NameError: name 'QFileDialog' is not defined

==============================
Crash Time: 2025-12-31 13:56:02.582154
Traceback (most recent call last):
  File "G:\AICoding\luscreen\main.py", line 396, in on_main_window_action
    self.open_image_editor()
    ~~~~~~~~~~~~~~~~~~~~~~^^
  File "G:\AICoding\luscreen\main.py", line 382, in open_image_editor
    self.editors.append(editor)
    ^^^^^^^^^^^^
AttributeError: 'LuScreenApp' object has no attribute 'editors'

==============================
Crash Time: 2025-12-31 15:34:08.755637
Traceback (most recent call last):
  File "G:\AICoding\luscreen\main.py", line 396, in on_main_window_action
    self.open_image_editor()
    ~~~~~~~~~~~~~~~~~~~~~~^^
  File "G:\AICoding\luscreen\main.py", line 382, in open_image_editor
    self.editors.append(editor)
    ^^^^^^^^^^^^
AttributeError: 'LuScreenApp' object has no attribute 'editors'

==============================
Crash Time: 2025-12-31 15:53:07.051057
Traceback (most recent call last):
  File "G:\AICoding\luscreen\src\screenshot_editor.py", line 376, in handle_action
    self.open_image()
    ~~~~~~~~~~~~~~~^^
  File "G:\AICoding\luscreen\src\screenshot_editor.py", line 797, in open_image
    self.refresh_canvas()
    ^^^^^^^^^^^^^^^^^^^
AttributeError: 'ScreenshotEditor' object has no attribute 'refresh_canvas'
