2025-12-31 00:09:50,925 - Global - INFO - Global logger initialized. Version: 0.036
2025-12-31 00:09:54,604 - urllib3.connectionpool - DEBUG - Starting new HTTPS connection (1): raw.githubusercontent.com:443
2025-12-31 00:10:05,305 - urllib3.connectionpool - DEBUG - https://raw.githubusercontent.com:443 "GET /victorwu657/luscreen/main/version.json?t=1767110994 HTTP/1.1" 200 161
2025-12-31 00:13:28,517 - Global - INFO - Global logger initialized. Version: 0.039
2025-12-31 00:13:32,141 - urllib3.connectionpool - DEBUG - Starting new HTTPS connection (1): raw.githubusercontent.com:443
2025-12-31 00:13:32,858 - urllib3.connectionpool - DEBUG - https://raw.githubusercontent.com:443 "GET /victorwu657/luscreen/main/version.json?t=1767111212 HTTP/1.1" 200 161
2025-12-31 00:18:42,298 - Global - INFO - Global logger initialized. Version: 0.039
2025-12-31 00:18:45,928 - urllib3.connectionpool - DEBUG - Starting new HTTPS connection (1): raw.githubusercontent.com:443
2025-12-31 00:18:46,984 - urllib3.connectionpool - DEBUG - https://raw.githubusercontent.com:443 "GET /victorwu657/luscreen/main/version.json?t=1767111525 HTTP/1.1" 200 161
2025-12-31 00:23:46,987 - Global - INFO - Global logger initialized. Version: 0.039
2025-12-31 00:23:50,626 - urllib3.connectionpool - DEBUG - Starting new HTTPS connection (1): raw.githubusercontent.com:443
2025-12-31 00:23:51,418 - urllib3.connectionpool - DEBUG - https://raw.githubusercontent.com:443 "GET /victorwu657/luscreen/main/version.json?t=1767111830 HTTP/1.1" 200 161
2025-12-31 00:30:59,659 - Global - INFO - Global logger initialized. Version: 0.039
2025-12-31 00:31:03,320 - urllib3.connectionpool - DEBUG - Starting new HTTPS connection (1): raw.githubusercontent.com:443
2025-12-31 00:31:44,348 - urllib3.connectionpool - DEBUG - Starting new HTTPS connection (1): raw.githubusercontent.com:443
2025-12-31 00:31:45,038 - urllib3.connectionpool - DEBUG - https://raw.githubusercontent.com:443 "GET /victorwu657/luscreen/main/version.json?t=1767112304 HTTP/1.1" 200 161
2025-12-31 00:38:25,000 - Global - INFO - Global logger initialized. Version: 0.039
2025-12-31 00:38:28,699 - urllib3.connectionpool - DEBUG - Starting new HTTPS connection (1): raw.githubusercontent.com:443
2025-12-31 00:38:29,485 - urllib3.connectionpool - DEBUG - https://raw.githubusercontent.com:443 "GET /victorwu657/luscreen/main/version.json?t=1767112708 HTTP/1.1" 200 161
2025-12-31 00:56:09,795 - Global - INFO - Global logger initialized. Version: 0.039
2025-12-31 00:56:13,448 - urllib3.connectionpool - DEBUG - Starting new HTTPS connection (1): raw.githubusercontent.com:443
2025-12-31 00:56:24,873 - urllib3.connectionpool - DEBUG - https://raw.githubusercontent.com:443 "GET /victorwu657/luscreen/main/version.json?t=1767113773 HTTP/1.1" 200 161
2025-12-31 11:03:56,009 - Global - INFO - Global logger initialized. Version: 0.039
2025-12-31 11:03:59,727 - urllib3.connectionpool - DEBUG - Starting new HTTPS connection (1): raw.githubusercontent.com:443
2025-12-31 11:04:00,474 - urllib3.connectionpool - DEBUG - https://raw.githubusercontent.com:443 "GET /victorwu657/luscreen/main/version.json?t=1767150239 HTTP/1.1" 200 161
2025-12-31 11:06:21,292 - Global - CRITICAL - Uncaught exception
Traceback (most recent call last):
  File "G:\AICoding\luscreen\src\screenshot_editor.py", line 469, in mousePressEvent
    self.add_text(event.pos())
    ~~~~~~~~~~~~~^^^^^^^^^^^^^
  File "G:\AICoding\luscreen\src\screenshot_editor.py", line 581, in add_text
    self.active_text_editor.editingFinished.connect(self.commit_text_editor)
    ^^^^^^^^^^^^^^^^^^^^^^^^^^^^^^^^^^^^^^^
AttributeError: 'NoneType' object has no attribute 'editingFinished'
2025-12-31 11:06:21,297 - Global - CRITICAL - Uncaught exception
Traceback (most recent call last):
  File "G:\AICoding\luscreen\src\screenshot_editor.py", line 385, in paintEvent
    draw_item(painter, temp_item)
    ~~~~~~~~~^^^^^^^^^^^^^^^^^^^^
  File "G:\AICoding\luscreen\src\screenshot_editor.py", line 365, in draw_item
    painter.setFont(item['font'])
                    ~~~~^^^^^^^^
KeyError: 'font'
2025-12-31 11:06:21,369 - Global - CRITICAL - Uncaught exception
Traceback (most recent call last):
  File "G:\AICoding\luscreen\src\screenshot_editor.py", line 370, in paintEvent
    draw_item(painter, item)
    ~~~~~~~~~^^^^^^^^^^^^^^^
  File "G:\AICoding\luscreen\src\screenshot_editor.py", line 365, in draw_item
    painter.setFont(item['font'])
                    ~~~~^^^^^^^^
KeyError: 'font'
2025-12-31 11:06:23,707 - Global - CRITICAL - Uncaught exception
Traceback (most recent call last):
  File "G:\AICoding\luscreen\src\screenshot_editor.py", line 453, in mousePressEvent
    idx = self.hit_test(event.pos())
  File "G:\AICoding\luscreen\src\screenshot_editor.py", line 418, in hit_test
    fm = QFontMetrics(item['font'])
                      ~~~~^^^^^^^^
KeyError: 'font'
2025-12-31 11:06:23,734 - Global - CRITICAL - Uncaught exception
Traceback (most recent call last):
  File "G:\AICoding\luscreen\src\screenshot_editor.py", line 493, in mouseMoveEvent
    idx = self.hit_test(event.pos())
  File "G:\AICoding\luscreen\src\screenshot_editor.py", line 418, in hit_test
    fm = QFontMetrics(item['font'])
                      ~~~~^^^^^^^^
KeyError: 'font'
2025-12-31 11:06:23,750 - Global - CRITICAL - Uncaught exception
Traceback (most recent call last):
  File "G:\AICoding\luscreen\src\screenshot_editor.py", line 493, in mouseMoveEvent
    idx = self.hit_test(event.pos())
  File "G:\AICoding\luscreen\src\screenshot_editor.py", line 418, in hit_test
    fm = QFontMetrics(item['font'])
                      ~~~~^^^^^^^^
KeyError: 'font'
2025-12-31 11:06:23,758 - Global - CRITICAL - Uncaught exception
Traceback (most recent call last):
  File "G:\AICoding\luscreen\src\screenshot_editor.py", line 493, in mouseMoveEvent
    idx = self.hit_test(event.pos())
  File "G:\AICoding\luscreen\src\screenshot_editor.py", line 418, in hit_test
    fm = QFontMetrics(item['font'])
                      ~~~~^^^^^^^^
KeyError: 'font'
2025-12-31 11:06:23,766 - Global - CRITICAL - Uncaught exception
Traceback (most recent call last):
  File "G:\AICoding\luscreen\src\screenshot_editor.py", line 493, in mouseMoveEvent
    idx = self.hit_test(event.pos())
  File "G:\AICoding\luscreen\src\screenshot_editor.py", line 418, in hit_test
    fm = QFontMetrics(item['font'])
                      ~~~~^^^^^^^^
KeyError: 'font'
2025-12-31 11:06:23,774 - Global - CRITICAL - Uncaught exception
Traceback (most recent call last):
  File "G:\AICoding\luscreen\src\screenshot_editor.py", line 493, in mouseMoveEvent
    idx = self.hit_test(event.pos())
  File "G:\AICoding\luscreen\src\screenshot_editor.py", line 418, in hit_test
    fm = QFontMetrics(item['font'])
                      ~~~~^^^^^^^^
KeyError: 'font'
2025-12-31 11:06:23,782 - Global - CRITICAL - Uncaught exception
Traceback (most recent call last):
  File "G:\AICoding\luscreen\src\screenshot_editor.py", line 493, in mouseMoveEvent
    idx = self.hit_test(event.pos())
  File "G:\AICoding\luscreen\src\screenshot_editor.py", line 418, in hit_test
    fm = QFontMetrics(item['font'])
                      ~~~~^^^^^^^^
KeyError: 'font'
2025-12-31 11:06:23,790 - Global - CRITICAL - Uncaught exception
Traceback (most recent call last):
  File "G:\AICoding\luscreen\src\screenshot_editor.py", line 493, in mouseMoveEvent
    idx = self.hit_test(event.pos())
  File "G:\AICoding\luscreen\src\screenshot_editor.py", line 418, in hit_test
    fm = QFontMetrics(item['font'])
                      ~~~~^^^^^^^^
KeyError: 'font'
2025-12-31 11:06:23,798 - Global - CRITICAL - Uncaught exception
Traceback (most recent call last):
  File "G:\AICoding\luscreen\src\screenshot_editor.py", line 493, in mouseMoveEvent
    idx = self.hit_test(event.pos())
  File "G:\AICoding\luscreen\src\screenshot_editor.py", line 418, in hit_test
    fm = QFontMetrics(item['font'])
                      ~~~~^^^^^^^^
KeyError: 'font'
2025-12-31 11:06:23,806 - Global - CRITICAL - Uncaught exception
Traceback (most recent call last):
  File "G:\AICoding\luscreen\src\screenshot_editor.py", line 493, in mouseMoveEvent
    idx = self.hit_test(event.pos())
  File "G:\AICoding\luscreen\src\screenshot_editor.py", line 418, in hit_test
    fm = QFontMetrics(item['font'])
                      ~~~~^^^^^^^^
KeyError: 'font'
2025-12-31 11:06:23,814 - Global - CRITICAL - Uncaught exception
Traceback (most recent call last):
  File "G:\AICoding\luscreen\src\screenshot_editor.py", line 493, in mouseMoveEvent
    idx = self.hit_test(event.pos())
  File "G:\AICoding\luscreen\src\screenshot_editor.py", line 418, in hit_test
    fm = QFontMetrics(item['font'])
                      ~~~~^^^^^^^^
KeyError: 'font'
2025-12-31 11:06:23,822 - Global - CRITICAL - Uncaught exception
Traceback (most recent call last):
  File "G:\AICoding\luscreen\src\screenshot_editor.py", line 493, in mouseMoveEvent
    idx = self.hit_test(event.pos())
  File "G:\AICoding\luscreen\src\screenshot_editor.py", line 418, in hit_test
    fm = QFontMetrics(item['font'])
                      ~~~~^^^^^^^^
KeyError: 'font'
2025-12-31 11:06:23,830 - Global - CRITICAL - Uncaught exception
Traceback (most recent call last):
  File "G:\AICoding\luscreen\src\screenshot_editor.py", line 493, in mouseMoveEvent
    idx = self.hit_test(event.pos())
  File "G:\AICoding\luscreen\src\screenshot_editor.py", line 418, in hit_test
    fm = QFontMetrics(item['font'])
                      ~~~~^^^^^^^^
KeyError: 'font'
2025-12-31 11:06:23,838 - Global - CRITICAL - Uncaught exception
Traceback (most recent call last):
  File "G:\AICoding\luscreen\src\screenshot_editor.py", line 493, in mouseMoveEvent
    idx = self.hit_test(event.pos())
  File "G:\AICoding\luscreen\src\screenshot_editor.py", line 418, in hit_test
    fm = QFontMetrics(item['font'])
                      ~~~~^^^^^^^^
KeyError: 'font'
2025-12-31 11:06:23,846 - Global - CRITICAL - Uncaught exception
Traceback (most recent call last):
  File "G:\AICoding\luscreen\src\screenshot_editor.py", line 493, in mouseMoveEvent
    idx = self.hit_test(event.pos())
  File "G:\AICoding\luscreen\src\screenshot_editor.py", line 418, in hit_test
    fm = QFontMetrics(item['font'])
                      ~~~~^^^^^^^^
KeyError: 'font'
2025-12-31 11:06:23,854 - Global - CRITICAL - Uncaught exception
Traceback (most recent call last):
  File "G:\AICoding\luscreen\src\screenshot_editor.py", line 493, in mouseMoveEvent
    idx = self.hit_test(event.pos())
  File "G:\AICoding\luscreen\src\screenshot_editor.py", line 418, in hit_test
    fm = QFontMetrics(item['font'])
                      ~~~~^^^^^^^^
KeyError: 'font'
2025-12-31 11:06:23,862 - Global - CRITICAL - Uncaught exception
Traceback (most recent call last):
  File "G:\AICoding\luscreen\src\screenshot_editor.py", line 493, in mouseMoveEvent
    idx = self.hit_test(event.pos())
  File "G:\AICoding\luscreen\src\screenshot_editor.py", line 418, in hit_test
    fm = QFontMetrics(item['font'])
                      ~~~~^^^^^^^^
KeyError: 'font'
2025-12-31 11:06:23,870 - Global - CRITICAL - Uncaught exception
Traceback (most recent call last):
  File "G:\AICoding\luscreen\src\screenshot_editor.py", line 493, in mouseMoveEvent
    idx = self.hit_test(event.pos())
  File "G:\AICoding\luscreen\src\screenshot_editor.py", line 418, in hit_test
    fm = QFontMetrics(item['font'])
                      ~~~~^^^^^^^^
KeyError: 'font'
2025-12-31 11:06:23,886 - Global - CRITICAL - Uncaught exception
Traceback (most recent call last):
  File "G:\AICoding\luscreen\src\screenshot_editor.py", line 493, in mouseMoveEvent
    idx = self.hit_test(event.pos())
  File "G:\AICoding\luscreen\src\screenshot_editor.py", line 418, in hit_test
    fm = QFontMetrics(item['font'])
                      ~~~~^^^^^^^^
KeyError: 'font'
2025-12-31 11:06:23,894 - Global - CRITICAL - Uncaught exception
Traceback (most recent call last):
  File "G:\AICoding\luscreen\src\screenshot_editor.py", line 493, in mouseMoveEvent
    idx = self.hit_test(event.pos())
  File "G:\AICoding\luscreen\src\screenshot_editor.py", line 418, in hit_test
    fm = QFontMetrics(item['font'])
                      ~~~~^^^^^^^^
KeyError: 'font'
2025-12-31 11:06:23,910 - Global - CRITICAL - Uncaught exception
Traceback (most recent call last):
  File "G:\AICoding\luscreen\src\screenshot_editor.py", line 493, in mouseMoveEvent
    idx = self.hit_test(event.pos())
  File "G:\AICoding\luscreen\src\screenshot_editor.py", line 418, in hit_test
    fm = QFontMetrics(item['font'])
                      ~~~~^^^^^^^^
KeyError: 'font'
2025-12-31 11:06:23,934 - Global - CRITICAL - Uncaught exception
Traceback (most recent call last):
  File "G:\AICoding\luscreen\src\screenshot_editor.py", line 493, in mouseMoveEvent
    idx = self.hit_test(event.pos())
  File "G:\AICoding\luscreen\src\screenshot_editor.py", line 418, in hit_test
    fm = QFontMetrics(item['font'])
                      ~~~~^^^^^^^^
KeyError: 'font'
2025-12-31 11:06:24,087 - Global - CRITICAL - Uncaught exception
Traceback (most recent call last):
  File "G:\AICoding\luscreen\src\screenshot_editor.py", line 493, in mouseMoveEvent
    idx = self.hit_test(event.pos())
  File "G:\AICoding\luscreen\src\screenshot_editor.py", line 418, in hit_test
    fm = QFontMetrics(item['font'])
                      ~~~~^^^^^^^^
KeyError: 'font'
2025-12-31 11:06:24,094 - Global - CRITICAL - Uncaught exception
Traceback (most recent call last):
  File "G:\AICoding\luscreen\src\screenshot_editor.py", line 493, in mouseMoveEvent
    idx = self.hit_test(event.pos())
  File "G:\AICoding\luscreen\src\screenshot_editor.py", line 418, in hit_test
    fm = QFontMetrics(item['font'])
                      ~~~~^^^^^^^^
KeyError: 'font'
2025-12-31 11:06:24,104 - Global - CRITICAL - Uncaught exception
Traceback (most recent call last):
  File "G:\AICoding\luscreen\src\screenshot_editor.py", line 493, in mouseMoveEvent
    idx = self.hit_test(event.pos())
  File "G:\AICoding\luscreen\src\screenshot_editor.py", line 418, in hit_test
    fm = QFontMetrics(item['font'])
                      ~~~~^^^^^^^^
KeyError: 'font'
2025-12-31 11:06:24,110 - Global - CRITICAL - Uncaught exception
Traceback (most recent call last):
  File "G:\AICoding\luscreen\src\screenshot_editor.py", line 493, in mouseMoveEvent
    idx = self.hit_test(event.pos())
  File "G:\AICoding\luscreen\src\screenshot_editor.py", line 418, in hit_test
    fm = QFontMetrics(item['font'])
                      ~~~~^^^^^^^^
KeyError: 'font'
2025-12-31 11:06:24,120 - Global - CRITICAL - Uncaught exception
Traceback (most recent call last):
  File "G:\AICoding\luscreen\src\screenshot_editor.py", line 493, in mouseMoveEvent
    idx = self.hit_test(event.pos())
  File "G:\AICoding\luscreen\src\screenshot_editor.py", line 418, in hit_test
    fm = QFontMetrics(item['font'])
                      ~~~~^^^^^^^^
KeyError: 'font'
2025-12-31 11:06:24,376 - Global - CRITICAL - Uncaught exception
Traceback (most recent call last):
  File "G:\AICoding\luscreen\src\screenshot_editor.py", line 453, in mousePressEvent
    idx = self.hit_test(event.pos())
  File "G:\AICoding\luscreen\src\screenshot_editor.py", line 418, in hit_test
    fm = QFontMetrics(item['font'])
                      ~~~~^^^^^^^^
KeyError: 'font'
2025-12-31 11:06:24,423 - Global - CRITICAL - Uncaught exception
Traceback (most recent call last):
  File "G:\AICoding\luscreen\src\screenshot_editor.py", line 493, in mouseMoveEvent
    idx = self.hit_test(event.pos())
  File "G:\AICoding\luscreen\src\screenshot_editor.py", line 418, in hit_test
    fm = QFontMetrics(item['font'])
                      ~~~~^^^^^^^^
KeyError: 'font'
2025-12-31 11:06:24,438 - Global - CRITICAL - Uncaught exception
Traceback (most recent call last):
  File "G:\AICoding\luscreen\src\screenshot_editor.py", line 493, in mouseMoveEvent
    idx = self.hit_test(event.pos())
  File "G:\AICoding\luscreen\src\screenshot_editor.py", line 418, in hit_test
    fm = QFontMetrics(item['font'])
                      ~~~~^^^^^^^^
KeyError: 'font'
2025-12-31 11:06:24,447 - Global - CRITICAL - Uncaught exception
Traceback (most recent call last):
  File "G:\AICoding\luscreen\src\screenshot_editor.py", line 493, in mouseMoveEvent
    idx = self.hit_test(event.pos())
  File "G:\AICoding\luscreen\src\screenshot_editor.py", line 418, in hit_test
    fm = QFontMetrics(item['font'])
                      ~~~~^^^^^^^^
KeyError: 'font'
2025-12-31 11:06:24,454 - Global - CRITICAL - Uncaught exception
Traceback (most recent call last):
  File "G:\AICoding\luscreen\src\screenshot_editor.py", line 493, in mouseMoveEvent
    idx = self.hit_test(event.pos())
  File "G:\AICoding\luscreen\src\screenshot_editor.py", line 418, in hit_test
    fm = QFontMetrics(item['font'])
                      ~~~~^^^^^^^^
KeyError: 'font'
2025-12-31 11:06:24,463 - Global - CRITICAL - Uncaught exception
Traceback (most recent call last):
  File "G:\AICoding\luscreen\src\screenshot_editor.py", line 493, in mouseMoveEvent
    idx = self.hit_test(event.pos())
  File "G:\AICoding\luscreen\src\screenshot_editor.py", line 418, in hit_test
    fm = QFontMetrics(item['font'])
                      ~~~~^^^^^^^^
KeyError: 'font'
2025-12-31 11:06:24,470 - Global - CRITICAL - Uncaught exception
Traceback (most recent call last):
  File "G:\AICoding\luscreen\src\screenshot_editor.py", line 493, in mouseMoveEvent
    idx = self.hit_test(event.pos())
  File "G:\AICoding\luscreen\src\screenshot_editor.py", line 418, in hit_test
    fm = QFontMetrics(item['font'])
                      ~~~~^^^^^^^^
KeyError: 'font'
2025-12-31 11:06:24,478 - Global - CRITICAL - Uncaught exception
Traceback (most recent call last):
  File "G:\AICoding\luscreen\src\screenshot_editor.py", line 493, in mouseMoveEvent
    idx = self.hit_test(event.pos())
  File "G:\AICoding\luscreen\src\screenshot_editor.py", line 418, in hit_test
    fm = QFontMetrics(item['font'])
                      ~~~~^^^^^^^^
KeyError: 'font'
2025-12-31 11:06:24,486 - Global - CRITICAL - Uncaught exception
Traceback (most recent call last):
  File "G:\AICoding\luscreen\src\screenshot_editor.py", line 493, in mouseMoveEvent
    idx = self.hit_test(event.pos())
  File "G:\AICoding\luscreen\src\screenshot_editor.py", line 418, in hit_test
    fm = QFontMetrics(item['font'])
                      ~~~~^^^^^^^^
KeyError: 'font'
2025-12-31 11:06:24,494 - Global - CRITICAL - Uncaught exception
Traceback (most recent call last):
  File "G:\AICoding\luscreen\src\screenshot_editor.py", line 493, in mouseMoveEvent
    idx = self.hit_test(event.pos())
  File "G:\AICoding\luscreen\src\screenshot_editor.py", line 418, in hit_test
    fm = QFontMetrics(item['font'])
                      ~~~~^^^^^^^^
KeyError: 'font'
2025-12-31 11:06:24,502 - Global - CRITICAL - Uncaught exception
Traceback (most recent call last):
  File "G:\AICoding\luscreen\src\screenshot_editor.py", line 493, in mouseMoveEvent
    idx = self.hit_test(event.pos())
  File "G:\AICoding\luscreen\src\screenshot_editor.py", line 418, in hit_test
    fm = QFontMetrics(item['font'])
                      ~~~~^^^^^^^^
KeyError: 'font'
2025-12-31 11:06:24,511 - Global - CRITICAL - Uncaught exception
Traceback (most recent call last):
  File "G:\AICoding\luscreen\src\screenshot_editor.py", line 493, in mouseMoveEvent
    idx = self.hit_test(event.pos())
  File "G:\AICoding\luscreen\src\screenshot_editor.py", line 418, in hit_test
    fm = QFontMetrics(item['font'])
                      ~~~~^^^^^^^^
KeyError: 'font'
2025-12-31 11:06:24,518 - Global - CRITICAL - Uncaught exception
Traceback (most recent call last):
  File "G:\AICoding\luscreen\src\screenshot_editor.py", line 493, in mouseMoveEvent
    idx = self.hit_test(event.pos())
  File "G:\AICoding\luscreen\src\screenshot_editor.py", line 418, in hit_test
    fm = QFontMetrics(item['font'])
                      ~~~~^^^^^^^^
KeyError: 'font'
2025-12-31 11:06:24,528 - Global - CRITICAL - Uncaught exception
Traceback (most recent call last):
  File "G:\AICoding\luscreen\src\screenshot_editor.py", line 493, in mouseMoveEvent
    idx = self.hit_test(event.pos())
  File "G:\AICoding\luscreen\src\screenshot_editor.py", line 418, in hit_test
    fm = QFontMetrics(item['font'])
                      ~~~~^^^^^^^^
KeyError: 'font'
2025-12-31 11:06:24,543 - Global - CRITICAL - Uncaught exception
Traceback (most recent call last):
  File "G:\AICoding\luscreen\src\screenshot_editor.py", line 493, in mouseMoveEvent
    idx = self.hit_test(event.pos())
  File "G:\AICoding\luscreen\src\screenshot_editor.py", line 418, in hit_test
    fm = QFontMetrics(item['font'])
                      ~~~~^^^^^^^^
KeyError: 'font'
2025-12-31 11:06:24,550 - Global - CRITICAL - Uncaught exception
Traceback (most recent call last):
  File "G:\AICoding\luscreen\src\screenshot_editor.py", line 493, in mouseMoveEvent
    idx = self.hit_test(event.pos())
  File "G:\AICoding\luscreen\src\screenshot_editor.py", line 418, in hit_test
    fm = QFontMetrics(item['font'])
                      ~~~~^^^^^^^^
KeyError: 'font'
2025-12-31 11:06:24,558 - Global - CRITICAL - Uncaught exception
Traceback (most recent call last):
  File "G:\AICoding\luscreen\src\screenshot_editor.py", line 493, in mouseMoveEvent
    idx = self.hit_test(event.pos())
  File "G:\AICoding\luscreen\src\screenshot_editor.py", line 418, in hit_test
    fm = QFontMetrics(item['font'])
                      ~~~~^^^^^^^^
KeyError: 'font'
2025-12-31 11:06:24,566 - Global - CRITICAL - Uncaught exception
Traceback (most recent call last):
  File "G:\AICoding\luscreen\src\screenshot_editor.py", line 493, in mouseMoveEvent
    idx = self.hit_test(event.pos())
  File "G:\AICoding\luscreen\src\screenshot_editor.py", line 418, in hit_test
    fm = QFontMetrics(item['font'])
                      ~~~~^^^^^^^^
KeyError: 'font'
2025-12-31 11:06:24,574 - Global - CRITICAL - Uncaught exception
Traceback (most recent call last):
  File "G:\AICoding\luscreen\src\screenshot_editor.py", line 493, in mouseMoveEvent
    idx = self.hit_test(event.pos())
  File "G:\AICoding\luscreen\src\screenshot_editor.py", line 418, in hit_test
    fm = QFontMetrics(item['font'])
                      ~~~~^^^^^^^^
KeyError: 'font'
2025-12-31 11:06:24,582 - Global - CRITICAL - Uncaught exception
Traceback (most recent call last):
  File "G:\AICoding\luscreen\src\screenshot_editor.py", line 493, in mouseMoveEvent
    idx = self.hit_test(event.pos())
  File "G:\AICoding\luscreen\src\screenshot_editor.py", line 418, in hit_test
    fm = QFontMetrics(item['font'])
                      ~~~~^^^^^^^^
KeyError: 'font'
2025-12-31 11:06:24,590 - Global - CRITICAL - Uncaught exception
Traceback (most recent call last):
  File "G:\AICoding\luscreen\src\screenshot_editor.py", line 493, in mouseMoveEvent
    idx = self.hit_test(event.pos())
  File "G:\AICoding\luscreen\src\screenshot_editor.py", line 418, in hit_test
    fm = QFontMetrics(item['font'])
                      ~~~~^^^^^^^^
KeyError: 'font'
2025-12-31 11:06:24,598 - Global - CRITICAL - Uncaught exception
Traceback (most recent call last):
  File "G:\AICoding\luscreen\src\screenshot_editor.py", line 493, in mouseMoveEvent
    idx = self.hit_test(event.pos())
  File "G:\AICoding\luscreen\src\screenshot_editor.py", line 418, in hit_test
    fm = QFontMetrics(item['font'])
                      ~~~~^^^^^^^^
KeyError: 'font'
2025-12-31 11:06:24,606 - Global - CRITICAL - Uncaught exception
Traceback (most recent call last):
  File "G:\AICoding\luscreen\src\screenshot_editor.py", line 493, in mouseMoveEvent
    idx = self.hit_test(event.pos())
  File "G:\AICoding\luscreen\src\screenshot_editor.py", line 418, in hit_test
    fm = QFontMetrics(item['font'])
                      ~~~~^^^^^^^^
KeyError: 'font'
2025-12-31 11:06:24,614 - Global - CRITICAL - Uncaught exception
Traceback (most recent call last):
  File "G:\AICoding\luscreen\src\screenshot_editor.py", line 493, in mouseMoveEvent
    idx = self.hit_test(event.pos())
  File "G:\AICoding\luscreen\src\screenshot_editor.py", line 418, in hit_test
    fm = QFontMetrics(item['font'])
                      ~~~~^^^^^^^^
KeyError: 'font'
2025-12-31 11:06:24,630 - Global - CRITICAL - Uncaught exception
Traceback (most recent call last):
  File "G:\AICoding\luscreen\src\screenshot_editor.py", line 493, in mouseMoveEvent
    idx = self.hit_test(event.pos())
  File "G:\AICoding\luscreen\src\screenshot_editor.py", line 418, in hit_test
    fm = QFontMetrics(item['font'])
                      ~~~~^^^^^^^^
KeyError: 'font'
2025-12-31 11:06:24,638 - Global - CRITICAL - Uncaught exception
Traceback (most recent call last):
  File "G:\AICoding\luscreen\src\screenshot_editor.py", line 493, in mouseMoveEvent
    idx = self.hit_test(event.pos())
  File "G:\AICoding\luscreen\src\screenshot_editor.py", line 418, in hit_test
    fm = QFontMetrics(item['font'])
                      ~~~~^^^^^^^^
KeyError: 'font'
2025-12-31 11:06:24,646 - Global - CRITICAL - Uncaught exception
Traceback (most recent call last):
  File "G:\AICoding\luscreen\src\screenshot_editor.py", line 493, in mouseMoveEvent
    idx = self.hit_test(event.pos())
  File "G:\AICoding\luscreen\src\screenshot_editor.py", line 418, in hit_test
    fm = QFontMetrics(item['font'])
                      ~~~~^^^^^^^^
KeyError: 'font'
2025-12-31 11:06:24,654 - Global - CRITICAL - Uncaught exception
Traceback (most recent call last):
  File "G:\AICoding\luscreen\src\screenshot_editor.py", line 493, in mouseMoveEvent
    idx = self.hit_test(event.pos())
  File "G:\AICoding\luscreen\src\screenshot_editor.py", line 418, in hit_test
    fm = QFontMetrics(item['font'])
                      ~~~~^^^^^^^^
KeyError: 'font'
2025-12-31 11:06:24,679 - Global - CRITICAL - Uncaught exception
Traceback (most recent call last):
  File "G:\AICoding\luscreen\src\screenshot_editor.py", line 493, in mouseMoveEvent
    idx = self.hit_test(event.pos())
  File "G:\AICoding\luscreen\src\screenshot_editor.py", line 418, in hit_test
    fm = QFontMetrics(item['font'])
                      ~~~~^^^^^^^^
KeyError: 'font'
2025-12-31 11:06:26,551 - Global - CRITICAL - Uncaught exception
Traceback (most recent call last):
  File "G:\AICoding\luscreen\src\screenshot_editor.py", line 453, in mousePressEvent
    idx = self.hit_test(event.pos())
  File "G:\AICoding\luscreen\src\screenshot_editor.py", line 418, in hit_test
    fm = QFontMetrics(item['font'])
                      ~~~~^^^^^^^^
KeyError: 'font'
2025-12-31 11:06:26,591 - Global - CRITICAL - Uncaught exception
Traceback (most recent call last):
  File "G:\AICoding\luscreen\src\screenshot_editor.py", line 493, in mouseMoveEvent
    idx = self.hit_test(event.pos())
  File "G:\AICoding\luscreen\src\screenshot_editor.py", line 418, in hit_test
    fm = QFontMetrics(item['font'])
                      ~~~~^^^^^^^^
KeyError: 'font'
2025-12-31 11:06:26,607 - Global - CRITICAL - Uncaught exception
Traceback (most recent call last):
  File "G:\AICoding\luscreen\src\screenshot_editor.py", line 493, in mouseMoveEvent
    idx = self.hit_test(event.pos())
  File "G:\AICoding\luscreen\src\screenshot_editor.py", line 418, in hit_test
    fm = QFontMetrics(item['font'])
                      ~~~~^^^^^^^^
KeyError: 'font'
2025-12-31 11:06:26,614 - Global - CRITICAL - Uncaught exception
Traceback (most recent call last):
  File "G:\AICoding\luscreen\src\screenshot_editor.py", line 493, in mouseMoveEvent
    idx = self.hit_test(event.pos())
  File "G:\AICoding\luscreen\src\screenshot_editor.py", line 418, in hit_test
    fm = QFontMetrics(item['font'])
                      ~~~~^^^^^^^^
KeyError: 'font'
2025-12-31 11:06:26,622 - Global - CRITICAL - Uncaught exception
Traceback (most recent call last):
  File "G:\AICoding\luscreen\src\screenshot_editor.py", line 493, in mouseMoveEvent
    idx = self.hit_test(event.pos())
  File "G:\AICoding\luscreen\src\screenshot_editor.py", line 418, in hit_test
    fm = QFontMetrics(item['font'])
                      ~~~~^^^^^^^^
KeyError: 'font'
2025-12-31 11:06:26,630 - Global - CRITICAL - Uncaught exception
Traceback (most recent call last):
  File "G:\AICoding\luscreen\src\screenshot_editor.py", line 493, in mouseMoveEvent
    idx = self.hit_test(event.pos())
  File "G:\AICoding\luscreen\src\screenshot_editor.py", line 418, in hit_test
    fm = QFontMetrics(item['font'])
                      ~~~~^^^^^^^^
KeyError: 'font'
2025-12-31 11:06:26,638 - Global - CRITICAL - Uncaught exception
Traceback (most recent call last):
  File "G:\AICoding\luscreen\src\screenshot_editor.py", line 493, in mouseMoveEvent
    idx = self.hit_test(event.pos())
  File "G:\AICoding\luscreen\src\screenshot_editor.py", line 418, in hit_test
    fm = QFontMetrics(item['font'])
                      ~~~~^^^^^^^^
KeyError: 'font'
2025-12-31 11:06:26,646 - Global - CRITICAL - Uncaught exception
Traceback (most recent call last):
  File "G:\AICoding\luscreen\src\screenshot_editor.py", line 493, in mouseMoveEvent
    idx = self.hit_test(event.pos())
  File "G:\AICoding\luscreen\src\screenshot_editor.py", line 418, in hit_test
    fm = QFontMetrics(item['font'])
                      ~~~~^^^^^^^^
KeyError: 'font'
2025-12-31 11:06:26,654 - Global - CRITICAL - Uncaught exception
Traceback (most recent call last):
  File "G:\AICoding\luscreen\src\screenshot_editor.py", line 493, in mouseMoveEvent
    idx = self.hit_test(event.pos())
  File "G:\AICoding\luscreen\src\screenshot_editor.py", line 418, in hit_test
    fm = QFontMetrics(item['font'])
                      ~~~~^^^^^^^^
KeyError: 'font'
2025-12-31 11:06:26,662 - Global - CRITICAL - Uncaught exception
Traceback (most recent call last):
  File "G:\AICoding\luscreen\src\screenshot_editor.py", line 493, in mouseMoveEvent
    idx = self.hit_test(event.pos())
  File "G:\AICoding\luscreen\src\screenshot_editor.py", line 418, in hit_test
    fm = QFontMetrics(item['font'])
                      ~~~~^^^^^^^^
KeyError: 'font'
2025-12-31 11:06:26,671 - Global - CRITICAL - Uncaught exception
Traceback (most recent call last):
  File "G:\AICoding\luscreen\src\screenshot_editor.py", line 493, in mouseMoveEvent
    idx = self.hit_test(event.pos())
  File "G:\AICoding\luscreen\src\screenshot_editor.py", line 418, in hit_test
    fm = QFontMetrics(item['font'])
                      ~~~~^^^^^^^^
KeyError: 'font'
2025-12-31 11:06:26,678 - Global - CRITICAL - Uncaught exception
Traceback (most recent call last):
  File "G:\AICoding\luscreen\src\screenshot_editor.py", line 493, in mouseMoveEvent
    idx = self.hit_test(event.pos())
  File "G:\AICoding\luscreen\src\screenshot_editor.py", line 418, in hit_test
    fm = QFontMetrics(item['font'])
                      ~~~~^^^^^^^^
KeyError: 'font'
2025-12-31 11:06:26,686 - Global - CRITICAL - Uncaught exception
Traceback (most recent call last):
  File "G:\AICoding\luscreen\src\screenshot_editor.py", line 493, in mouseMoveEvent
    idx = self.hit_test(event.pos())
  File "G:\AICoding\luscreen\src\screenshot_editor.py", line 418, in hit_test
    fm = QFontMetrics(item['font'])
                      ~~~~^^^^^^^^
KeyError: 'font'
2025-12-31 11:06:26,694 - Global - CRITICAL - Uncaught exception
Traceback (most recent call last):
  File "G:\AICoding\luscreen\src\screenshot_editor.py", line 493, in mouseMoveEvent
    idx = self.hit_test(event.pos())
  File "G:\AICoding\luscreen\src\screenshot_editor.py", line 418, in hit_test
    fm = QFontMetrics(item['font'])
                      ~~~~^^^^^^^^
KeyError: 'font'
2025-12-31 11:06:26,702 - Global - CRITICAL - Uncaught exception
Traceback (most recent call last):
  File "G:\AICoding\luscreen\src\screenshot_editor.py", line 493, in mouseMoveEvent
    idx = self.hit_test(event.pos())
  File "G:\AICoding\luscreen\src\screenshot_editor.py", line 418, in hit_test
    fm = QFontMetrics(item['font'])
                      ~~~~^^^^^^^^
KeyError: 'font'
2025-12-31 11:06:26,711 - Global - CRITICAL - Uncaught exception
Traceback (most recent call last):
  File "G:\AICoding\luscreen\src\screenshot_editor.py", line 493, in mouseMoveEvent
    idx = self.hit_test(event.pos())
  File "G:\AICoding\luscreen\src\screenshot_editor.py", line 418, in hit_test
    fm = QFontMetrics(item['font'])
                      ~~~~^^^^^^^^
KeyError: 'font'
2025-12-31 11:06:26,718 - Global - CRITICAL - Uncaught exception
Traceback (most recent call last):
  File "G:\AICoding\luscreen\src\screenshot_editor.py", line 493, in mouseMoveEvent
    idx = self.hit_test(event.pos())
  File "G:\AICoding\luscreen\src\screenshot_editor.py", line 418, in hit_test
    fm = QFontMetrics(item['font'])
                      ~~~~^^^^^^^^
KeyError: 'font'
2025-12-31 11:06:26,728 - Global - CRITICAL - Uncaught exception
Traceback (most recent call last):
  File "G:\AICoding\luscreen\src\screenshot_editor.py", line 493, in mouseMoveEvent
    idx = self.hit_test(event.pos())
  File "G:\AICoding\luscreen\src\screenshot_editor.py", line 418, in hit_test
    fm = QFontMetrics(item['font'])
                      ~~~~^^^^^^^^
KeyError: 'font'
2025-12-31 11:06:26,734 - Global - CRITICAL - Uncaught exception
Traceback (most recent call last):
  File "G:\AICoding\luscreen\src\screenshot_editor.py", line 493, in mouseMoveEvent
    idx = self.hit_test(event.pos())
  File "G:\AICoding\luscreen\src\screenshot_editor.py", line 418, in hit_test
    fm = QFontMetrics(item['font'])
                      ~~~~^^^^^^^^
KeyError: 'font'
2025-12-31 11:06:26,743 - Global - CRITICAL - Uncaught exception
Traceback (most recent call last):
  File "G:\AICoding\luscreen\src\screenshot_editor.py", line 493, in mouseMoveEvent
    idx = self.hit_test(event.pos())
  File "G:\AICoding\luscreen\src\screenshot_editor.py", line 418, in hit_test
    fm = QFontMetrics(item['font'])
                      ~~~~^^^^^^^^
KeyError: 'font'
2025-12-31 11:06:26,751 - Global - CRITICAL - Uncaught exception
Traceback (most recent call last):
  File "G:\AICoding\luscreen\src\screenshot_editor.py", line 493, in mouseMoveEvent
    idx = self.hit_test(event.pos())
  File "G:\AICoding\luscreen\src\screenshot_editor.py", line 418, in hit_test
    fm = QFontMetrics(item['font'])
                      ~~~~^^^^^^^^
KeyError: 'font'
2025-12-31 11:06:26,758 - Global - CRITICAL - Uncaught exception
Traceback (most recent call last):
  File "G:\AICoding\luscreen\src\screenshot_editor.py", line 493, in mouseMoveEvent
    idx = self.hit_test(event.pos())
  File "G:\AICoding\luscreen\src\screenshot_editor.py", line 418, in hit_test
    fm = QFontMetrics(item['font'])
                      ~~~~^^^^^^^^
KeyError: 'font'
2025-12-31 11:06:26,766 - Global - CRITICAL - Uncaught exception
Traceback (most recent call last):
  File "G:\AICoding\luscreen\src\screenshot_editor.py", line 493, in mouseMoveEvent
    idx = self.hit_test(event.pos())
  File "G:\AICoding\luscreen\src\screenshot_editor.py", line 418, in hit_test
    fm = QFontMetrics(item['font'])
                      ~~~~^^^^^^^^
KeyError: 'font'
2025-12-31 11:06:26,775 - Global - CRITICAL - Uncaught exception
Traceback (most recent call last):
  File "G:\AICoding\luscreen\src\screenshot_editor.py", line 493, in mouseMoveEvent
    idx = self.hit_test(event.pos())
  File "G:\AICoding\luscreen\src\screenshot_editor.py", line 418, in hit_test
    fm = QFontMetrics(item['font'])
                      ~~~~^^^^^^^^
KeyError: 'font'
2025-12-31 11:06:26,782 - Global - CRITICAL - Uncaught exception
Traceback (most recent call last):
  File "G:\AICoding\luscreen\src\screenshot_editor.py", line 493, in mouseMoveEvent
    idx = self.hit_test(event.pos())
  File "G:\AICoding\luscreen\src\screenshot_editor.py", line 418, in hit_test
    fm = QFontMetrics(item['font'])
                      ~~~~^^^^^^^^
KeyError: 'font'
2025-12-31 11:06:26,790 - Global - CRITICAL - Uncaught exception
Traceback (most recent call last):
  File "G:\AICoding\luscreen\src\screenshot_editor.py", line 493, in mouseMoveEvent
    idx = self.hit_test(event.pos())
  File "G:\AICoding\luscreen\src\screenshot_editor.py", line 418, in hit_test
    fm = QFontMetrics(item['font'])
                      ~~~~^^^^^^^^
KeyError: 'font'
2025-12-31 11:06:26,798 - Global - CRITICAL - Uncaught exception
Traceback (most recent call last):
  File "G:\AICoding\luscreen\src\screenshot_editor.py", line 493, in mouseMoveEvent
    idx = self.hit_test(event.pos())
  File "G:\AICoding\luscreen\src\screenshot_editor.py", line 418, in hit_test
    fm = QFontMetrics(item['font'])
                      ~~~~^^^^^^^^
KeyError: 'font'
2025-12-31 11:06:26,814 - Global - CRITICAL - Uncaught exception
Traceback (most recent call last):
  File "G:\AICoding\luscreen\src\screenshot_editor.py", line 493, in mouseMoveEvent
    idx = self.hit_test(event.pos())
  File "G:\AICoding\luscreen\src\screenshot_editor.py", line 418, in hit_test
    fm = QFontMetrics(item['font'])
                      ~~~~^^^^^^^^
KeyError: 'font'
2025-12-31 11:06:27,360 - Global - CRITICAL - Uncaught exception
Traceback (most recent call last):
  File "G:\AICoding\luscreen\src\screenshot_editor.py", line 453, in mousePressEvent
    idx = self.hit_test(event.pos())
  File "G:\AICoding\luscreen\src\screenshot_editor.py", line 418, in hit_test
    fm = QFontMetrics(item['font'])
                      ~~~~^^^^^^^^
KeyError: 'font'
2025-12-31 11:06:27,374 - Global - CRITICAL - Uncaught exception
Traceback (most recent call last):
  File "G:\AICoding\luscreen\src\screenshot_editor.py", line 493, in mouseMoveEvent
    idx = self.hit_test(event.pos())
  File "G:\AICoding\luscreen\src\screenshot_editor.py", line 418, in hit_test
    fm = QFontMetrics(item['font'])
                      ~~~~^^^^^^^^
KeyError: 'font'
2025-12-31 11:06:27,391 - Global - CRITICAL - Uncaught exception
Traceback (most recent call last):
  File "G:\AICoding\luscreen\src\screenshot_editor.py", line 493, in mouseMoveEvent
    idx = self.hit_test(event.pos())
  File "G:\AICoding\luscreen\src\screenshot_editor.py", line 418, in hit_test
    fm = QFontMetrics(item['font'])
                      ~~~~^^^^^^^^
KeyError: 'font'
2025-12-31 11:06:27,399 - Global - CRITICAL - Uncaught exception
Traceback (most recent call last):
  File "G:\AICoding\luscreen\src\screenshot_editor.py", line 493, in mouseMoveEvent
    idx = self.hit_test(event.pos())
  File "G:\AICoding\luscreen\src\screenshot_editor.py", line 418, in hit_test
    fm = QFontMetrics(item['font'])
                      ~~~~^^^^^^^^
KeyError: 'font'
2025-12-31 11:06:27,407 - Global - CRITICAL - Uncaught exception
Traceback (most recent call last):
  File "G:\AICoding\luscreen\src\screenshot_editor.py", line 493, in mouseMoveEvent
    idx = self.hit_test(event.pos())
  File "G:\AICoding\luscreen\src\screenshot_editor.py", line 418, in hit_test
    fm = QFontMetrics(item['font'])
                      ~~~~^^^^^^^^
KeyError: 'font'
2025-12-31 11:06:27,416 - Global - CRITICAL - Uncaught exception
Traceback (most recent call last):
  File "G:\AICoding\luscreen\src\screenshot_editor.py", line 493, in mouseMoveEvent
    idx = self.hit_test(event.pos())
  File "G:\AICoding\luscreen\src\screenshot_editor.py", line 418, in hit_test
    fm = QFontMetrics(item['font'])
                      ~~~~^^^^^^^^
KeyError: 'font'
2025-12-31 11:06:27,422 - Global - CRITICAL - Uncaught exception
Traceback (most recent call last):
  File "G:\AICoding\luscreen\src\screenshot_editor.py", line 493, in mouseMoveEvent
    idx = self.hit_test(event.pos())
  File "G:\AICoding\luscreen\src\screenshot_editor.py", line 418, in hit_test
    fm = QFontMetrics(item['font'])
                      ~~~~^^^^^^^^
KeyError: 'font'
2025-12-31 11:06:27,435 - Global - CRITICAL - Uncaught exception
Traceback (most recent call last):
  File "G:\AICoding\luscreen\src\screenshot_editor.py", line 493, in mouseMoveEvent
    idx = self.hit_test(event.pos())
  File "G:\AICoding\luscreen\src\screenshot_editor.py", line 418, in hit_test
    fm = QFontMetrics(item['font'])
                      ~~~~^^^^^^^^
KeyError: 'font'
2025-12-31 11:06:27,440 - Global - CRITICAL - Uncaught exception
Traceback (most recent call last):
  File "G:\AICoding\luscreen\src\screenshot_editor.py", line 493, in mouseMoveEvent
    idx = self.hit_test(event.pos())
  File "G:\AICoding\luscreen\src\screenshot_editor.py", line 418, in hit_test
    fm = QFontMetrics(item['font'])
                      ~~~~^^^^^^^^
KeyError: 'font'
2025-12-31 11:06:27,451 - Global - CRITICAL - Uncaught exception
Traceback (most recent call last):
  File "G:\AICoding\luscreen\src\screenshot_editor.py", line 493, in mouseMoveEvent
    idx = self.hit_test(event.pos())
  File "G:\AICoding\luscreen\src\screenshot_editor.py", line 418, in hit_test
    fm = QFontMetrics(item['font'])
                      ~~~~^^^^^^^^
KeyError: 'font'
2025-12-31 11:06:27,455 - Global - CRITICAL - Uncaught exception
Traceback (most recent call last):
  File "G:\AICoding\luscreen\src\screenshot_editor.py", line 493, in mouseMoveEvent
    idx = self.hit_test(event.pos())
  File "G:\AICoding\luscreen\src\screenshot_editor.py", line 418, in hit_test
    fm = QFontMetrics(item['font'])
                      ~~~~^^^^^^^^
KeyError: 'font'
2025-12-31 11:06:27,466 - Global - CRITICAL - Uncaught exception
Traceback (most recent call last):
  File "G:\AICoding\luscreen\src\screenshot_editor.py", line 493, in mouseMoveEvent
    idx = self.hit_test(event.pos())
  File "G:\AICoding\luscreen\src\screenshot_editor.py", line 418, in hit_test
    fm = QFontMetrics(item['font'])
                      ~~~~^^^^^^^^
KeyError: 'font'
2025-12-31 11:06:27,471 - Global - CRITICAL - Uncaught exception
Traceback (most recent call last):
  File "G:\AICoding\luscreen\src\screenshot_editor.py", line 493, in mouseMoveEvent
    idx = self.hit_test(event.pos())
  File "G:\AICoding\luscreen\src\screenshot_editor.py", line 418, in hit_test
    fm = QFontMetrics(item['font'])
                      ~~~~^^^^^^^^
KeyError: 'font'
2025-12-31 11:06:27,479 - Global - CRITICAL - Uncaught exception
Traceback (most recent call last):
  File "G:\AICoding\luscreen\src\screenshot_editor.py", line 493, in mouseMoveEvent
    idx = self.hit_test(event.pos())
  File "G:\AICoding\luscreen\src\screenshot_editor.py", line 418, in hit_test
    fm = QFontMetrics(item['font'])
                      ~~~~^^^^^^^^
KeyError: 'font'
2025-12-31 11:06:27,486 - Global - CRITICAL - Uncaught exception
Traceback (most recent call last):
  File "G:\AICoding\luscreen\src\screenshot_editor.py", line 493, in mouseMoveEvent
    idx = self.hit_test(event.pos())
  File "G:\AICoding\luscreen\src\screenshot_editor.py", line 418, in hit_test
    fm = QFontMetrics(item['font'])
                      ~~~~^^^^^^^^
KeyError: 'font'
2025-12-31 11:06:27,494 - Global - CRITICAL - Uncaught exception
Traceback (most recent call last):
  File "G:\AICoding\luscreen\src\screenshot_editor.py", line 493, in mouseMoveEvent
    idx = self.hit_test(event.pos())
  File "G:\AICoding\luscreen\src\screenshot_editor.py", line 418, in hit_test
    fm = QFontMetrics(item['font'])
                      ~~~~^^^^^^^^
KeyError: 'font'
2025-12-31 11:06:27,510 - Global - CRITICAL - Uncaught exception
Traceback (most recent call last):
  File "G:\AICoding\luscreen\src\screenshot_editor.py", line 493, in mouseMoveEvent
    idx = self.hit_test(event.pos())
  File "G:\AICoding\luscreen\src\screenshot_editor.py", line 418, in hit_test
    fm = QFontMetrics(item['font'])
                      ~~~~^^^^^^^^
KeyError: 'font'
2025-12-31 11:06:27,519 - Global - CRITICAL - Uncaught exception
Traceback (most recent call last):
  File "G:\AICoding\luscreen\src\screenshot_editor.py", line 493, in mouseMoveEvent
    idx = self.hit_test(event.pos())
  File "G:\AICoding\luscreen\src\screenshot_editor.py", line 418, in hit_test
    fm = QFontMetrics(item['font'])
                      ~~~~^^^^^^^^
KeyError: 'font'
2025-12-31 11:06:30,298 - Global - CRITICAL - Uncaught exception
Traceback (most recent call last):
  File "G:\AICoding\luscreen\src\screenshot_editor.py", line 453, in mousePressEvent
    idx = self.hit_test(event.pos())
  File "G:\AICoding\luscreen\src\screenshot_editor.py", line 418, in hit_test
    fm = QFontMetrics(item['font'])
                      ~~~~^^^^^^^^
KeyError: 'font'
2025-12-31 11:06:30,342 - Global - CRITICAL - Uncaught exception
Traceback (most recent call last):
  File "G:\AICoding\luscreen\src\screenshot_editor.py", line 493, in mouseMoveEvent
    idx = self.hit_test(event.pos())
  File "G:\AICoding\luscreen\src\screenshot_editor.py", line 418, in hit_test
    fm = QFontMetrics(item['font'])
                      ~~~~^^^^^^^^
KeyError: 'font'
2025-12-31 11:06:30,351 - Global - CRITICAL - Uncaught exception
Traceback (most recent call last):
  File "G:\AICoding\luscreen\src\screenshot_editor.py", line 493, in mouseMoveEvent
    idx = self.hit_test(event.pos())
  File "G:\AICoding\luscreen\src\screenshot_editor.py", line 418, in hit_test
    fm = QFontMetrics(item['font'])
                      ~~~~^^^^^^^^
KeyError: 'font'
2025-12-31 11:06:30,367 - Global - CRITICAL - Uncaught exception
Traceback (most recent call last):
  File "G:\AICoding\luscreen\src\screenshot_editor.py", line 493, in mouseMoveEvent
    idx = self.hit_test(event.pos())
  File "G:\AICoding\luscreen\src\screenshot_editor.py", line 418, in hit_test
    fm = QFontMetrics(item['font'])
                      ~~~~^^^^^^^^
KeyError: 'font'
2025-12-31 11:06:30,374 - Global - CRITICAL - Uncaught exception
Traceback (most recent call last):
  File "G:\AICoding\luscreen\src\screenshot_editor.py", line 493, in mouseMoveEvent
    idx = self.hit_test(event.pos())
  File "G:\AICoding\luscreen\src\screenshot_editor.py", line 418, in hit_test
    fm = QFontMetrics(item['font'])
                      ~~~~^^^^^^^^
KeyError: 'font'
2025-12-31 11:06:30,383 - Global - CRITICAL - Uncaught exception
Traceback (most recent call last):
  File "G:\AICoding\luscreen\src\screenshot_editor.py", line 493, in mouseMoveEvent
    idx = self.hit_test(event.pos())
  File "G:\AICoding\luscreen\src\screenshot_editor.py", line 418, in hit_test
    fm = QFontMetrics(item['font'])
                      ~~~~^^^^^^^^
KeyError: 'font'
2025-12-31 11:06:30,390 - Global - CRITICAL - Uncaught exception
Traceback (most recent call last):
  File "G:\AICoding\luscreen\src\screenshot_editor.py", line 493, in mouseMoveEvent
    idx = self.hit_test(event.pos())
  File "G:\AICoding\luscreen\src\screenshot_editor.py", line 418, in hit_test
    fm = QFontMetrics(item['font'])
                      ~~~~^^^^^^^^
KeyError: 'font'
2025-12-31 11:06:30,399 - Global - CRITICAL - Uncaught exception
Traceback (most recent call last):
  File "G:\AICoding\luscreen\src\screenshot_editor.py", line 493, in mouseMoveEvent
    idx = self.hit_test(event.pos())
  File "G:\AICoding\luscreen\src\screenshot_editor.py", line 418, in hit_test
    fm = QFontMetrics(item['font'])
                      ~~~~^^^^^^^^
KeyError: 'font'
2025-12-31 11:06:30,406 - Global - CRITICAL - Uncaught exception
Traceback (most recent call last):
  File "G:\AICoding\luscreen\src\screenshot_editor.py", line 493, in mouseMoveEvent
    idx = self.hit_test(event.pos())
  File "G:\AICoding\luscreen\src\screenshot_editor.py", line 418, in hit_test
    fm = QFontMetrics(item['font'])
                      ~~~~^^^^^^^^
KeyError: 'font'
2025-12-31 11:06:30,414 - Global - CRITICAL - Uncaught exception
Traceback (most recent call last):
  File "G:\AICoding\luscreen\src\screenshot_editor.py", line 493, in mouseMoveEvent
    idx = self.hit_test(event.pos())
  File "G:\AICoding\luscreen\src\screenshot_editor.py", line 418, in hit_test
    fm = QFontMetrics(item['font'])
                      ~~~~^^^^^^^^
KeyError: 'font'
2025-12-31 11:06:30,422 - Global - CRITICAL - Uncaught exception
Traceback (most recent call last):
  File "G:\AICoding\luscreen\src\screenshot_editor.py", line 493, in mouseMoveEvent
    idx = self.hit_test(event.pos())
  File "G:\AICoding\luscreen\src\screenshot_editor.py", line 418, in hit_test
    fm = QFontMetrics(item['font'])
                      ~~~~^^^^^^^^
KeyError: 'font'
2025-12-31 11:06:30,431 - Global - CRITICAL - Uncaught exception
Traceback (most recent call last):
  File "G:\AICoding\luscreen\src\screenshot_editor.py", line 493, in mouseMoveEvent
    idx = self.hit_test(event.pos())
  File "G:\AICoding\luscreen\src\screenshot_editor.py", line 418, in hit_test
    fm = QFontMetrics(item['font'])
                      ~~~~^^^^^^^^
KeyError: 'font'
2025-12-31 11:06:30,438 - Global - CRITICAL - Uncaught exception
Traceback (most recent call last):
  File "G:\AICoding\luscreen\src\screenshot_editor.py", line 493, in mouseMoveEvent
    idx = self.hit_test(event.pos())
  File "G:\AICoding\luscreen\src\screenshot_editor.py", line 418, in hit_test
    fm = QFontMetrics(item['font'])
                      ~~~~^^^^^^^^
KeyError: 'font'
2025-12-31 11:06:30,446 - Global - CRITICAL - Uncaught exception
Traceback (most recent call last):
  File "G:\AICoding\luscreen\src\screenshot_editor.py", line 493, in mouseMoveEvent
    idx = self.hit_test(event.pos())
  File "G:\AICoding\luscreen\src\screenshot_editor.py", line 418, in hit_test
    fm = QFontMetrics(item['font'])
                      ~~~~^^^^^^^^
KeyError: 'font'
2025-12-31 11:06:30,454 - Global - CRITICAL - Uncaught exception
Traceback (most recent call last):
  File "G:\AICoding\luscreen\src\screenshot_editor.py", line 493, in mouseMoveEvent
    idx = self.hit_test(event.pos())
  File "G:\AICoding\luscreen\src\screenshot_editor.py", line 418, in hit_test
    fm = QFontMetrics(item['font'])
                      ~~~~^^^^^^^^
KeyError: 'font'
2025-12-31 11:06:30,462 - Global - CRITICAL - Uncaught exception
Traceback (most recent call last):
  File "G:\AICoding\luscreen\src\screenshot_editor.py", line 493, in mouseMoveEvent
    idx = self.hit_test(event.pos())
  File "G:\AICoding\luscreen\src\screenshot_editor.py", line 418, in hit_test
    fm = QFontMetrics(item['font'])
                      ~~~~^^^^^^^^
KeyError: 'font'
2025-12-31 11:06:30,470 - Global - CRITICAL - Uncaught exception
Traceback (most recent call last):
  File "G:\AICoding\luscreen\src\screenshot_editor.py", line 493, in mouseMoveEvent
    idx = self.hit_test(event.pos())
  File "G:\AICoding\luscreen\src\screenshot_editor.py", line 418, in hit_test
    fm = QFontMetrics(item['font'])
                      ~~~~^^^^^^^^
KeyError: 'font'
2025-12-31 11:06:30,479 - Global - CRITICAL - Uncaught exception
Traceback (most recent call last):
  File "G:\AICoding\luscreen\src\screenshot_editor.py", line 493, in mouseMoveEvent
    idx = self.hit_test(event.pos())
  File "G:\AICoding\luscreen\src\screenshot_editor.py", line 418, in hit_test
    fm = QFontMetrics(item['font'])
                      ~~~~^^^^^^^^
KeyError: 'font'
2025-12-31 11:06:30,486 - Global - CRITICAL - Uncaught exception
Traceback (most recent call last):
  File "G:\AICoding\luscreen\src\screenshot_editor.py", line 493, in mouseMoveEvent
    idx = self.hit_test(event.pos())
  File "G:\AICoding\luscreen\src\screenshot_editor.py", line 418, in hit_test
    fm = QFontMetrics(item['font'])
                      ~~~~^^^^^^^^
KeyError: 'font'
2025-12-31 11:06:30,494 - Global - CRITICAL - Uncaught exception
Traceback (most recent call last):
  File "G:\AICoding\luscreen\src\screenshot_editor.py", line 493, in mouseMoveEvent
    idx = self.hit_test(event.pos())
  File "G:\AICoding\luscreen\src\screenshot_editor.py", line 418, in hit_test
    fm = QFontMetrics(item['font'])
                      ~~~~^^^^^^^^
KeyError: 'font'
2025-12-31 11:06:30,502 - Global - CRITICAL - Uncaught exception
Traceback (most recent call last):
  File "G:\AICoding\luscreen\src\screenshot_editor.py", line 493, in mouseMoveEvent
    idx = self.hit_test(event.pos())
  File "G:\AICoding\luscreen\src\screenshot_editor.py", line 418, in hit_test
    fm = QFontMetrics(item['font'])
                      ~~~~^^^^^^^^
KeyError: 'font'
2025-12-31 11:06:30,510 - Global - CRITICAL - Uncaught exception
Traceback (most recent call last):
  File "G:\AICoding\luscreen\src\screenshot_editor.py", line 493, in mouseMoveEvent
    idx = self.hit_test(event.pos())
  File "G:\AICoding\luscreen\src\screenshot_editor.py", line 418, in hit_test
    fm = QFontMetrics(item['font'])
                      ~~~~^^^^^^^^
KeyError: 'font'
2025-12-31 11:06:30,518 - Global - CRITICAL - Uncaught exception
Traceback (most recent call last):
  File "G:\AICoding\luscreen\src\screenshot_editor.py", line 493, in mouseMoveEvent
    idx = self.hit_test(event.pos())
  File "G:\AICoding\luscreen\src\screenshot_editor.py", line 418, in hit_test
    fm = QFontMetrics(item['font'])
                      ~~~~^^^^^^^^
KeyError: 'font'
2025-12-31 11:06:30,526 - Global - CRITICAL - Uncaught exception
Traceback (most recent call last):
  File "G:\AICoding\luscreen\src\screenshot_editor.py", line 493, in mouseMoveEvent
    idx = self.hit_test(event.pos())
  File "G:\AICoding\luscreen\src\screenshot_editor.py", line 418, in hit_test
    fm = QFontMetrics(item['font'])
                      ~~~~^^^^^^^^
KeyError: 'font'
2025-12-31 11:06:30,534 - Global - CRITICAL - Uncaught exception
Traceback (most recent call last):
  File "G:\AICoding\luscreen\src\screenshot_editor.py", line 493, in mouseMoveEvent
    idx = self.hit_test(event.pos())
  File "G:\AICoding\luscreen\src\screenshot_editor.py", line 418, in hit_test
    fm = QFontMetrics(item['font'])
                      ~~~~^^^^^^^^
KeyError: 'font'
2025-12-31 11:06:30,599 - Global - CRITICAL - Uncaught exception
Traceback (most recent call last):
  File "G:\AICoding\luscreen\src\screenshot_editor.py", line 493, in mouseMoveEvent
    idx = self.hit_test(event.pos())
  File "G:\AICoding\luscreen\src\screenshot_editor.py", line 418, in hit_test
    fm = QFontMetrics(item['font'])
                      ~~~~^^^^^^^^
KeyError: 'font'
2025-12-31 11:06:32,568 - Global - CRITICAL - Uncaught exception
Traceback (most recent call last):
  File "G:\AICoding\luscreen\src\screenshot_editor.py", line 453, in mousePressEvent
    idx = self.hit_test(event.pos())
  File "G:\AICoding\luscreen\src\screenshot_editor.py", line 418, in hit_test
    fm = QFontMetrics(item['font'])
                      ~~~~^^^^^^^^
KeyError: 'font'
2025-12-31 11:06:32,615 - Global - CRITICAL - Uncaught exception
Traceback (most recent call last):
  File "G:\AICoding\luscreen\src\screenshot_editor.py", line 493, in mouseMoveEvent
    idx = self.hit_test(event.pos())
  File "G:\AICoding\luscreen\src\screenshot_editor.py", line 418, in hit_test
    fm = QFontMetrics(item['font'])
                      ~~~~^^^^^^^^
KeyError: 'font'
2025-12-31 11:06:32,622 - Global - CRITICAL - Uncaught exception
Traceback (most recent call last):
  File "G:\AICoding\luscreen\src\screenshot_editor.py", line 493, in mouseMoveEvent
    idx = self.hit_test(event.pos())
  File "G:\AICoding\luscreen\src\screenshot_editor.py", line 418, in hit_test
    fm = QFontMetrics(item['font'])
                      ~~~~^^^^^^^^
KeyError: 'font'
2025-12-31 11:06:32,630 - Global - CRITICAL - Uncaught exception
Traceback (most recent call last):
  File "G:\AICoding\luscreen\src\screenshot_editor.py", line 493, in mouseMoveEvent
    idx = self.hit_test(event.pos())
  File "G:\AICoding\luscreen\src\screenshot_editor.py", line 418, in hit_test
    fm = QFontMetrics(item['font'])
                      ~~~~^^^^^^^^
KeyError: 'font'
2025-12-31 11:06:32,638 - Global - CRITICAL - Uncaught exception
Traceback (most recent call last):
  File "G:\AICoding\luscreen\src\screenshot_editor.py", line 493, in mouseMoveEvent
    idx = self.hit_test(event.pos())
  File "G:\AICoding\luscreen\src\screenshot_editor.py", line 418, in hit_test
    fm = QFontMetrics(item['font'])
                      ~~~~^^^^^^^^
KeyError: 'font'
2025-12-31 11:06:32,646 - Global - CRITICAL - Uncaught exception
Traceback (most recent call last):
  File "G:\AICoding\luscreen\src\screenshot_editor.py", line 493, in mouseMoveEvent
    idx = self.hit_test(event.pos())
  File "G:\AICoding\luscreen\src\screenshot_editor.py", line 418, in hit_test
    fm = QFontMetrics(item['font'])
                      ~~~~^^^^^^^^
KeyError: 'font'
2025-12-31 11:06:32,654 - Global - CRITICAL - Uncaught exception
Traceback (most recent call last):
  File "G:\AICoding\luscreen\src\screenshot_editor.py", line 493, in mouseMoveEvent
    idx = self.hit_test(event.pos())
  File "G:\AICoding\luscreen\src\screenshot_editor.py", line 418, in hit_test
    fm = QFontMetrics(item['font'])
                      ~~~~^^^^^^^^
KeyError: 'font'
2025-12-31 11:06:32,662 - Global - CRITICAL - Uncaught exception
Traceback (most recent call last):
  File "G:\AICoding\luscreen\src\screenshot_editor.py", line 493, in mouseMoveEvent
    idx = self.hit_test(event.pos())
  File "G:\AICoding\luscreen\src\screenshot_editor.py", line 418, in hit_test
    fm = QFontMetrics(item['font'])
                      ~~~~^^^^^^^^
KeyError: 'font'
2025-12-31 11:06:32,670 - Global - CRITICAL - Uncaught exception
Traceback (most recent call last):
  File "G:\AICoding\luscreen\src\screenshot_editor.py", line 493, in mouseMoveEvent
    idx = self.hit_test(event.pos())
  File "G:\AICoding\luscreen\src\screenshot_editor.py", line 418, in hit_test
    fm = QFontMetrics(item['font'])
                      ~~~~^^^^^^^^
KeyError: 'font'
2025-12-31 11:06:32,678 - Global - CRITICAL - Uncaught exception
Traceback (most recent call last):
  File "G:\AICoding\luscreen\src\screenshot_editor.py", line 493, in mouseMoveEvent
    idx = self.hit_test(event.pos())
  File "G:\AICoding\luscreen\src\screenshot_editor.py", line 418, in hit_test
    fm = QFontMetrics(item['font'])
                      ~~~~^^^^^^^^
KeyError: 'font'
2025-12-31 11:06:32,686 - Global - CRITICAL - Uncaught exception
Traceback (most recent call last):
  File "G:\AICoding\luscreen\src\screenshot_editor.py", line 493, in mouseMoveEvent
    idx = self.hit_test(event.pos())
  File "G:\AICoding\luscreen\src\screenshot_editor.py", line 418, in hit_test
    fm = QFontMetrics(item['font'])
                      ~~~~^^^^^^^^
KeyError: 'font'
2025-12-31 11:06:32,694 - Global - CRITICAL - Uncaught exception
Traceback (most recent call last):
  File "G:\AICoding\luscreen\src\screenshot_editor.py", line 493, in mouseMoveEvent
    idx = self.hit_test(event.pos())
  File "G:\AICoding\luscreen\src\screenshot_editor.py", line 418, in hit_test
    fm = QFontMetrics(item['font'])
                      ~~~~^^^^^^^^
KeyError: 'font'
2025-12-31 11:06:32,702 - Global - CRITICAL - Uncaught exception
Traceback (most recent call last):
  File "G:\AICoding\luscreen\src\screenshot_editor.py", line 493, in mouseMoveEvent
    idx = self.hit_test(event.pos())
  File "G:\AICoding\luscreen\src\screenshot_editor.py", line 418, in hit_test
    fm = QFontMetrics(item['font'])
                      ~~~~^^^^^^^^
KeyError: 'font'
2025-12-31 11:06:32,712 - Global - CRITICAL - Uncaught exception
Traceback (most recent call last):
  File "G:\AICoding\luscreen\src\screenshot_editor.py", line 493, in mouseMoveEvent
    idx = self.hit_test(event.pos())
  File "G:\AICoding\luscreen\src\screenshot_editor.py", line 418, in hit_test
    fm = QFontMetrics(item['font'])
                      ~~~~^^^^^^^^
KeyError: 'font'
2025-12-31 11:06:32,718 - Global - CRITICAL - Uncaught exception
Traceback (most recent call last):
  File "G:\AICoding\luscreen\src\screenshot_editor.py", line 493, in mouseMoveEvent
    idx = self.hit_test(event.pos())
  File "G:\AICoding\luscreen\src\screenshot_editor.py", line 418, in hit_test
    fm = QFontMetrics(item['font'])
                      ~~~~^^^^^^^^
KeyError: 'font'
2025-12-31 11:06:32,727 - Global - CRITICAL - Uncaught exception
Traceback (most recent call last):
  File "G:\AICoding\luscreen\src\screenshot_editor.py", line 493, in mouseMoveEvent
    idx = self.hit_test(event.pos())
  File "G:\AICoding\luscreen\src\screenshot_editor.py", line 418, in hit_test
    fm = QFontMetrics(item['font'])
                      ~~~~^^^^^^^^
KeyError: 'font'
2025-12-31 11:06:32,735 - Global - CRITICAL - Uncaught exception
Traceback (most recent call last):
  File "G:\AICoding\luscreen\src\screenshot_editor.py", line 493, in mouseMoveEvent
    idx = self.hit_test(event.pos())
  File "G:\AICoding\luscreen\src\screenshot_editor.py", line 418, in hit_test
    fm = QFontMetrics(item['font'])
                      ~~~~^^^^^^^^
KeyError: 'font'
2025-12-31 11:06:32,743 - Global - CRITICAL - Uncaught exception
Traceback (most recent call last):
  File "G:\AICoding\luscreen\src\screenshot_editor.py", line 493, in mouseMoveEvent
    idx = self.hit_test(event.pos())
  File "G:\AICoding\luscreen\src\screenshot_editor.py", line 418, in hit_test
    fm = QFontMetrics(item['font'])
                      ~~~~^^^^^^^^
KeyError: 'font'
2025-12-31 11:06:32,751 - Global - CRITICAL - Uncaught exception
Traceback (most recent call last):
  File "G:\AICoding\luscreen\src\screenshot_editor.py", line 493, in mouseMoveEvent
    idx = self.hit_test(event.pos())
  File "G:\AICoding\luscreen\src\screenshot_editor.py", line 418, in hit_test
    fm = QFontMetrics(item['font'])
                      ~~~~^^^^^^^^
KeyError: 'font'
2025-12-31 11:06:32,766 - Global - CRITICAL - Uncaught exception
Traceback (most recent call last):
  File "G:\AICoding\luscreen\src\screenshot_editor.py", line 493, in mouseMoveEvent
    idx = self.hit_test(event.pos())
  File "G:\AICoding\luscreen\src\screenshot_editor.py", line 418, in hit_test
    fm = QFontMetrics(item['font'])
                      ~~~~^^^^^^^^
KeyError: 'font'
2025-12-31 11:06:33,943 - Global - CRITICAL - Uncaught exception
Traceback (most recent call last):
  File "G:\AICoding\luscreen\src\screenshot_editor.py", line 370, in paintEvent
    draw_item(painter, item)
    ~~~~~~~~~^^^^^^^^^^^^^^^
  File "G:\AICoding\luscreen\src\screenshot_editor.py", line 365, in draw_item
    painter.setFont(item['font'])
                    ~~~~^^^^^^^^
KeyError: 'font'
2025-12-31 11:06:33,952 - Global - CRITICAL - Uncaught exception
Traceback (most recent call last):
  File "G:\AICoding\luscreen\src\screenshot_editor.py", line 370, in paintEvent
    draw_item(painter, item)
    ~~~~~~~~~^^^^^^^^^^^^^^^
  File "G:\AICoding\luscreen\src\screenshot_editor.py", line 365, in draw_item
    painter.setFont(item['font'])
                    ~~~~^^^^^^^^
KeyError: 'font'
2025-12-31 11:06:33,959 - Global - CRITICAL - Uncaught exception
Traceback (most recent call last):
  File "G:\AICoding\luscreen\src\screenshot_editor.py", line 370, in paintEvent
    draw_item(painter, item)
    ~~~~~~~~~^^^^^^^^^^^^^^^
  File "G:\AICoding\luscreen\src\screenshot_editor.py", line 365, in draw_item
    painter.setFont(item['font'])
                    ~~~~^^^^^^^^
KeyError: 'font'
2025-12-31 11:06:33,968 - Global - CRITICAL - Uncaught exception
Traceback (most recent call last):
  File "G:\AICoding\luscreen\src\screenshot_editor.py", line 370, in paintEvent
    draw_item(painter, item)
    ~~~~~~~~~^^^^^^^^^^^^^^^
  File "G:\AICoding\luscreen\src\screenshot_editor.py", line 365, in draw_item
    painter.setFont(item['font'])
                    ~~~~^^^^^^^^
KeyError: 'font'
2025-12-31 11:06:33,975 - Global - CRITICAL - Uncaught exception
Traceback (most recent call last):
  File "G:\AICoding\luscreen\src\screenshot_editor.py", line 370, in paintEvent
    draw_item(painter, item)
    ~~~~~~~~~^^^^^^^^^^^^^^^
  File "G:\AICoding\luscreen\src\screenshot_editor.py", line 365, in draw_item
    painter.setFont(item['font'])
                    ~~~~^^^^^^^^
KeyError: 'font'
2025-12-31 11:06:33,983 - Global - CRITICAL - Uncaught exception
Traceback (most recent call last):
  File "G:\AICoding\luscreen\src\screenshot_editor.py", line 370, in paintEvent
    draw_item(painter, item)
    ~~~~~~~~~^^^^^^^^^^^^^^^
  File "G:\AICoding\luscreen\src\screenshot_editor.py", line 365, in draw_item
    painter.setFont(item['font'])
                    ~~~~^^^^^^^^
KeyError: 'font'
2025-12-31 11:06:33,992 - Global - CRITICAL - Uncaught exception
Traceback (most recent call last):
  File "G:\AICoding\luscreen\src\screenshot_editor.py", line 370, in paintEvent
    draw_item(painter, item)
    ~~~~~~~~~^^^^^^^^^^^^^^^
  File "G:\AICoding\luscreen\src\screenshot_editor.py", line 365, in draw_item
    painter.setFont(item['font'])
                    ~~~~^^^^^^^^
KeyError: 'font'
2025-12-31 11:06:33,999 - Global - CRITICAL - Uncaught exception
Traceback (most recent call last):
  File "G:\AICoding\luscreen\src\screenshot_editor.py", line 370, in paintEvent
    draw_item(painter, item)
    ~~~~~~~~~^^^^^^^^^^^^^^^
  File "G:\AICoding\luscreen\src\screenshot_editor.py", line 365, in draw_item
    painter.setFont(item['font'])
                    ~~~~^^^^^^^^
KeyError: 'font'
2025-12-31 11:06:34,008 - Global - CRITICAL - Uncaught exception
Traceback (most recent call last):
  File "G:\AICoding\luscreen\src\screenshot_editor.py", line 370, in paintEvent
    draw_item(painter, item)
    ~~~~~~~~~^^^^^^^^^^^^^^^
  File "G:\AICoding\luscreen\src\screenshot_editor.py", line 365, in draw_item
    painter.setFont(item['font'])
                    ~~~~^^^^^^^^
KeyError: 'font'
2025-12-31 11:06:34,015 - Global - CRITICAL - Uncaught exception
Traceback (most recent call last):
  File "G:\AICoding\luscreen\src\screenshot_editor.py", line 370, in paintEvent
    draw_item(painter, item)
    ~~~~~~~~~^^^^^^^^^^^^^^^
  File "G:\AICoding\luscreen\src\screenshot_editor.py", line 365, in draw_item
    painter.setFont(item['font'])
                    ~~~~^^^^^^^^
KeyError: 'font'
2025-12-31 11:06:34,024 - Global - CRITICAL - Uncaught exception
Traceback (most recent call last):
  File "G:\AICoding\luscreen\src\screenshot_editor.py", line 370, in paintEvent
    draw_item(painter, item)
    ~~~~~~~~~^^^^^^^^^^^^^^^
  File "G:\AICoding\luscreen\src\screenshot_editor.py", line 365, in draw_item
    painter.setFont(item['font'])
                    ~~~~^^^^^^^^
KeyError: 'font'
2025-12-31 11:06:34,030 - Global - CRITICAL - Uncaught exception
Traceback (most recent call last):
  File "G:\AICoding\luscreen\src\screenshot_editor.py", line 370, in paintEvent
    draw_item(painter, item)
    ~~~~~~~~~^^^^^^^^^^^^^^^
  File "G:\AICoding\luscreen\src\screenshot_editor.py", line 365, in draw_item
    painter.setFont(item['font'])
                    ~~~~^^^^^^^^
KeyError: 'font'
2025-12-31 11:06:34,040 - Global - CRITICAL - Uncaught exception
Traceback (most recent call last):
  File "G:\AICoding\luscreen\src\screenshot_editor.py", line 370, in paintEvent
    draw_item(painter, item)
    ~~~~~~~~~^^^^^^^^^^^^^^^
  File "G:\AICoding\luscreen\src\screenshot_editor.py", line 365, in draw_item
    painter.setFont(item['font'])
                    ~~~~^^^^^^^^
KeyError: 'font'
2025-12-31 11:06:34,047 - Global - CRITICAL - Uncaught exception
Traceback (most recent call last):
  File "G:\AICoding\luscreen\src\screenshot_editor.py", line 370, in paintEvent
    draw_item(painter, item)
    ~~~~~~~~~^^^^^^^^^^^^^^^
  File "G:\AICoding\luscreen\src\screenshot_editor.py", line 365, in draw_item
    painter.setFont(item['font'])
                    ~~~~^^^^^^^^
KeyError: 'font'
2025-12-31 11:06:34,056 - Global - CRITICAL - Uncaught exception
Traceback (most recent call last):
  File "G:\AICoding\luscreen\src\screenshot_editor.py", line 370, in paintEvent
    draw_item(painter, item)
    ~~~~~~~~~^^^^^^^^^^^^^^^
  File "G:\AICoding\luscreen\src\screenshot_editor.py", line 365, in draw_item
    painter.setFont(item['font'])
                    ~~~~^^^^^^^^
KeyError: 'font'
2025-12-31 11:06:34,062 - Global - CRITICAL - Uncaught exception
Traceback (most recent call last):
  File "G:\AICoding\luscreen\src\screenshot_editor.py", line 370, in paintEvent
    draw_item(painter, item)
    ~~~~~~~~~^^^^^^^^^^^^^^^
  File "G:\AICoding\luscreen\src\screenshot_editor.py", line 365, in draw_item
    painter.setFont(item['font'])
                    ~~~~^^^^^^^^
KeyError: 'font'
2025-12-31 11:06:34,072 - Global - CRITICAL - Uncaught exception
Traceback (most recent call last):
  File "G:\AICoding\luscreen\src\screenshot_editor.py", line 370, in paintEvent
    draw_item(painter, item)
    ~~~~~~~~~^^^^^^^^^^^^^^^
  File "G:\AICoding\luscreen\src\screenshot_editor.py", line 365, in draw_item
    painter.setFont(item['font'])
                    ~~~~^^^^^^^^
KeyError: 'font'
2025-12-31 11:06:34,079 - Global - CRITICAL - Uncaught exception
Traceback (most recent call last):
  File "G:\AICoding\luscreen\src\screenshot_editor.py", line 370, in paintEvent
    draw_item(painter, item)
    ~~~~~~~~~^^^^^^^^^^^^^^^
  File "G:\AICoding\luscreen\src\screenshot_editor.py", line 365, in draw_item
    painter.setFont(item['font'])
                    ~~~~^^^^^^^^
KeyError: 'font'
2025-12-31 11:06:34,103 - Global - CRITICAL - Uncaught exception
Traceback (most recent call last):
  File "G:\AICoding\luscreen\src\screenshot_editor.py", line 370, in paintEvent
    draw_item(painter, item)
    ~~~~~~~~~^^^^^^^^^^^^^^^
  File "G:\AICoding\luscreen\src\screenshot_editor.py", line 365, in draw_item
    painter.setFont(item['font'])
                    ~~~~^^^^^^^^
KeyError: 'font'
2025-12-31 11:06:34,136 - Global - CRITICAL - Uncaught exception
Traceback (most recent call last):
  File "G:\AICoding\luscreen\src\screenshot_editor.py", line 370, in paintEvent
    draw_item(painter, item)
    ~~~~~~~~~^^^^^^^^^^^^^^^
  File "G:\AICoding\luscreen\src\screenshot_editor.py", line 365, in draw_item
    painter.setFont(item['font'])
                    ~~~~^^^^^^^^
KeyError: 'font'
2025-12-31 11:06:34,417 - Global - CRITICAL - Uncaught exception
Traceback (most recent call last):
  File "G:\AICoding\luscreen\src\screenshot_editor.py", line 370, in paintEvent
    draw_item(painter, item)
    ~~~~~~~~~^^^^^^^^^^^^^^^
  File "G:\AICoding\luscreen\src\screenshot_editor.py", line 365, in draw_item
    painter.setFont(item['font'])
                    ~~~~^^^^^^^^
KeyError: 'font'
2025-12-31 11:06:35,837 - Global - CRITICAL - Uncaught exception
Traceback (most recent call last):
  File "G:\AICoding\luscreen\src\screenshot_editor.py", line 474, in mousePressEvent
    idx = self.hit_test(event.pos())
  File "G:\AICoding\luscreen\src\screenshot_editor.py", line 418, in hit_test
    fm = QFontMetrics(item['font'])
                      ~~~~^^^^^^^^
KeyError: 'font'
2025-12-31 11:06:38,168 - Global - CRITICAL - Uncaught exception
Traceback (most recent call last):
  File "G:\AICoding\luscreen\src\screenshot_editor.py", line 370, in paintEvent
    draw_item(painter, item)
    ~~~~~~~~~^^^^^^^^^^^^^^^
  File "G:\AICoding\luscreen\src\screenshot_editor.py", line 365, in draw_item
    painter.setFont(item['font'])
                    ~~~~^^^^^^^^
KeyError: 'font'
2025-12-31 11:06:38,174 - Global - CRITICAL - Uncaught exception
Traceback (most recent call last):
  File "G:\AICoding\luscreen\src\screenshot_editor.py", line 370, in paintEvent
    draw_item(painter, item)
    ~~~~~~~~~^^^^^^^^^^^^^^^
  File "G:\AICoding\luscreen\src\screenshot_editor.py", line 365, in draw_item
    painter.setFont(item['font'])
                    ~~~~^^^^^^^^
KeyError: 'font'
2025-12-31 11:06:38,184 - Global - CRITICAL - Uncaught exception
Traceback (most recent call last):
  File "G:\AICoding\luscreen\src\screenshot_editor.py", line 370, in paintEvent
    draw_item(painter, item)
    ~~~~~~~~~^^^^^^^^^^^^^^^
  File "G:\AICoding\luscreen\src\screenshot_editor.py", line 365, in draw_item
    painter.setFont(item['font'])
                    ~~~~^^^^^^^^
KeyError: 'font'
2025-12-31 11:06:38,191 - Global - CRITICAL - Uncaught exception
Traceback (most recent call last):
  File "G:\AICoding\luscreen\src\screenshot_editor.py", line 370, in paintEvent
    draw_item(painter, item)
    ~~~~~~~~~^^^^^^^^^^^^^^^
  File "G:\AICoding\luscreen\src\screenshot_editor.py", line 365, in draw_item
    painter.setFont(item['font'])
                    ~~~~^^^^^^^^
KeyError: 'font'
2025-12-31 11:06:38,200 - Global - CRITICAL - Uncaught exception
Traceback (most recent call last):
  File "G:\AICoding\luscreen\src\screenshot_editor.py", line 370, in paintEvent
    draw_item(painter, item)
    ~~~~~~~~~^^^^^^^^^^^^^^^
  File "G:\AICoding\luscreen\src\screenshot_editor.py", line 365, in draw_item
    painter.setFont(item['font'])
                    ~~~~^^^^^^^^
KeyError: 'font'
2025-12-31 11:06:38,207 - Global - CRITICAL - Uncaught exception
Traceback (most recent call last):
  File "G:\AICoding\luscreen\src\screenshot_editor.py", line 370, in paintEvent
    draw_item(painter, item)
    ~~~~~~~~~^^^^^^^^^^^^^^^
  File "G:\AICoding\luscreen\src\screenshot_editor.py", line 365, in draw_item
    painter.setFont(item['font'])
                    ~~~~^^^^^^^^
KeyError: 'font'
2025-12-31 11:06:38,216 - Global - CRITICAL - Uncaught exception
Traceback (most recent call last):
  File "G:\AICoding\luscreen\src\screenshot_editor.py", line 370, in paintEvent
    draw_item(painter, item)
    ~~~~~~~~~^^^^^^^^^^^^^^^
  File "G:\AICoding\luscreen\src\screenshot_editor.py", line 365, in draw_item
    painter.setFont(item['font'])
                    ~~~~^^^^^^^^
KeyError: 'font'
2025-12-31 11:06:38,223 - Global - CRITICAL - Uncaught exception
Traceback (most recent call last):
  File "G:\AICoding\luscreen\src\screenshot_editor.py", line 370, in paintEvent
    draw_item(painter, item)
    ~~~~~~~~~^^^^^^^^^^^^^^^
  File "G:\AICoding\luscreen\src\screenshot_editor.py", line 365, in draw_item
    painter.setFont(item['font'])
                    ~~~~^^^^^^^^
KeyError: 'font'
2025-12-31 11:06:38,232 - Global - CRITICAL - Uncaught exception
Traceback (most recent call last):
  File "G:\AICoding\luscreen\src\screenshot_editor.py", line 370, in paintEvent
    draw_item(painter, item)
    ~~~~~~~~~^^^^^^^^^^^^^^^
  File "G:\AICoding\luscreen\src\screenshot_editor.py", line 365, in draw_item
    painter.setFont(item['font'])
                    ~~~~^^^^^^^^
KeyError: 'font'
2025-12-31 11:06:38,239 - Global - CRITICAL - Uncaught exception
Traceback (most recent call last):
  File "G:\AICoding\luscreen\src\screenshot_editor.py", line 370, in paintEvent
    draw_item(painter, item)
    ~~~~~~~~~^^^^^^^^^^^^^^^
  File "G:\AICoding\luscreen\src\screenshot_editor.py", line 365, in draw_item
    painter.setFont(item['font'])
                    ~~~~^^^^^^^^
KeyError: 'font'
2025-12-31 11:06:38,248 - Global - CRITICAL - Uncaught exception
Traceback (most recent call last):
  File "G:\AICoding\luscreen\src\screenshot_editor.py", line 370, in paintEvent
    draw_item(painter, item)
    ~~~~~~~~~^^^^^^^^^^^^^^^
  File "G:\AICoding\luscreen\src\screenshot_editor.py", line 365, in draw_item
    painter.setFont(item['font'])
                    ~~~~^^^^^^^^
KeyError: 'font'
2025-12-31 11:06:38,255 - Global - CRITICAL - Uncaught exception
Traceback (most recent call last):
  File "G:\AICoding\luscreen\src\screenshot_editor.py", line 370, in paintEvent
    draw_item(painter, item)
    ~~~~~~~~~^^^^^^^^^^^^^^^
  File "G:\AICoding\luscreen\src\screenshot_editor.py", line 365, in draw_item
    painter.setFont(item['font'])
                    ~~~~^^^^^^^^
KeyError: 'font'
2025-12-31 11:06:38,264 - Global - CRITICAL - Uncaught exception
Traceback (most recent call last):
  File "G:\AICoding\luscreen\src\screenshot_editor.py", line 370, in paintEvent
    draw_item(painter, item)
    ~~~~~~~~~^^^^^^^^^^^^^^^
  File "G:\AICoding\luscreen\src\screenshot_editor.py", line 365, in draw_item
    painter.setFont(item['font'])
                    ~~~~^^^^^^^^
KeyError: 'font'
2025-12-31 11:06:38,271 - Global - CRITICAL - Uncaught exception
Traceback (most recent call last):
  File "G:\AICoding\luscreen\src\screenshot_editor.py", line 370, in paintEvent
    draw_item(painter, item)
    ~~~~~~~~~^^^^^^^^^^^^^^^
  File "G:\AICoding\luscreen\src\screenshot_editor.py", line 365, in draw_item
    painter.setFont(item['font'])
                    ~~~~^^^^^^^^
KeyError: 'font'
2025-12-31 11:06:38,280 - Global - CRITICAL - Uncaught exception
Traceback (most recent call last):
  File "G:\AICoding\luscreen\src\screenshot_editor.py", line 370, in paintEvent
    draw_item(painter, item)
    ~~~~~~~~~^^^^^^^^^^^^^^^
  File "G:\AICoding\luscreen\src\screenshot_editor.py", line 365, in draw_item
    painter.setFont(item['font'])
                    ~~~~^^^^^^^^
KeyError: 'font'
2025-12-31 11:06:38,287 - Global - CRITICAL - Uncaught exception
Traceback (most recent call last):
  File "G:\AICoding\luscreen\src\screenshot_editor.py", line 370, in paintEvent
    draw_item(painter, item)
    ~~~~~~~~~^^^^^^^^^^^^^^^
  File "G:\AICoding\luscreen\src\screenshot_editor.py", line 365, in draw_item
    painter.setFont(item['font'])
                    ~~~~^^^^^^^^
KeyError: 'font'
2025-12-31 11:06:38,297 - Global - CRITICAL - Uncaught exception
Traceback (most recent call last):
  File "G:\AICoding\luscreen\src\screenshot_editor.py", line 370, in paintEvent
    draw_item(painter, item)
    ~~~~~~~~~^^^^^^^^^^^^^^^
  File "G:\AICoding\luscreen\src\screenshot_editor.py", line 365, in draw_item
    painter.setFont(item['font'])
                    ~~~~^^^^^^^^
KeyError: 'font'
2025-12-31 11:06:38,302 - Global - CRITICAL - Uncaught exception
Traceback (most recent call last):
  File "G:\AICoding\luscreen\src\screenshot_editor.py", line 370, in paintEvent
    draw_item(painter, item)
    ~~~~~~~~~^^^^^^^^^^^^^^^
  File "G:\AICoding\luscreen\src\screenshot_editor.py", line 365, in draw_item
    painter.setFont(item['font'])
                    ~~~~^^^^^^^^
KeyError: 'font'
2025-12-31 11:06:38,312 - Global - CRITICAL - Uncaught exception
Traceback (most recent call last):
  File "G:\AICoding\luscreen\src\screenshot_editor.py", line 370, in paintEvent
    draw_item(painter, item)
    ~~~~~~~~~^^^^^^^^^^^^^^^
  File "G:\AICoding\luscreen\src\screenshot_editor.py", line 365, in draw_item
    painter.setFont(item['font'])
                    ~~~~^^^^^^^^
KeyError: 'font'
2025-12-31 11:06:38,318 - Global - CRITICAL - Uncaught exception
Traceback (most recent call last):
  File "G:\AICoding\luscreen\src\screenshot_editor.py", line 370, in paintEvent
    draw_item(painter, item)
    ~~~~~~~~~^^^^^^^^^^^^^^^
  File "G:\AICoding\luscreen\src\screenshot_editor.py", line 365, in draw_item
    painter.setFont(item['font'])
                    ~~~~^^^^^^^^
KeyError: 'font'
2025-12-31 11:06:38,328 - Global - CRITICAL - Uncaught exception
Traceback (most recent call last):
  File "G:\AICoding\luscreen\src\screenshot_editor.py", line 370, in paintEvent
    draw_item(painter, item)
    ~~~~~~~~~^^^^^^^^^^^^^^^
  File "G:\AICoding\luscreen\src\screenshot_editor.py", line 365, in draw_item
    painter.setFont(item['font'])
                    ~~~~^^^^^^^^
KeyError: 'font'
2025-12-31 11:06:38,335 - Global - CRITICAL - Uncaught exception
Traceback (most recent call last):
  File "G:\AICoding\luscreen\src\screenshot_editor.py", line 370, in paintEvent
    draw_item(painter, item)
    ~~~~~~~~~^^^^^^^^^^^^^^^
  File "G:\AICoding\luscreen\src\screenshot_editor.py", line 365, in draw_item
    painter.setFont(item['font'])
                    ~~~~^^^^^^^^
KeyError: 'font'
2025-12-31 11:06:38,343 - Global - CRITICAL - Uncaught exception
Traceback (most recent call last):
  File "G:\AICoding\luscreen\src\screenshot_editor.py", line 370, in paintEvent
    draw_item(painter, item)
    ~~~~~~~~~^^^^^^^^^^^^^^^
  File "G:\AICoding\luscreen\src\screenshot_editor.py", line 365, in draw_item
    painter.setFont(item['font'])
                    ~~~~^^^^^^^^
KeyError: 'font'
2025-12-31 11:06:38,352 - Global - CRITICAL - Uncaught exception
Traceback (most recent call last):
  File "G:\AICoding\luscreen\src\screenshot_editor.py", line 370, in paintEvent
    draw_item(painter, item)
    ~~~~~~~~~^^^^^^^^^^^^^^^
  File "G:\AICoding\luscreen\src\screenshot_editor.py", line 365, in draw_item
    painter.setFont(item['font'])
                    ~~~~^^^^^^^^
KeyError: 'font'
2025-12-31 11:06:38,359 - Global - CRITICAL - Uncaught exception
Traceback (most recent call last):
  File "G:\AICoding\luscreen\src\screenshot_editor.py", line 370, in paintEvent
    draw_item(painter, item)
    ~~~~~~~~~^^^^^^^^^^^^^^^
  File "G:\AICoding\luscreen\src\screenshot_editor.py", line 365, in draw_item
    painter.setFont(item['font'])
                    ~~~~^^^^^^^^
KeyError: 'font'
2025-12-31 11:06:38,367 - Global - CRITICAL - Uncaught exception
Traceback (most recent call last):
  File "G:\AICoding\luscreen\src\screenshot_editor.py", line 370, in paintEvent
    draw_item(painter, item)
    ~~~~~~~~~^^^^^^^^^^^^^^^
  File "G:\AICoding\luscreen\src\screenshot_editor.py", line 365, in draw_item
    painter.setFont(item['font'])
                    ~~~~^^^^^^^^
KeyError: 'font'
2025-12-31 11:06:38,375 - Global - CRITICAL - Uncaught exception
Traceback (most recent call last):
  File "G:\AICoding\luscreen\src\screenshot_editor.py", line 370, in paintEvent
    draw_item(painter, item)
    ~~~~~~~~~^^^^^^^^^^^^^^^
  File "G:\AICoding\luscreen\src\screenshot_editor.py", line 365, in draw_item
    painter.setFont(item['font'])
                    ~~~~^^^^^^^^
KeyError: 'font'
2025-12-31 11:06:38,384 - Global - CRITICAL - Uncaught exception
Traceback (most recent call last):
  File "G:\AICoding\luscreen\src\screenshot_editor.py", line 370, in paintEvent
    draw_item(painter, item)
    ~~~~~~~~~^^^^^^^^^^^^^^^
  File "G:\AICoding\luscreen\src\screenshot_editor.py", line 365, in draw_item
    painter.setFont(item['font'])
                    ~~~~^^^^^^^^
KeyError: 'font'
2025-12-31 11:06:38,391 - Global - CRITICAL - Uncaught exception
Traceback (most recent call last):
  File "G:\AICoding\luscreen\src\screenshot_editor.py", line 370, in paintEvent
    draw_item(painter, item)
    ~~~~~~~~~^^^^^^^^^^^^^^^
  File "G:\AICoding\luscreen\src\screenshot_editor.py", line 365, in draw_item
    painter.setFont(item['font'])
                    ~~~~^^^^^^^^
KeyError: 'font'
2025-12-31 11:06:38,399 - Global - CRITICAL - Uncaught exception
Traceback (most recent call last):
  File "G:\AICoding\luscreen\src\screenshot_editor.py", line 370, in paintEvent
    draw_item(painter, item)
    ~~~~~~~~~^^^^^^^^^^^^^^^
  File "G:\AICoding\luscreen\src\screenshot_editor.py", line 365, in draw_item
    painter.setFont(item['font'])
                    ~~~~^^^^^^^^
KeyError: 'font'
2025-12-31 11:06:38,407 - Global - CRITICAL - Uncaught exception
Traceback (most recent call last):
  File "G:\AICoding\luscreen\src\screenshot_editor.py", line 370, in paintEvent
    draw_item(painter, item)
    ~~~~~~~~~^^^^^^^^^^^^^^^
  File "G:\AICoding\luscreen\src\screenshot_editor.py", line 365, in draw_item
    painter.setFont(item['font'])
                    ~~~~^^^^^^^^
KeyError: 'font'
2025-12-31 11:06:38,416 - Global - CRITICAL - Uncaught exception
Traceback (most recent call last):
  File "G:\AICoding\luscreen\src\screenshot_editor.py", line 370, in paintEvent
    draw_item(painter, item)
    ~~~~~~~~~^^^^^^^^^^^^^^^
  File "G:\AICoding\luscreen\src\screenshot_editor.py", line 365, in draw_item
    painter.setFont(item['font'])
                    ~~~~^^^^^^^^
KeyError: 'font'
2025-12-31 11:06:38,423 - Global - CRITICAL - Uncaught exception
Traceback (most recent call last):
  File "G:\AICoding\luscreen\src\screenshot_editor.py", line 370, in paintEvent
    draw_item(painter, item)
    ~~~~~~~~~^^^^^^^^^^^^^^^
  File "G:\AICoding\luscreen\src\screenshot_editor.py", line 365, in draw_item
    painter.setFont(item['font'])
                    ~~~~^^^^^^^^
KeyError: 'font'
2025-12-31 11:06:38,432 - Global - CRITICAL - Uncaught exception
Traceback (most recent call last):
  File "G:\AICoding\luscreen\src\screenshot_editor.py", line 370, in paintEvent
    draw_item(painter, item)
    ~~~~~~~~~^^^^^^^^^^^^^^^
  File "G:\AICoding\luscreen\src\screenshot_editor.py", line 365, in draw_item
    painter.setFont(item['font'])
                    ~~~~^^^^^^^^
KeyError: 'font'
2025-12-31 11:06:38,439 - Global - CRITICAL - Uncaught exception
Traceback (most recent call last):
  File "G:\AICoding\luscreen\src\screenshot_editor.py", line 370, in paintEvent
    draw_item(painter, item)
    ~~~~~~~~~^^^^^^^^^^^^^^^
  File "G:\AICoding\luscreen\src\screenshot_editor.py", line 365, in draw_item
    painter.setFont(item['font'])
                    ~~~~^^^^^^^^
KeyError: 'font'
2025-12-31 11:06:38,456 - Global - CRITICAL - Uncaught exception
Traceback (most recent call last):
  File "G:\AICoding\luscreen\src\screenshot_editor.py", line 370, in paintEvent
    draw_item(painter, item)
    ~~~~~~~~~^^^^^^^^^^^^^^^
  File "G:\AICoding\luscreen\src\screenshot_editor.py", line 365, in draw_item
    painter.setFont(item['font'])
                    ~~~~^^^^^^^^
KeyError: 'font'
2025-12-31 11:06:38,480 - Global - CRITICAL - Uncaught exception
Traceback (most recent call last):
  File "G:\AICoding\luscreen\src\screenshot_editor.py", line 370, in paintEvent
    draw_item(painter, item)
    ~~~~~~~~~^^^^^^^^^^^^^^^
  File "G:\AICoding\luscreen\src\screenshot_editor.py", line 365, in draw_item
    painter.setFont(item['font'])
                    ~~~~^^^^^^^^
KeyError: 'font'
2025-12-31 11:06:38,486 - Global - CRITICAL - Uncaught exception
Traceback (most recent call last):
  File "G:\AICoding\luscreen\src\screenshot_editor.py", line 370, in paintEvent
    draw_item(painter, item)
    ~~~~~~~~~^^^^^^^^^^^^^^^
  File "G:\AICoding\luscreen\src\screenshot_editor.py", line 365, in draw_item
    painter.setFont(item['font'])
                    ~~~~^^^^^^^^
KeyError: 'font'
2025-12-31 11:06:38,583 - Global - CRITICAL - Uncaught exception
Traceback (most recent call last):
  File "G:\AICoding\luscreen\src\screenshot_editor.py", line 370, in paintEvent
    draw_item(painter, item)
    ~~~~~~~~~^^^^^^^^^^^^^^^
  File "G:\AICoding\luscreen\src\screenshot_editor.py", line 365, in draw_item
    painter.setFont(item['font'])
                    ~~~~^^^^^^^^
KeyError: 'font'
2025-12-31 11:06:38,680 - Global - CRITICAL - Uncaught exception
Traceback (most recent call last):
  File "G:\AICoding\luscreen\src\screenshot_editor.py", line 370, in paintEvent
    draw_item(painter, item)
    ~~~~~~~~~^^^^^^^^^^^^^^^
  File "G:\AICoding\luscreen\src\screenshot_editor.py", line 365, in draw_item
    painter.setFont(item['font'])
                    ~~~~^^^^^^^^
KeyError: 'font'
2025-12-31 11:06:38,696 - Global - CRITICAL - Uncaught exception
Traceback (most recent call last):
  File "G:\AICoding\luscreen\src\screenshot_editor.py", line 370, in paintEvent
    draw_item(painter, item)
    ~~~~~~~~~^^^^^^^^^^^^^^^
  File "G:\AICoding\luscreen\src\screenshot_editor.py", line 365, in draw_item
    painter.setFont(item['font'])
                    ~~~~^^^^^^^^
KeyError: 'font'
2025-12-31 11:06:38,703 - Global - CRITICAL - Uncaught exception
Traceback (most recent call last):
  File "G:\AICoding\luscreen\src\screenshot_editor.py", line 370, in paintEvent
    draw_item(painter, item)
    ~~~~~~~~~^^^^^^^^^^^^^^^
  File "G:\AICoding\luscreen\src\screenshot_editor.py", line 365, in draw_item
    painter.setFont(item['font'])
                    ~~~~^^^^^^^^
KeyError: 'font'
2025-12-31 11:06:38,720 - Global - CRITICAL - Uncaught exception
Traceback (most recent call last):
  File "G:\AICoding\luscreen\src\screenshot_editor.py", line 370, in paintEvent
    draw_item(painter, item)
    ~~~~~~~~~^^^^^^^^^^^^^^^
  File "G:\AICoding\luscreen\src\screenshot_editor.py", line 365, in draw_item
    painter.setFont(item['font'])
                    ~~~~^^^^^^^^
KeyError: 'font'
2025-12-31 11:06:38,736 - Global - CRITICAL - Uncaught exception
Traceback (most recent call last):
  File "G:\AICoding\luscreen\src\screenshot_editor.py", line 370, in paintEvent
    draw_item(painter, item)
    ~~~~~~~~~^^^^^^^^^^^^^^^
  File "G:\AICoding\luscreen\src\screenshot_editor.py", line 365, in draw_item
    painter.setFont(item['font'])
                    ~~~~^^^^^^^^
KeyError: 'font'
2025-12-31 11:06:38,768 - Global - CRITICAL - Uncaught exception
Traceback (most recent call last):
  File "G:\AICoding\luscreen\src\screenshot_editor.py", line 370, in paintEvent
    draw_item(painter, item)
    ~~~~~~~~~^^^^^^^^^^^^^^^
  File "G:\AICoding\luscreen\src\screenshot_editor.py", line 365, in draw_item
    painter.setFont(item['font'])
                    ~~~~^^^^^^^^
KeyError: 'font'
2025-12-31 11:06:38,792 - Global - CRITICAL - Uncaught exception
Traceback (most recent call last):
  File "G:\AICoding\luscreen\src\screenshot_editor.py", line 370, in paintEvent
    draw_item(painter, item)
    ~~~~~~~~~^^^^^^^^^^^^^^^
  File "G:\AICoding\luscreen\src\screenshot_editor.py", line 365, in draw_item
    painter.setFont(item['font'])
                    ~~~~^^^^^^^^
KeyError: 'font'
2025-12-31 11:06:38,798 - Global - CRITICAL - Uncaught exception
Traceback (most recent call last):
  File "G:\AICoding\luscreen\src\screenshot_editor.py", line 370, in paintEvent
    draw_item(painter, item)
    ~~~~~~~~~^^^^^^^^^^^^^^^
  File "G:\AICoding\luscreen\src\screenshot_editor.py", line 365, in draw_item
    painter.setFont(item['font'])
                    ~~~~^^^^^^^^
KeyError: 'font'
2025-12-31 11:06:38,808 - Global - CRITICAL - Uncaught exception
Traceback (most recent call last):
  File "G:\AICoding\luscreen\src\screenshot_editor.py", line 370, in paintEvent
    draw_item(painter, item)
    ~~~~~~~~~^^^^^^^^^^^^^^^
  File "G:\AICoding\luscreen\src\screenshot_editor.py", line 365, in draw_item
    painter.setFont(item['font'])
                    ~~~~^^^^^^^^
KeyError: 'font'
2025-12-31 11:06:38,815 - Global - CRITICAL - Uncaught exception
Traceback (most recent call last):
  File "G:\AICoding\luscreen\src\screenshot_editor.py", line 370, in paintEvent
    draw_item(painter, item)
    ~~~~~~~~~^^^^^^^^^^^^^^^
  File "G:\AICoding\luscreen\src\screenshot_editor.py", line 365, in draw_item
    painter.setFont(item['font'])
                    ~~~~^^^^^^^^
KeyError: 'font'
2025-12-31 11:06:38,823 - Global - CRITICAL - Uncaught exception
Traceback (most recent call last):
  File "G:\AICoding\luscreen\src\screenshot_editor.py", line 370, in paintEvent
    draw_item(painter, item)
    ~~~~~~~~~^^^^^^^^^^^^^^^
  File "G:\AICoding\luscreen\src\screenshot_editor.py", line 365, in draw_item
    painter.setFont(item['font'])
                    ~~~~^^^^^^^^
KeyError: 'font'
2025-12-31 11:06:38,831 - Global - CRITICAL - Uncaught exception
Traceback (most recent call last):
  File "G:\AICoding\luscreen\src\screenshot_editor.py", line 370, in paintEvent
    draw_item(painter, item)
    ~~~~~~~~~^^^^^^^^^^^^^^^
  File "G:\AICoding\luscreen\src\screenshot_editor.py", line 365, in draw_item
    painter.setFont(item['font'])
                    ~~~~^^^^^^^^
KeyError: 'font'
2025-12-31 11:06:38,839 - Global - CRITICAL - Uncaught exception
Traceback (most recent call last):
  File "G:\AICoding\luscreen\src\screenshot_editor.py", line 370, in paintEvent
    draw_item(painter, item)
    ~~~~~~~~~^^^^^^^^^^^^^^^
  File "G:\AICoding\luscreen\src\screenshot_editor.py", line 365, in draw_item
    painter.setFont(item['font'])
                    ~~~~^^^^^^^^
KeyError: 'font'
2025-12-31 11:06:38,847 - Global - CRITICAL - Uncaught exception
Traceback (most recent call last):
  File "G:\AICoding\luscreen\src\screenshot_editor.py", line 370, in paintEvent
    draw_item(painter, item)
    ~~~~~~~~~^^^^^^^^^^^^^^^
  File "G:\AICoding\luscreen\src\screenshot_editor.py", line 365, in draw_item
    painter.setFont(item['font'])
                    ~~~~^^^^^^^^
KeyError: 'font'
2025-12-31 11:06:38,855 - Global - CRITICAL - Uncaught exception
Traceback (most recent call last):
  File "G:\AICoding\luscreen\src\screenshot_editor.py", line 370, in paintEvent
    draw_item(painter, item)
    ~~~~~~~~~^^^^^^^^^^^^^^^
  File "G:\AICoding\luscreen\src\screenshot_editor.py", line 365, in draw_item
    painter.setFont(item['font'])
                    ~~~~^^^^^^^^
KeyError: 'font'
2025-12-31 11:06:38,863 - Global - CRITICAL - Uncaught exception
Traceback (most recent call last):
  File "G:\AICoding\luscreen\src\screenshot_editor.py", line 370, in paintEvent
    draw_item(painter, item)
    ~~~~~~~~~^^^^^^^^^^^^^^^
  File "G:\AICoding\luscreen\src\screenshot_editor.py", line 365, in draw_item
    painter.setFont(item['font'])
                    ~~~~^^^^^^^^
KeyError: 'font'
2025-12-31 11:06:38,872 - Global - CRITICAL - Uncaught exception
Traceback (most recent call last):
  File "G:\AICoding\luscreen\src\screenshot_editor.py", line 370, in paintEvent
    draw_item(painter, item)
    ~~~~~~~~~^^^^^^^^^^^^^^^
  File "G:\AICoding\luscreen\src\screenshot_editor.py", line 365, in draw_item
    painter.setFont(item['font'])
                    ~~~~^^^^^^^^
KeyError: 'font'
2025-12-31 11:06:38,879 - Global - CRITICAL - Uncaught exception
Traceback (most recent call last):
  File "G:\AICoding\luscreen\src\screenshot_editor.py", line 370, in paintEvent
    draw_item(painter, item)
    ~~~~~~~~~^^^^^^^^^^^^^^^
  File "G:\AICoding\luscreen\src\screenshot_editor.py", line 365, in draw_item
    painter.setFont(item['font'])
                    ~~~~^^^^^^^^
KeyError: 'font'
2025-12-31 11:06:38,888 - Global - CRITICAL - Uncaught exception
Traceback (most recent call last):
  File "G:\AICoding\luscreen\src\screenshot_editor.py", line 370, in paintEvent
    draw_item(painter, item)
    ~~~~~~~~~^^^^^^^^^^^^^^^
  File "G:\AICoding\luscreen\src\screenshot_editor.py", line 365, in draw_item
    painter.setFont(item['font'])
                    ~~~~^^^^^^^^
KeyError: 'font'
2025-12-31 11:06:38,895 - Global - CRITICAL - Uncaught exception
Traceback (most recent call last):
  File "G:\AICoding\luscreen\src\screenshot_editor.py", line 370, in paintEvent
    draw_item(painter, item)
    ~~~~~~~~~^^^^^^^^^^^^^^^
  File "G:\AICoding\luscreen\src\screenshot_editor.py", line 365, in draw_item
    painter.setFont(item['font'])
                    ~~~~^^^^^^^^
KeyError: 'font'
2025-12-31 11:06:38,903 - Global - CRITICAL - Uncaught exception
Traceback (most recent call last):
  File "G:\AICoding\luscreen\src\screenshot_editor.py", line 370, in paintEvent
    draw_item(painter, item)
    ~~~~~~~~~^^^^^^^^^^^^^^^
  File "G:\AICoding\luscreen\src\screenshot_editor.py", line 365, in draw_item
    painter.setFont(item['font'])
                    ~~~~^^^^^^^^
KeyError: 'font'
2025-12-31 11:06:38,911 - Global - CRITICAL - Uncaught exception
Traceback (most recent call last):
  File "G:\AICoding\luscreen\src\screenshot_editor.py", line 370, in paintEvent
    draw_item(painter, item)
    ~~~~~~~~~^^^^^^^^^^^^^^^
  File "G:\AICoding\luscreen\src\screenshot_editor.py", line 365, in draw_item
    painter.setFont(item['font'])
                    ~~~~^^^^^^^^
KeyError: 'font'
2025-12-31 11:06:38,920 - Global - CRITICAL - Uncaught exception
Traceback (most recent call last):
  File "G:\AICoding\luscreen\src\screenshot_editor.py", line 370, in paintEvent
    draw_item(painter, item)
    ~~~~~~~~~^^^^^^^^^^^^^^^
  File "G:\AICoding\luscreen\src\screenshot_editor.py", line 365, in draw_item
    painter.setFont(item['font'])
                    ~~~~^^^^^^^^
KeyError: 'font'
2025-12-31 11:06:38,943 - Global - CRITICAL - Uncaught exception
Traceback (most recent call last):
  File "G:\AICoding\luscreen\src\screenshot_editor.py", line 370, in paintEvent
    draw_item(painter, item)
    ~~~~~~~~~^^^^^^^^^^^^^^^
  File "G:\AICoding\luscreen\src\screenshot_editor.py", line 365, in draw_item
    painter.setFont(item['font'])
                    ~~~~^^^^^^^^
KeyError: 'font'
2025-12-31 11:06:38,952 - Global - CRITICAL - Uncaught exception
Traceback (most recent call last):
  File "G:\AICoding\luscreen\src\screenshot_editor.py", line 370, in paintEvent
    draw_item(painter, item)
    ~~~~~~~~~^^^^^^^^^^^^^^^
  File "G:\AICoding\luscreen\src\screenshot_editor.py", line 365, in draw_item
    painter.setFont(item['font'])
                    ~~~~^^^^^^^^
KeyError: 'font'
2025-12-31 11:06:39,025 - Global - CRITICAL - Uncaught exception
Traceback (most recent call last):
  File "G:\AICoding\luscreen\src\screenshot_editor.py", line 370, in paintEvent
    draw_item(painter, item)
    ~~~~~~~~~^^^^^^^^^^^^^^^
  File "G:\AICoding\luscreen\src\screenshot_editor.py", line 365, in draw_item
    painter.setFont(item['font'])
                    ~~~~^^^^^^^^
KeyError: 'font'
2025-12-31 11:06:41,343 - Global - CRITICAL - Uncaught exception
Traceback (most recent call last):
  File "G:\AICoding\luscreen\src\screenshot_editor.py", line 370, in paintEvent
    draw_item(painter, item)
    ~~~~~~~~~^^^^^^^^^^^^^^^
  File "G:\AICoding\luscreen\src\screenshot_editor.py", line 365, in draw_item
    painter.setFont(item['font'])
                    ~~~~^^^^^^^^
KeyError: 'font'
2025-12-31 11:06:41,352 - Global - CRITICAL - Uncaught exception
Traceback (most recent call last):
  File "G:\AICoding\luscreen\src\screenshot_editor.py", line 370, in paintEvent
    draw_item(painter, item)
    ~~~~~~~~~^^^^^^^^^^^^^^^
  File "G:\AICoding\luscreen\src\screenshot_editor.py", line 365, in draw_item
    painter.setFont(item['font'])
                    ~~~~^^^^^^^^
KeyError: 'font'
2025-12-31 11:06:41,359 - Global - CRITICAL - Uncaught exception
Traceback (most recent call last):
  File "G:\AICoding\luscreen\src\screenshot_editor.py", line 370, in paintEvent
    draw_item(painter, item)
    ~~~~~~~~~^^^^^^^^^^^^^^^
  File "G:\AICoding\luscreen\src\screenshot_editor.py", line 365, in draw_item
    painter.setFont(item['font'])
                    ~~~~^^^^^^^^
KeyError: 'font'
2025-12-31 11:06:41,368 - Global - CRITICAL - Uncaught exception
Traceback (most recent call last):
  File "G:\AICoding\luscreen\src\screenshot_editor.py", line 370, in paintEvent
    draw_item(painter, item)
    ~~~~~~~~~^^^^^^^^^^^^^^^
  File "G:\AICoding\luscreen\src\screenshot_editor.py", line 365, in draw_item
    painter.setFont(item['font'])
                    ~~~~^^^^^^^^
KeyError: 'font'
2025-12-31 11:06:41,375 - Global - CRITICAL - Uncaught exception
Traceback (most recent call last):
  File "G:\AICoding\luscreen\src\screenshot_editor.py", line 370, in paintEvent
    draw_item(painter, item)
    ~~~~~~~~~^^^^^^^^^^^^^^^
  File "G:\AICoding\luscreen\src\screenshot_editor.py", line 365, in draw_item
    painter.setFont(item['font'])
                    ~~~~^^^^^^^^
KeyError: 'font'
2025-12-31 11:06:41,384 - Global - CRITICAL - Uncaught exception
Traceback (most recent call last):
  File "G:\AICoding\luscreen\src\screenshot_editor.py", line 370, in paintEvent
    draw_item(painter, item)
    ~~~~~~~~~^^^^^^^^^^^^^^^
  File "G:\AICoding\luscreen\src\screenshot_editor.py", line 365, in draw_item
    painter.setFont(item['font'])
                    ~~~~^^^^^^^^
KeyError: 'font'
2025-12-31 11:06:41,391 - Global - CRITICAL - Uncaught exception
Traceback (most recent call last):
  File "G:\AICoding\luscreen\src\screenshot_editor.py", line 370, in paintEvent
    draw_item(painter, item)
    ~~~~~~~~~^^^^^^^^^^^^^^^
  File "G:\AICoding\luscreen\src\screenshot_editor.py", line 365, in draw_item
    painter.setFont(item['font'])
                    ~~~~^^^^^^^^
KeyError: 'font'
2025-12-31 11:06:41,400 - Global - CRITICAL - Uncaught exception
Traceback (most recent call last):
  File "G:\AICoding\luscreen\src\screenshot_editor.py", line 370, in paintEvent
    draw_item(painter, item)
    ~~~~~~~~~^^^^^^^^^^^^^^^
  File "G:\AICoding\luscreen\src\screenshot_editor.py", line 365, in draw_item
    painter.setFont(item['font'])
                    ~~~~^^^^^^^^
KeyError: 'font'
2025-12-31 11:06:41,406 - Global - CRITICAL - Uncaught exception
Traceback (most recent call last):
  File "G:\AICoding\luscreen\src\screenshot_editor.py", line 370, in paintEvent
    draw_item(painter, item)
    ~~~~~~~~~^^^^^^^^^^^^^^^
  File "G:\AICoding\luscreen\src\screenshot_editor.py", line 365, in draw_item
    painter.setFont(item['font'])
                    ~~~~^^^^^^^^
KeyError: 'font'
2025-12-31 11:06:41,416 - Global - CRITICAL - Uncaught exception
Traceback (most recent call last):
  File "G:\AICoding\luscreen\src\screenshot_editor.py", line 370, in paintEvent
    draw_item(painter, item)
    ~~~~~~~~~^^^^^^^^^^^^^^^
  File "G:\AICoding\luscreen\src\screenshot_editor.py", line 365, in draw_item
    painter.setFont(item['font'])
                    ~~~~^^^^^^^^
KeyError: 'font'
2025-12-31 11:06:41,423 - Global - CRITICAL - Uncaught exception
Traceback (most recent call last):
  File "G:\AICoding\luscreen\src\screenshot_editor.py", line 370, in paintEvent
    draw_item(painter, item)
    ~~~~~~~~~^^^^^^^^^^^^^^^
  File "G:\AICoding\luscreen\src\screenshot_editor.py", line 365, in draw_item
    painter.setFont(item['font'])
                    ~~~~^^^^^^^^
KeyError: 'font'
2025-12-31 11:06:41,432 - Global - CRITICAL - Uncaught exception
Traceback (most recent call last):
  File "G:\AICoding\luscreen\src\screenshot_editor.py", line 370, in paintEvent
    draw_item(painter, item)
    ~~~~~~~~~^^^^^^^^^^^^^^^
  File "G:\AICoding\luscreen\src\screenshot_editor.py", line 365, in draw_item
    painter.setFont(item['font'])
                    ~~~~^^^^^^^^
KeyError: 'font'
2025-12-31 11:06:41,438 - Global - CRITICAL - Uncaught exception
Traceback (most recent call last):
  File "G:\AICoding\luscreen\src\screenshot_editor.py", line 370, in paintEvent
    draw_item(painter, item)
    ~~~~~~~~~^^^^^^^^^^^^^^^
  File "G:\AICoding\luscreen\src\screenshot_editor.py", line 365, in draw_item
    painter.setFont(item['font'])
                    ~~~~^^^^^^^^
KeyError: 'font'
2025-12-31 11:06:41,448 - Global - CRITICAL - Uncaught exception
Traceback (most recent call last):
  File "G:\AICoding\luscreen\src\screenshot_editor.py", line 370, in paintEvent
    draw_item(painter, item)
    ~~~~~~~~~^^^^^^^^^^^^^^^
  File "G:\AICoding\luscreen\src\screenshot_editor.py", line 365, in draw_item
    painter.setFont(item['font'])
                    ~~~~^^^^^^^^
KeyError: 'font'
2025-12-31 11:06:41,455 - Global - CRITICAL - Uncaught exception
Traceback (most recent call last):
  File "G:\AICoding\luscreen\src\screenshot_editor.py", line 370, in paintEvent
    draw_item(painter, item)
    ~~~~~~~~~^^^^^^^^^^^^^^^
  File "G:\AICoding\luscreen\src\screenshot_editor.py", line 365, in draw_item
    painter.setFont(item['font'])
                    ~~~~^^^^^^^^
KeyError: 'font'
2025-12-31 11:06:41,464 - Global - CRITICAL - Uncaught exception
Traceback (most recent call last):
  File "G:\AICoding\luscreen\src\screenshot_editor.py", line 370, in paintEvent
    draw_item(painter, item)
    ~~~~~~~~~^^^^^^^^^^^^^^^
  File "G:\AICoding\luscreen\src\screenshot_editor.py", line 365, in draw_item
    painter.setFont(item['font'])
                    ~~~~^^^^^^^^
KeyError: 'font'
2025-12-31 11:06:41,471 - Global - CRITICAL - Uncaught exception
Traceback (most recent call last):
  File "G:\AICoding\luscreen\src\screenshot_editor.py", line 370, in paintEvent
    draw_item(painter, item)
    ~~~~~~~~~^^^^^^^^^^^^^^^
  File "G:\AICoding\luscreen\src\screenshot_editor.py", line 365, in draw_item
    painter.setFont(item['font'])
                    ~~~~^^^^^^^^
KeyError: 'font'
2025-12-31 11:06:41,480 - Global - CRITICAL - Uncaught exception
Traceback (most recent call last):
  File "G:\AICoding\luscreen\src\screenshot_editor.py", line 370, in paintEvent
    draw_item(painter, item)
    ~~~~~~~~~^^^^^^^^^^^^^^^
  File "G:\AICoding\luscreen\src\screenshot_editor.py", line 365, in draw_item
    painter.setFont(item['font'])
                    ~~~~^^^^^^^^
KeyError: 'font'
2025-12-31 11:06:41,487 - Global - CRITICAL - Uncaught exception
Traceback (most recent call last):
  File "G:\AICoding\luscreen\src\screenshot_editor.py", line 370, in paintEvent
    draw_item(painter, item)
    ~~~~~~~~~^^^^^^^^^^^^^^^
  File "G:\AICoding\luscreen\src\screenshot_editor.py", line 365, in draw_item
    painter.setFont(item['font'])
                    ~~~~^^^^^^^^
KeyError: 'font'
2025-12-31 11:06:41,496 - Global - CRITICAL - Uncaught exception
Traceback (most recent call last):
  File "G:\AICoding\luscreen\src\screenshot_editor.py", line 370, in paintEvent
    draw_item(painter, item)
    ~~~~~~~~~^^^^^^^^^^^^^^^
  File "G:\AICoding\luscreen\src\screenshot_editor.py", line 365, in draw_item
    painter.setFont(item['font'])
                    ~~~~^^^^^^^^
KeyError: 'font'
2025-12-31 11:06:41,503 - Global - CRITICAL - Uncaught exception
Traceback (most recent call last):
  File "G:\AICoding\luscreen\src\screenshot_editor.py", line 370, in paintEvent
    draw_item(painter, item)
    ~~~~~~~~~^^^^^^^^^^^^^^^
  File "G:\AICoding\luscreen\src\screenshot_editor.py", line 365, in draw_item
    painter.setFont(item['font'])
                    ~~~~^^^^^^^^
KeyError: 'font'
2025-12-31 11:06:41,511 - Global - CRITICAL - Uncaught exception
Traceback (most recent call last):
  File "G:\AICoding\luscreen\src\screenshot_editor.py", line 370, in paintEvent
    draw_item(painter, item)
    ~~~~~~~~~^^^^^^^^^^^^^^^
  File "G:\AICoding\luscreen\src\screenshot_editor.py", line 365, in draw_item
    painter.setFont(item['font'])
                    ~~~~^^^^^^^^
KeyError: 'font'
2025-12-31 11:06:41,518 - Global - CRITICAL - Uncaught exception
Traceback (most recent call last):
  File "G:\AICoding\luscreen\src\screenshot_editor.py", line 370, in paintEvent
    draw_item(painter, item)
    ~~~~~~~~~^^^^^^^^^^^^^^^
  File "G:\AICoding\luscreen\src\screenshot_editor.py", line 365, in draw_item
    painter.setFont(item['font'])
                    ~~~~^^^^^^^^
KeyError: 'font'
2025-12-31 11:06:41,527 - Global - CRITICAL - Uncaught exception
Traceback (most recent call last):
  File "G:\AICoding\luscreen\src\screenshot_editor.py", line 370, in paintEvent
    draw_item(painter, item)
    ~~~~~~~~~^^^^^^^^^^^^^^^
  File "G:\AICoding\luscreen\src\screenshot_editor.py", line 365, in draw_item
    painter.setFont(item['font'])
                    ~~~~^^^^^^^^
KeyError: 'font'
2025-12-31 11:06:41,535 - Global - CRITICAL - Uncaught exception
Traceback (most recent call last):
  File "G:\AICoding\luscreen\src\screenshot_editor.py", line 370, in paintEvent
    draw_item(painter, item)
    ~~~~~~~~~^^^^^^^^^^^^^^^
  File "G:\AICoding\luscreen\src\screenshot_editor.py", line 365, in draw_item
    painter.setFont(item['font'])
                    ~~~~^^^^^^^^
KeyError: 'font'
2025-12-31 11:06:41,543 - Global - CRITICAL - Uncaught exception
Traceback (most recent call last):
  File "G:\AICoding\luscreen\src\screenshot_editor.py", line 370, in paintEvent
    draw_item(painter, item)
    ~~~~~~~~~^^^^^^^^^^^^^^^
  File "G:\AICoding\luscreen\src\screenshot_editor.py", line 365, in draw_item
    painter.setFont(item['font'])
                    ~~~~^^^^^^^^
KeyError: 'font'
2025-12-31 11:06:41,550 - Global - CRITICAL - Uncaught exception
Traceback (most recent call last):
  File "G:\AICoding\luscreen\src\screenshot_editor.py", line 370, in paintEvent
    draw_item(painter, item)
    ~~~~~~~~~^^^^^^^^^^^^^^^
  File "G:\AICoding\luscreen\src\screenshot_editor.py", line 365, in draw_item
    painter.setFont(item['font'])
                    ~~~~^^^^^^^^
KeyError: 'font'
2025-12-31 11:06:41,559 - Global - CRITICAL - Uncaught exception
Traceback (most recent call last):
  File "G:\AICoding\luscreen\src\screenshot_editor.py", line 370, in paintEvent
    draw_item(painter, item)
    ~~~~~~~~~^^^^^^^^^^^^^^^
  File "G:\AICoding\luscreen\src\screenshot_editor.py", line 365, in draw_item
    painter.setFont(item['font'])
                    ~~~~^^^^^^^^
KeyError: 'font'
2025-12-31 11:06:41,567 - Global - CRITICAL - Uncaught exception
Traceback (most recent call last):
  File "G:\AICoding\luscreen\src\screenshot_editor.py", line 370, in paintEvent
    draw_item(painter, item)
    ~~~~~~~~~^^^^^^^^^^^^^^^
  File "G:\AICoding\luscreen\src\screenshot_editor.py", line 365, in draw_item
    painter.setFont(item['font'])
                    ~~~~^^^^^^^^
KeyError: 'font'
2025-12-31 11:06:41,575 - Global - CRITICAL - Uncaught exception
Traceback (most recent call last):
  File "G:\AICoding\luscreen\src\screenshot_editor.py", line 370, in paintEvent
    draw_item(painter, item)
    ~~~~~~~~~^^^^^^^^^^^^^^^
  File "G:\AICoding\luscreen\src\screenshot_editor.py", line 365, in draw_item
    painter.setFont(item['font'])
                    ~~~~^^^^^^^^
KeyError: 'font'
2025-12-31 11:06:41,591 - Global - CRITICAL - Uncaught exception
Traceback (most recent call last):
  File "G:\AICoding\luscreen\src\screenshot_editor.py", line 370, in paintEvent
    draw_item(painter, item)
    ~~~~~~~~~^^^^^^^^^^^^^^^
  File "G:\AICoding\luscreen\src\screenshot_editor.py", line 365, in draw_item
    painter.setFont(item['font'])
                    ~~~~^^^^^^^^
KeyError: 'font'
2025-12-31 11:06:41,599 - Global - CRITICAL - Uncaught exception
Traceback (most recent call last):
  File "G:\AICoding\luscreen\src\screenshot_editor.py", line 370, in paintEvent
    draw_item(painter, item)
    ~~~~~~~~~^^^^^^^^^^^^^^^
  File "G:\AICoding\luscreen\src\screenshot_editor.py", line 365, in draw_item
    painter.setFont(item['font'])
                    ~~~~^^^^^^^^
KeyError: 'font'
2025-12-31 11:06:41,615 - Global - CRITICAL - Uncaught exception
Traceback (most recent call last):
  File "G:\AICoding\luscreen\src\screenshot_editor.py", line 370, in paintEvent
    draw_item(painter, item)
    ~~~~~~~~~^^^^^^^^^^^^^^^
  File "G:\AICoding\luscreen\src\screenshot_editor.py", line 365, in draw_item
    painter.setFont(item['font'])
                    ~~~~^^^^^^^^
KeyError: 'font'
2025-12-31 11:06:41,622 - Global - CRITICAL - Uncaught exception
Traceback (most recent call last):
  File "G:\AICoding\luscreen\src\screenshot_editor.py", line 370, in paintEvent
    draw_item(painter, item)
    ~~~~~~~~~^^^^^^^^^^^^^^^
  File "G:\AICoding\luscreen\src\screenshot_editor.py", line 365, in draw_item
    painter.setFont(item['font'])
                    ~~~~^^^^^^^^
KeyError: 'font'
2025-12-31 11:06:41,672 - Global - CRITICAL - Uncaught exception
Traceback (most recent call last):
  File "G:\AICoding\luscreen\src\screenshot_editor.py", line 370, in paintEvent
    draw_item(painter, item)
    ~~~~~~~~~^^^^^^^^^^^^^^^
  File "G:\AICoding\luscreen\src\screenshot_editor.py", line 365, in draw_item
    painter.setFont(item['font'])
                    ~~~~^^^^^^^^
KeyError: 'font'
2025-12-31 11:06:41,689 - Global - CRITICAL - Uncaught exception
Traceback (most recent call last):
  File "G:\AICoding\luscreen\src\screenshot_editor.py", line 370, in paintEvent
    draw_item(painter, item)
    ~~~~~~~~~^^^^^^^^^^^^^^^
  File "G:\AICoding\luscreen\src\screenshot_editor.py", line 365, in draw_item
    painter.setFont(item['font'])
                    ~~~~^^^^^^^^
KeyError: 'font'
2025-12-31 11:06:45,763 - Global - CRITICAL - Uncaught exception
Traceback (most recent call last):
  File "G:\AICoding\luscreen\src\screenshot_editor.py", line 453, in mousePressEvent
    idx = self.hit_test(event.pos())
  File "G:\AICoding\luscreen\src\screenshot_editor.py", line 418, in hit_test
    fm = QFontMetrics(item['font'])
                      ~~~~^^^^^^^^
KeyError: 'font'
2025-12-31 11:06:45,838 - Global - CRITICAL - Uncaught exception
Traceback (most recent call last):
  File "G:\AICoding\luscreen\src\screenshot_editor.py", line 493, in mouseMoveEvent
    idx = self.hit_test(event.pos())
  File "G:\AICoding\luscreen\src\screenshot_editor.py", line 418, in hit_test
    fm = QFontMetrics(item['font'])
                      ~~~~^^^^^^^^
KeyError: 'font'
2025-12-31 11:06:45,846 - Global - CRITICAL - Uncaught exception
Traceback (most recent call last):
  File "G:\AICoding\luscreen\src\screenshot_editor.py", line 493, in mouseMoveEvent
    idx = self.hit_test(event.pos())
  File "G:\AICoding\luscreen\src\screenshot_editor.py", line 418, in hit_test
    fm = QFontMetrics(item['font'])
                      ~~~~^^^^^^^^
KeyError: 'font'
2025-12-31 11:06:45,854 - Global - CRITICAL - Uncaught exception
Traceback (most recent call last):
  File "G:\AICoding\luscreen\src\screenshot_editor.py", line 493, in mouseMoveEvent
    idx = self.hit_test(event.pos())
  File "G:\AICoding\luscreen\src\screenshot_editor.py", line 418, in hit_test
    fm = QFontMetrics(item['font'])
                      ~~~~^^^^^^^^
KeyError: 'font'
2025-12-31 11:06:45,862 - Global - CRITICAL - Uncaught exception
Traceback (most recent call last):
  File "G:\AICoding\luscreen\src\screenshot_editor.py", line 493, in mouseMoveEvent
    idx = self.hit_test(event.pos())
  File "G:\AICoding\luscreen\src\screenshot_editor.py", line 418, in hit_test
    fm = QFontMetrics(item['font'])
                      ~~~~^^^^^^^^
KeyError: 'font'
2025-12-31 11:06:45,870 - Global - CRITICAL - Uncaught exception
Traceback (most recent call last):
  File "G:\AICoding\luscreen\src\screenshot_editor.py", line 493, in mouseMoveEvent
    idx = self.hit_test(event.pos())
  File "G:\AICoding\luscreen\src\screenshot_editor.py", line 418, in hit_test
    fm = QFontMetrics(item['font'])
                      ~~~~^^^^^^^^
KeyError: 'font'
2025-12-31 11:06:45,878 - Global - CRITICAL - Uncaught exception
Traceback (most recent call last):
  File "G:\AICoding\luscreen\src\screenshot_editor.py", line 493, in mouseMoveEvent
    idx = self.hit_test(event.pos())
  File "G:\AICoding\luscreen\src\screenshot_editor.py", line 418, in hit_test
    fm = QFontMetrics(item['font'])
                      ~~~~^^^^^^^^
KeyError: 'font'
2025-12-31 11:06:45,886 - Global - CRITICAL - Uncaught exception
Traceback (most recent call last):
  File "G:\AICoding\luscreen\src\screenshot_editor.py", line 493, in mouseMoveEvent
    idx = self.hit_test(event.pos())
  File "G:\AICoding\luscreen\src\screenshot_editor.py", line 418, in hit_test
    fm = QFontMetrics(item['font'])
                      ~~~~^^^^^^^^
KeyError: 'font'
2025-12-31 11:06:45,894 - Global - CRITICAL - Uncaught exception
Traceback (most recent call last):
  File "G:\AICoding\luscreen\src\screenshot_editor.py", line 493, in mouseMoveEvent
    idx = self.hit_test(event.pos())
  File "G:\AICoding\luscreen\src\screenshot_editor.py", line 418, in hit_test
    fm = QFontMetrics(item['font'])
                      ~~~~^^^^^^^^
KeyError: 'font'
2025-12-31 11:06:45,902 - Global - CRITICAL - Uncaught exception
Traceback (most recent call last):
  File "G:\AICoding\luscreen\src\screenshot_editor.py", line 493, in mouseMoveEvent
    idx = self.hit_test(event.pos())
  File "G:\AICoding\luscreen\src\screenshot_editor.py", line 418, in hit_test
    fm = QFontMetrics(item['font'])
                      ~~~~^^^^^^^^
KeyError: 'font'
2025-12-31 11:06:45,910 - Global - CRITICAL - Uncaught exception
Traceback (most recent call last):
  File "G:\AICoding\luscreen\src\screenshot_editor.py", line 493, in mouseMoveEvent
    idx = self.hit_test(event.pos())
  File "G:\AICoding\luscreen\src\screenshot_editor.py", line 418, in hit_test
    fm = QFontMetrics(item['font'])
                      ~~~~^^^^^^^^
KeyError: 'font'
2025-12-31 11:06:45,919 - Global - CRITICAL - Uncaught exception
Traceback (most recent call last):
  File "G:\AICoding\luscreen\src\screenshot_editor.py", line 493, in mouseMoveEvent
    idx = self.hit_test(event.pos())
  File "G:\AICoding\luscreen\src\screenshot_editor.py", line 418, in hit_test
    fm = QFontMetrics(item['font'])
                      ~~~~^^^^^^^^
KeyError: 'font'
2025-12-31 11:06:45,927 - Global - CRITICAL - Uncaught exception
Traceback (most recent call last):
  File "G:\AICoding\luscreen\src\screenshot_editor.py", line 493, in mouseMoveEvent
    idx = self.hit_test(event.pos())
  File "G:\AICoding\luscreen\src\screenshot_editor.py", line 418, in hit_test
    fm = QFontMetrics(item['font'])
                      ~~~~^^^^^^^^
KeyError: 'font'
2025-12-31 11:06:45,935 - Global - CRITICAL - Uncaught exception
Traceback (most recent call last):
  File "G:\AICoding\luscreen\src\screenshot_editor.py", line 493, in mouseMoveEvent
    idx = self.hit_test(event.pos())
  File "G:\AICoding\luscreen\src\screenshot_editor.py", line 418, in hit_test
    fm = QFontMetrics(item['font'])
                      ~~~~^^^^^^^^
KeyError: 'font'
2025-12-31 11:06:45,942 - Global - CRITICAL - Uncaught exception
Traceback (most recent call last):
  File "G:\AICoding\luscreen\src\screenshot_editor.py", line 493, in mouseMoveEvent
    idx = self.hit_test(event.pos())
  File "G:\AICoding\luscreen\src\screenshot_editor.py", line 418, in hit_test
    fm = QFontMetrics(item['font'])
                      ~~~~^^^^^^^^
KeyError: 'font'
2025-12-31 11:06:45,950 - Global - CRITICAL - Uncaught exception
Traceback (most recent call last):
  File "G:\AICoding\luscreen\src\screenshot_editor.py", line 493, in mouseMoveEvent
    idx = self.hit_test(event.pos())
  File "G:\AICoding\luscreen\src\screenshot_editor.py", line 418, in hit_test
    fm = QFontMetrics(item['font'])
                      ~~~~^^^^^^^^
KeyError: 'font'
2025-12-31 11:06:45,966 - Global - CRITICAL - Uncaught exception
Traceback (most recent call last):
  File "G:\AICoding\luscreen\src\screenshot_editor.py", line 493, in mouseMoveEvent
    idx = self.hit_test(event.pos())
  File "G:\AICoding\luscreen\src\screenshot_editor.py", line 418, in hit_test
    fm = QFontMetrics(item['font'])
                      ~~~~^^^^^^^^
KeyError: 'font'
2025-12-31 11:06:45,974 - Global - CRITICAL - Uncaught exception
Traceback (most recent call last):
  File "G:\AICoding\luscreen\src\screenshot_editor.py", line 493, in mouseMoveEvent
    idx = self.hit_test(event.pos())
  File "G:\AICoding\luscreen\src\screenshot_editor.py", line 418, in hit_test
    fm = QFontMetrics(item['font'])
                      ~~~~^^^^^^^^
KeyError: 'font'
2025-12-31 11:06:46,055 - Global - CRITICAL - Uncaught exception
Traceback (most recent call last):
  File "G:\AICoding\luscreen\src\screenshot_editor.py", line 493, in mouseMoveEvent
    idx = self.hit_test(event.pos())
  File "G:\AICoding\luscreen\src\screenshot_editor.py", line 418, in hit_test
    fm = QFontMetrics(item['font'])
                      ~~~~^^^^^^^^
KeyError: 'font'
2025-12-31 11:06:46,079 - Global - CRITICAL - Uncaught exception
Traceback (most recent call last):
  File "G:\AICoding\luscreen\src\screenshot_editor.py", line 493, in mouseMoveEvent
    idx = self.hit_test(event.pos())
  File "G:\AICoding\luscreen\src\screenshot_editor.py", line 418, in hit_test
    fm = QFontMetrics(item['font'])
                      ~~~~^^^^^^^^
KeyError: 'font'
2025-12-31 11:06:47,183 - Global - CRITICAL - Uncaught exception
Traceback (most recent call last):
  File "G:\AICoding\luscreen\src\screenshot_editor.py", line 370, in paintEvent
    draw_item(painter, item)
    ~~~~~~~~~^^^^^^^^^^^^^^^
  File "G:\AICoding\luscreen\src\screenshot_editor.py", line 365, in draw_item
    painter.setFont(item['font'])
                    ~~~~^^^^^^^^
KeyError: 'font'
2025-12-31 11:06:47,190 - Global - CRITICAL - Uncaught exception
Traceback (most recent call last):
  File "G:\AICoding\luscreen\src\screenshot_editor.py", line 370, in paintEvent
    draw_item(painter, item)
    ~~~~~~~~~^^^^^^^^^^^^^^^
  File "G:\AICoding\luscreen\src\screenshot_editor.py", line 365, in draw_item
    painter.setFont(item['font'])
                    ~~~~^^^^^^^^
KeyError: 'font'
2025-12-31 11:06:47,200 - Global - CRITICAL - Uncaught exception
Traceback (most recent call last):
  File "G:\AICoding\luscreen\src\screenshot_editor.py", line 370, in paintEvent
    draw_item(painter, item)
    ~~~~~~~~~^^^^^^^^^^^^^^^
  File "G:\AICoding\luscreen\src\screenshot_editor.py", line 365, in draw_item
    painter.setFont(item['font'])
                    ~~~~^^^^^^^^
KeyError: 'font'
2025-12-31 11:06:47,207 - Global - CRITICAL - Uncaught exception
Traceback (most recent call last):
  File "G:\AICoding\luscreen\src\screenshot_editor.py", line 370, in paintEvent
    draw_item(painter, item)
    ~~~~~~~~~^^^^^^^^^^^^^^^
  File "G:\AICoding\luscreen\src\screenshot_editor.py", line 365, in draw_item
    painter.setFont(item['font'])
                    ~~~~^^^^^^^^
KeyError: 'font'
2025-12-31 11:06:47,216 - Global - CRITICAL - Uncaught exception
Traceback (most recent call last):
  File "G:\AICoding\luscreen\src\screenshot_editor.py", line 370, in paintEvent
    draw_item(painter, item)
    ~~~~~~~~~^^^^^^^^^^^^^^^
  File "G:\AICoding\luscreen\src\screenshot_editor.py", line 365, in draw_item
    painter.setFont(item['font'])
                    ~~~~^^^^^^^^
KeyError: 'font'
2025-12-31 11:06:47,223 - Global - CRITICAL - Uncaught exception
Traceback (most recent call last):
  File "G:\AICoding\luscreen\src\screenshot_editor.py", line 370, in paintEvent
    draw_item(painter, item)
    ~~~~~~~~~^^^^^^^^^^^^^^^
  File "G:\AICoding\luscreen\src\screenshot_editor.py", line 365, in draw_item
    painter.setFont(item['font'])
                    ~~~~^^^^^^^^
KeyError: 'font'
2025-12-31 11:06:47,232 - Global - CRITICAL - Uncaught exception
Traceback (most recent call last):
  File "G:\AICoding\luscreen\src\screenshot_editor.py", line 370, in paintEvent
    draw_item(painter, item)
    ~~~~~~~~~^^^^^^^^^^^^^^^
  File "G:\AICoding\luscreen\src\screenshot_editor.py", line 365, in draw_item
    painter.setFont(item['font'])
                    ~~~~^^^^^^^^
KeyError: 'font'
2025-12-31 11:06:47,239 - Global - CRITICAL - Uncaught exception
Traceback (most recent call last):
  File "G:\AICoding\luscreen\src\screenshot_editor.py", line 370, in paintEvent
    draw_item(painter, item)
    ~~~~~~~~~^^^^^^^^^^^^^^^
  File "G:\AICoding\luscreen\src\screenshot_editor.py", line 365, in draw_item
    painter.setFont(item['font'])
                    ~~~~^^^^^^^^
KeyError: 'font'
2025-12-31 11:06:47,249 - Global - CRITICAL - Uncaught exception
Traceback (most recent call last):
  File "G:\AICoding\luscreen\src\screenshot_editor.py", line 370, in paintEvent
    draw_item(painter, item)
    ~~~~~~~~~^^^^^^^^^^^^^^^
  File "G:\AICoding\luscreen\src\screenshot_editor.py", line 365, in draw_item
    painter.setFont(item['font'])
                    ~~~~^^^^^^^^
KeyError: 'font'
2025-12-31 11:06:47,255 - Global - CRITICAL - Uncaught exception
Traceback (most recent call last):
  File "G:\AICoding\luscreen\src\screenshot_editor.py", line 370, in paintEvent
    draw_item(painter, item)
    ~~~~~~~~~^^^^^^^^^^^^^^^
  File "G:\AICoding\luscreen\src\screenshot_editor.py", line 365, in draw_item
    painter.setFont(item['font'])
                    ~~~~^^^^^^^^
KeyError: 'font'
2025-12-31 11:06:47,264 - Global - CRITICAL - Uncaught exception
Traceback (most recent call last):
  File "G:\AICoding\luscreen\src\screenshot_editor.py", line 370, in paintEvent
    draw_item(painter, item)
    ~~~~~~~~~^^^^^^^^^^^^^^^
  File "G:\AICoding\luscreen\src\screenshot_editor.py", line 365, in draw_item
    painter.setFont(item['font'])
                    ~~~~^^^^^^^^
KeyError: 'font'
2025-12-31 11:06:47,272 - Global - CRITICAL - Uncaught exception
Traceback (most recent call last):
  File "G:\AICoding\luscreen\src\screenshot_editor.py", line 370, in paintEvent
    draw_item(painter, item)
    ~~~~~~~~~^^^^^^^^^^^^^^^
  File "G:\AICoding\luscreen\src\screenshot_editor.py", line 365, in draw_item
    painter.setFont(item['font'])
                    ~~~~^^^^^^^^
KeyError: 'font'
2025-12-31 11:06:47,280 - Global - CRITICAL - Uncaught exception
Traceback (most recent call last):
  File "G:\AICoding\luscreen\src\screenshot_editor.py", line 370, in paintEvent
    draw_item(painter, item)
    ~~~~~~~~~^^^^^^^^^^^^^^^
  File "G:\AICoding\luscreen\src\screenshot_editor.py", line 365, in draw_item
    painter.setFont(item['font'])
                    ~~~~^^^^^^^^
KeyError: 'font'
2025-12-31 11:06:47,287 - Global - CRITICAL - Uncaught exception
Traceback (most recent call last):
  File "G:\AICoding\luscreen\src\screenshot_editor.py", line 370, in paintEvent
    draw_item(painter, item)
    ~~~~~~~~~^^^^^^^^^^^^^^^
  File "G:\AICoding\luscreen\src\screenshot_editor.py", line 365, in draw_item
    painter.setFont(item['font'])
                    ~~~~^^^^^^^^
KeyError: 'font'
2025-12-31 11:06:47,297 - Global - CRITICAL - Uncaught exception
Traceback (most recent call last):
  File "G:\AICoding\luscreen\src\screenshot_editor.py", line 370, in paintEvent
    draw_item(painter, item)
    ~~~~~~~~~^^^^^^^^^^^^^^^
  File "G:\AICoding\luscreen\src\screenshot_editor.py", line 365, in draw_item
    painter.setFont(item['font'])
                    ~~~~^^^^^^^^
KeyError: 'font'
2025-12-31 11:06:47,303 - Global - CRITICAL - Uncaught exception
Traceback (most recent call last):
  File "G:\AICoding\luscreen\src\screenshot_editor.py", line 370, in paintEvent
    draw_item(painter, item)
    ~~~~~~~~~^^^^^^^^^^^^^^^
  File "G:\AICoding\luscreen\src\screenshot_editor.py", line 365, in draw_item
    painter.setFont(item['font'])
                    ~~~~^^^^^^^^
KeyError: 'font'
2025-12-31 11:06:47,312 - Global - CRITICAL - Uncaught exception
Traceback (most recent call last):
  File "G:\AICoding\luscreen\src\screenshot_editor.py", line 370, in paintEvent
    draw_item(painter, item)
    ~~~~~~~~~^^^^^^^^^^^^^^^
  File "G:\AICoding\luscreen\src\screenshot_editor.py", line 365, in draw_item
    painter.setFont(item['font'])
                    ~~~~^^^^^^^^
KeyError: 'font'
2025-12-31 11:06:47,319 - Global - CRITICAL - Uncaught exception
Traceback (most recent call last):
  File "G:\AICoding\luscreen\src\screenshot_editor.py", line 370, in paintEvent
    draw_item(painter, item)
    ~~~~~~~~~^^^^^^^^^^^^^^^
  File "G:\AICoding\luscreen\src\screenshot_editor.py", line 365, in draw_item
    painter.setFont(item['font'])
                    ~~~~^^^^^^^^
KeyError: 'font'
2025-12-31 11:06:47,327 - Global - CRITICAL - Uncaught exception
Traceback (most recent call last):
  File "G:\AICoding\luscreen\src\screenshot_editor.py", line 370, in paintEvent
    draw_item(painter, item)
    ~~~~~~~~~^^^^^^^^^^^^^^^
  File "G:\AICoding\luscreen\src\screenshot_editor.py", line 365, in draw_item
    painter.setFont(item['font'])
                    ~~~~^^^^^^^^
KeyError: 'font'
2025-12-31 11:06:47,336 - Global - CRITICAL - Uncaught exception
Traceback (most recent call last):
  File "G:\AICoding\luscreen\src\screenshot_editor.py", line 370, in paintEvent
    draw_item(painter, item)
    ~~~~~~~~~^^^^^^^^^^^^^^^
  File "G:\AICoding\luscreen\src\screenshot_editor.py", line 365, in draw_item
    painter.setFont(item['font'])
                    ~~~~^^^^^^^^
KeyError: 'font'
2025-12-31 11:06:47,342 - Global - CRITICAL - Uncaught exception
Traceback (most recent call last):
  File "G:\AICoding\luscreen\src\screenshot_editor.py", line 370, in paintEvent
    draw_item(painter, item)
    ~~~~~~~~~^^^^^^^^^^^^^^^
  File "G:\AICoding\luscreen\src\screenshot_editor.py", line 365, in draw_item
    painter.setFont(item['font'])
                    ~~~~^^^^^^^^
KeyError: 'font'
2025-12-31 11:06:47,352 - Global - CRITICAL - Uncaught exception
Traceback (most recent call last):
  File "G:\AICoding\luscreen\src\screenshot_editor.py", line 370, in paintEvent
    draw_item(painter, item)
    ~~~~~~~~~^^^^^^^^^^^^^^^
  File "G:\AICoding\luscreen\src\screenshot_editor.py", line 365, in draw_item
    painter.setFont(item['font'])
                    ~~~~^^^^^^^^
KeyError: 'font'
2025-12-31 11:06:47,359 - Global - CRITICAL - Uncaught exception
Traceback (most recent call last):
  File "G:\AICoding\luscreen\src\screenshot_editor.py", line 370, in paintEvent
    draw_item(painter, item)
    ~~~~~~~~~^^^^^^^^^^^^^^^
  File "G:\AICoding\luscreen\src\screenshot_editor.py", line 365, in draw_item
    painter.setFont(item['font'])
                    ~~~~^^^^^^^^
KeyError: 'font'
2025-12-31 11:06:47,368 - Global - CRITICAL - Uncaught exception
Traceback (most recent call last):
  File "G:\AICoding\luscreen\src\screenshot_editor.py", line 370, in paintEvent
    draw_item(painter, item)
    ~~~~~~~~~^^^^^^^^^^^^^^^
  File "G:\AICoding\luscreen\src\screenshot_editor.py", line 365, in draw_item
    painter.setFont(item['font'])
                    ~~~~^^^^^^^^
KeyError: 'font'
2025-12-31 11:06:47,374 - Global - CRITICAL - Uncaught exception
Traceback (most recent call last):
  File "G:\AICoding\luscreen\src\screenshot_editor.py", line 370, in paintEvent
    draw_item(painter, item)
    ~~~~~~~~~^^^^^^^^^^^^^^^
  File "G:\AICoding\luscreen\src\screenshot_editor.py", line 365, in draw_item
    painter.setFont(item['font'])
                    ~~~~^^^^^^^^
KeyError: 'font'
2025-12-31 11:06:47,383 - Global - CRITICAL - Uncaught exception
Traceback (most recent call last):
  File "G:\AICoding\luscreen\src\screenshot_editor.py", line 370, in paintEvent
    draw_item(painter, item)
    ~~~~~~~~~^^^^^^^^^^^^^^^
  File "G:\AICoding\luscreen\src\screenshot_editor.py", line 365, in draw_item
    painter.setFont(item['font'])
                    ~~~~^^^^^^^^
KeyError: 'font'
2025-12-31 11:06:47,391 - Global - CRITICAL - Uncaught exception
Traceback (most recent call last):
  File "G:\AICoding\luscreen\src\screenshot_editor.py", line 370, in paintEvent
    draw_item(painter, item)
    ~~~~~~~~~^^^^^^^^^^^^^^^
  File "G:\AICoding\luscreen\src\screenshot_editor.py", line 365, in draw_item
    painter.setFont(item['font'])
                    ~~~~^^^^^^^^
KeyError: 'font'
2025-12-31 11:06:47,408 - Global - CRITICAL - Uncaught exception
Traceback (most recent call last):
  File "G:\AICoding\luscreen\src\screenshot_editor.py", line 370, in paintEvent
    draw_item(painter, item)
    ~~~~~~~~~^^^^^^^^^^^^^^^
  File "G:\AICoding\luscreen\src\screenshot_editor.py", line 365, in draw_item
    painter.setFont(item['font'])
                    ~~~~^^^^^^^^
KeyError: 'font'
2025-12-31 11:06:47,416 - Global - CRITICAL - Uncaught exception
Traceback (most recent call last):
  File "G:\AICoding\luscreen\src\screenshot_editor.py", line 370, in paintEvent
    draw_item(painter, item)
    ~~~~~~~~~^^^^^^^^^^^^^^^
  File "G:\AICoding\luscreen\src\screenshot_editor.py", line 365, in draw_item
    painter.setFont(item['font'])
                    ~~~~^^^^^^^^
KeyError: 'font'
2025-12-31 11:06:47,423 - Global - CRITICAL - Uncaught exception
Traceback (most recent call last):
  File "G:\AICoding\luscreen\src\screenshot_editor.py", line 370, in paintEvent
    draw_item(painter, item)
    ~~~~~~~~~^^^^^^^^^^^^^^^
  File "G:\AICoding\luscreen\src\screenshot_editor.py", line 365, in draw_item
    painter.setFont(item['font'])
                    ~~~~^^^^^^^^
KeyError: 'font'
2025-12-31 11:06:47,432 - Global - CRITICAL - Uncaught exception
Traceback (most recent call last):
  File "G:\AICoding\luscreen\src\screenshot_editor.py", line 370, in paintEvent
    draw_item(painter, item)
    ~~~~~~~~~^^^^^^^^^^^^^^^
  File "G:\AICoding\luscreen\src\screenshot_editor.py", line 365, in draw_item
    painter.setFont(item['font'])
                    ~~~~^^^^^^^^
KeyError: 'font'
2025-12-31 11:06:47,439 - Global - CRITICAL - Uncaught exception
Traceback (most recent call last):
  File "G:\AICoding\luscreen\src\screenshot_editor.py", line 370, in paintEvent
    draw_item(painter, item)
    ~~~~~~~~~^^^^^^^^^^^^^^^
  File "G:\AICoding\luscreen\src\screenshot_editor.py", line 365, in draw_item
    painter.setFont(item['font'])
                    ~~~~^^^^^^^^
KeyError: 'font'
2025-12-31 11:06:47,448 - Global - CRITICAL - Uncaught exception
Traceback (most recent call last):
  File "G:\AICoding\luscreen\src\screenshot_editor.py", line 370, in paintEvent
    draw_item(painter, item)
    ~~~~~~~~~^^^^^^^^^^^^^^^
  File "G:\AICoding\luscreen\src\screenshot_editor.py", line 365, in draw_item
    painter.setFont(item['font'])
                    ~~~~^^^^^^^^
KeyError: 'font'
2025-12-31 11:06:47,465 - Global - CRITICAL - Uncaught exception
Traceback (most recent call last):
  File "G:\AICoding\luscreen\src\screenshot_editor.py", line 370, in paintEvent
    draw_item(painter, item)
    ~~~~~~~~~^^^^^^^^^^^^^^^
  File "G:\AICoding\luscreen\src\screenshot_editor.py", line 365, in draw_item
    painter.setFont(item['font'])
                    ~~~~^^^^^^^^
KeyError: 'font'
2025-12-31 11:06:47,471 - Global - CRITICAL - Uncaught exception
Traceback (most recent call last):
  File "G:\AICoding\luscreen\src\screenshot_editor.py", line 370, in paintEvent
    draw_item(painter, item)
    ~~~~~~~~~^^^^^^^^^^^^^^^
  File "G:\AICoding\luscreen\src\screenshot_editor.py", line 365, in draw_item
    painter.setFont(item['font'])
                    ~~~~^^^^^^^^
KeyError: 'font'
2025-12-31 11:06:47,512 - Global - CRITICAL - Uncaught exception
Traceback (most recent call last):
  File "G:\AICoding\luscreen\src\screenshot_editor.py", line 370, in paintEvent
    draw_item(painter, item)
    ~~~~~~~~~^^^^^^^^^^^^^^^
  File "G:\AICoding\luscreen\src\screenshot_editor.py", line 365, in draw_item
    painter.setFont(item['font'])
                    ~~~~^^^^^^^^
KeyError: 'font'
2025-12-31 11:06:47,529 - Global - CRITICAL - Uncaught exception
Traceback (most recent call last):
  File "G:\AICoding\luscreen\src\screenshot_editor.py", line 370, in paintEvent
    draw_item(painter, item)
    ~~~~~~~~~^^^^^^^^^^^^^^^
  File "G:\AICoding\luscreen\src\screenshot_editor.py", line 365, in draw_item
    painter.setFont(item['font'])
                    ~~~~^^^^^^^^
KeyError: 'font'
2025-12-31 11:06:48,631 - Global - CRITICAL - Uncaught exception
Traceback (most recent call last):
  File "G:\AICoding\luscreen\src\screenshot_editor.py", line 370, in paintEvent
    draw_item(painter, item)
    ~~~~~~~~~^^^^^^^^^^^^^^^
  File "G:\AICoding\luscreen\src\screenshot_editor.py", line 365, in draw_item
    painter.setFont(item['font'])
                    ~~~~^^^^^^^^
KeyError: 'font'
2025-12-31 11:06:48,639 - Global - CRITICAL - Uncaught exception
Traceback (most recent call last):
  File "G:\AICoding\luscreen\src\screenshot_editor.py", line 370, in paintEvent
    draw_item(painter, item)
    ~~~~~~~~~^^^^^^^^^^^^^^^
  File "G:\AICoding\luscreen\src\screenshot_editor.py", line 365, in draw_item
    painter.setFont(item['font'])
                    ~~~~^^^^^^^^
KeyError: 'font'
2025-12-31 11:06:48,648 - Global - CRITICAL - Uncaught exception
Traceback (most recent call last):
  File "G:\AICoding\luscreen\src\screenshot_editor.py", line 370, in paintEvent
    draw_item(painter, item)
    ~~~~~~~~~^^^^^^^^^^^^^^^
  File "G:\AICoding\luscreen\src\screenshot_editor.py", line 365, in draw_item
    painter.setFont(item['font'])
                    ~~~~^^^^^^^^
KeyError: 'font'
2025-12-31 11:06:48,655 - Global - CRITICAL - Uncaught exception
Traceback (most recent call last):
  File "G:\AICoding\luscreen\src\screenshot_editor.py", line 370, in paintEvent
    draw_item(painter, item)
    ~~~~~~~~~^^^^^^^^^^^^^^^
  File "G:\AICoding\luscreen\src\screenshot_editor.py", line 365, in draw_item
    painter.setFont(item['font'])
                    ~~~~^^^^^^^^
KeyError: 'font'
2025-12-31 11:06:48,664 - Global - CRITICAL - Uncaught exception
Traceback (most recent call last):
  File "G:\AICoding\luscreen\src\screenshot_editor.py", line 370, in paintEvent
    draw_item(painter, item)
    ~~~~~~~~~^^^^^^^^^^^^^^^
  File "G:\AICoding\luscreen\src\screenshot_editor.py", line 365, in draw_item
    painter.setFont(item['font'])
                    ~~~~^^^^^^^^
KeyError: 'font'
2025-12-31 11:06:48,671 - Global - CRITICAL - Uncaught exception
Traceback (most recent call last):
  File "G:\AICoding\luscreen\src\screenshot_editor.py", line 370, in paintEvent
    draw_item(painter, item)
    ~~~~~~~~~^^^^^^^^^^^^^^^
  File "G:\AICoding\luscreen\src\screenshot_editor.py", line 365, in draw_item
    painter.setFont(item['font'])
                    ~~~~^^^^^^^^
KeyError: 'font'
2025-12-31 11:06:48,680 - Global - CRITICAL - Uncaught exception
Traceback (most recent call last):
  File "G:\AICoding\luscreen\src\screenshot_editor.py", line 370, in paintEvent
    draw_item(painter, item)
    ~~~~~~~~~^^^^^^^^^^^^^^^
  File "G:\AICoding\luscreen\src\screenshot_editor.py", line 365, in draw_item
    painter.setFont(item['font'])
                    ~~~~^^^^^^^^
KeyError: 'font'
2025-12-31 11:06:48,687 - Global - CRITICAL - Uncaught exception
Traceback (most recent call last):
  File "G:\AICoding\luscreen\src\screenshot_editor.py", line 370, in paintEvent
    draw_item(painter, item)
    ~~~~~~~~~^^^^^^^^^^^^^^^
  File "G:\AICoding\luscreen\src\screenshot_editor.py", line 365, in draw_item
    painter.setFont(item['font'])
                    ~~~~^^^^^^^^
KeyError: 'font'
2025-12-31 11:06:48,697 - Global - CRITICAL - Uncaught exception
Traceback (most recent call last):
  File "G:\AICoding\luscreen\src\screenshot_editor.py", line 370, in paintEvent
    draw_item(painter, item)
    ~~~~~~~~~^^^^^^^^^^^^^^^
  File "G:\AICoding\luscreen\src\screenshot_editor.py", line 365, in draw_item
    painter.setFont(item['font'])
                    ~~~~^^^^^^^^
KeyError: 'font'
2025-12-31 11:06:48,703 - Global - CRITICAL - Uncaught exception
Traceback (most recent call last):
  File "G:\AICoding\luscreen\src\screenshot_editor.py", line 370, in paintEvent
    draw_item(painter, item)
    ~~~~~~~~~^^^^^^^^^^^^^^^
  File "G:\AICoding\luscreen\src\screenshot_editor.py", line 365, in draw_item
    painter.setFont(item['font'])
                    ~~~~^^^^^^^^
KeyError: 'font'
2025-12-31 11:06:48,712 - Global - CRITICAL - Uncaught exception
Traceback (most recent call last):
  File "G:\AICoding\luscreen\src\screenshot_editor.py", line 370, in paintEvent
    draw_item(painter, item)
    ~~~~~~~~~^^^^^^^^^^^^^^^
  File "G:\AICoding\luscreen\src\screenshot_editor.py", line 365, in draw_item
    painter.setFont(item['font'])
                    ~~~~^^^^^^^^
KeyError: 'font'
2025-12-31 11:06:48,719 - Global - CRITICAL - Uncaught exception
Traceback (most recent call last):
  File "G:\AICoding\luscreen\src\screenshot_editor.py", line 370, in paintEvent
    draw_item(painter, item)
    ~~~~~~~~~^^^^^^^^^^^^^^^
  File "G:\AICoding\luscreen\src\screenshot_editor.py", line 365, in draw_item
    painter.setFont(item['font'])
                    ~~~~^^^^^^^^
KeyError: 'font'
2025-12-31 11:06:48,727 - Global - CRITICAL - Uncaught exception
Traceback (most recent call last):
  File "G:\AICoding\luscreen\src\screenshot_editor.py", line 370, in paintEvent
    draw_item(painter, item)
    ~~~~~~~~~^^^^^^^^^^^^^^^
  File "G:\AICoding\luscreen\src\screenshot_editor.py", line 365, in draw_item
    painter.setFont(item['font'])
                    ~~~~^^^^^^^^
KeyError: 'font'
2025-12-31 11:06:48,735 - Global - CRITICAL - Uncaught exception
Traceback (most recent call last):
  File "G:\AICoding\luscreen\src\screenshot_editor.py", line 370, in paintEvent
    draw_item(painter, item)
    ~~~~~~~~~^^^^^^^^^^^^^^^
  File "G:\AICoding\luscreen\src\screenshot_editor.py", line 365, in draw_item
    painter.setFont(item['font'])
                    ~~~~^^^^^^^^
KeyError: 'font'
2025-12-31 11:06:48,744 - Global - CRITICAL - Uncaught exception
Traceback (most recent call last):
  File "G:\AICoding\luscreen\src\screenshot_editor.py", line 370, in paintEvent
    draw_item(painter, item)
    ~~~~~~~~~^^^^^^^^^^^^^^^
  File "G:\AICoding\luscreen\src\screenshot_editor.py", line 365, in draw_item
    painter.setFont(item['font'])
                    ~~~~^^^^^^^^
KeyError: 'font'
2025-12-31 11:06:48,751 - Global - CRITICAL - Uncaught exception
Traceback (most recent call last):
  File "G:\AICoding\luscreen\src\screenshot_editor.py", line 370, in paintEvent
    draw_item(painter, item)
    ~~~~~~~~~^^^^^^^^^^^^^^^
  File "G:\AICoding\luscreen\src\screenshot_editor.py", line 365, in draw_item
    painter.setFont(item['font'])
                    ~~~~^^^^^^^^
KeyError: 'font'
2025-12-31 11:06:48,760 - Global - CRITICAL - Uncaught exception
Traceback (most recent call last):
  File "G:\AICoding\luscreen\src\screenshot_editor.py", line 370, in paintEvent
    draw_item(painter, item)
    ~~~~~~~~~^^^^^^^^^^^^^^^
  File "G:\AICoding\luscreen\src\screenshot_editor.py", line 365, in draw_item
    painter.setFont(item['font'])
                    ~~~~^^^^^^^^
KeyError: 'font'
2025-12-31 11:06:48,767 - Global - CRITICAL - Uncaught exception
Traceback (most recent call last):
  File "G:\AICoding\luscreen\src\screenshot_editor.py", line 370, in paintEvent
    draw_item(painter, item)
    ~~~~~~~~~^^^^^^^^^^^^^^^
  File "G:\AICoding\luscreen\src\screenshot_editor.py", line 365, in draw_item
    painter.setFont(item['font'])
                    ~~~~^^^^^^^^
KeyError: 'font'
2025-12-31 11:06:48,776 - Global - CRITICAL - Uncaught exception
Traceback (most recent call last):
  File "G:\AICoding\luscreen\src\screenshot_editor.py", line 370, in paintEvent
    draw_item(painter, item)
    ~~~~~~~~~^^^^^^^^^^^^^^^
  File "G:\AICoding\luscreen\src\screenshot_editor.py", line 365, in draw_item
    painter.setFont(item['font'])
                    ~~~~^^^^^^^^
KeyError: 'font'
2025-12-31 11:06:48,783 - Global - CRITICAL - Uncaught exception
Traceback (most recent call last):
  File "G:\AICoding\luscreen\src\screenshot_editor.py", line 370, in paintEvent
    draw_item(painter, item)
    ~~~~~~~~~^^^^^^^^^^^^^^^
  File "G:\AICoding\luscreen\src\screenshot_editor.py", line 365, in draw_item
    painter.setFont(item['font'])
                    ~~~~^^^^^^^^
KeyError: 'font'
2025-12-31 11:06:48,792 - Global - CRITICAL - Uncaught exception
Traceback (most recent call last):
  File "G:\AICoding\luscreen\src\screenshot_editor.py", line 370, in paintEvent
    draw_item(painter, item)
    ~~~~~~~~~^^^^^^^^^^^^^^^
  File "G:\AICoding\luscreen\src\screenshot_editor.py", line 365, in draw_item
    painter.setFont(item['font'])
                    ~~~~^^^^^^^^
KeyError: 'font'
2025-12-31 11:06:48,799 - Global - CRITICAL - Uncaught exception
Traceback (most recent call last):
  File "G:\AICoding\luscreen\src\screenshot_editor.py", line 370, in paintEvent
    draw_item(painter, item)
    ~~~~~~~~~^^^^^^^^^^^^^^^
  File "G:\AICoding\luscreen\src\screenshot_editor.py", line 365, in draw_item
    painter.setFont(item['font'])
                    ~~~~^^^^^^^^
KeyError: 'font'
2025-12-31 11:06:48,808 - Global - CRITICAL - Uncaught exception
Traceback (most recent call last):
  File "G:\AICoding\luscreen\src\screenshot_editor.py", line 370, in paintEvent
    draw_item(painter, item)
    ~~~~~~~~~^^^^^^^^^^^^^^^
  File "G:\AICoding\luscreen\src\screenshot_editor.py", line 365, in draw_item
    painter.setFont(item['font'])
                    ~~~~^^^^^^^^
KeyError: 'font'
2025-12-31 11:06:48,815 - Global - CRITICAL - Uncaught exception
Traceback (most recent call last):
  File "G:\AICoding\luscreen\src\screenshot_editor.py", line 370, in paintEvent
    draw_item(painter, item)
    ~~~~~~~~~^^^^^^^^^^^^^^^
  File "G:\AICoding\luscreen\src\screenshot_editor.py", line 365, in draw_item
    painter.setFont(item['font'])
                    ~~~~^^^^^^^^
KeyError: 'font'
2025-12-31 11:06:48,824 - Global - CRITICAL - Uncaught exception
Traceback (most recent call last):
  File "G:\AICoding\luscreen\src\screenshot_editor.py", line 370, in paintEvent
    draw_item(painter, item)
    ~~~~~~~~~^^^^^^^^^^^^^^^
  File "G:\AICoding\luscreen\src\screenshot_editor.py", line 365, in draw_item
    painter.setFont(item['font'])
                    ~~~~^^^^^^^^
KeyError: 'font'
2025-12-31 11:06:48,831 - Global - CRITICAL - Uncaught exception
Traceback (most recent call last):
  File "G:\AICoding\luscreen\src\screenshot_editor.py", line 370, in paintEvent
    draw_item(painter, item)
    ~~~~~~~~~^^^^^^^^^^^^^^^
  File "G:\AICoding\luscreen\src\screenshot_editor.py", line 365, in draw_item
    painter.setFont(item['font'])
                    ~~~~^^^^^^^^
KeyError: 'font'
2025-12-31 11:06:48,840 - Global - CRITICAL - Uncaught exception
Traceback (most recent call last):
  File "G:\AICoding\luscreen\src\screenshot_editor.py", line 370, in paintEvent
    draw_item(painter, item)
    ~~~~~~~~~^^^^^^^^^^^^^^^
  File "G:\AICoding\luscreen\src\screenshot_editor.py", line 365, in draw_item
    painter.setFont(item['font'])
                    ~~~~^^^^^^^^
KeyError: 'font'
2025-12-31 11:06:48,847 - Global - CRITICAL - Uncaught exception
Traceback (most recent call last):
  File "G:\AICoding\luscreen\src\screenshot_editor.py", line 370, in paintEvent
    draw_item(painter, item)
    ~~~~~~~~~^^^^^^^^^^^^^^^
  File "G:\AICoding\luscreen\src\screenshot_editor.py", line 365, in draw_item
    painter.setFont(item['font'])
                    ~~~~^^^^^^^^
KeyError: 'font'
2025-12-31 11:06:48,865 - Global - CRITICAL - Uncaught exception
Traceback (most recent call last):
  File "G:\AICoding\luscreen\src\screenshot_editor.py", line 370, in paintEvent
    draw_item(painter, item)
    ~~~~~~~~~^^^^^^^^^^^^^^^
  File "G:\AICoding\luscreen\src\screenshot_editor.py", line 365, in draw_item
    painter.setFont(item['font'])
                    ~~~~^^^^^^^^
KeyError: 'font'
2025-12-31 11:06:48,880 - Global - CRITICAL - Uncaught exception
Traceback (most recent call last):
  File "G:\AICoding\luscreen\src\screenshot_editor.py", line 370, in paintEvent
    draw_item(painter, item)
    ~~~~~~~~~^^^^^^^^^^^^^^^
  File "G:\AICoding\luscreen\src\screenshot_editor.py", line 365, in draw_item
    painter.setFont(item['font'])
                    ~~~~^^^^^^^^
KeyError: 'font'
2025-12-31 11:06:48,895 - Global - CRITICAL - Uncaught exception
Traceback (most recent call last):
  File "G:\AICoding\luscreen\src\screenshot_editor.py", line 370, in paintEvent
    draw_item(painter, item)
    ~~~~~~~~~^^^^^^^^^^^^^^^
  File "G:\AICoding\luscreen\src\screenshot_editor.py", line 365, in draw_item
    painter.setFont(item['font'])
                    ~~~~^^^^^^^^
KeyError: 'font'
2025-12-31 11:06:48,927 - Global - CRITICAL - Uncaught exception
Traceback (most recent call last):
  File "G:\AICoding\luscreen\src\screenshot_editor.py", line 370, in paintEvent
    draw_item(painter, item)
    ~~~~~~~~~^^^^^^^^^^^^^^^
  File "G:\AICoding\luscreen\src\screenshot_editor.py", line 365, in draw_item
    painter.setFont(item['font'])
                    ~~~~^^^^^^^^
KeyError: 'font'
2025-12-31 11:06:48,984 - Global - CRITICAL - Uncaught exception
Traceback (most recent call last):
  File "G:\AICoding\luscreen\src\screenshot_editor.py", line 370, in paintEvent
    draw_item(painter, item)
    ~~~~~~~~~^^^^^^^^^^^^^^^
  File "G:\AICoding\luscreen\src\screenshot_editor.py", line 365, in draw_item
    painter.setFont(item['font'])
                    ~~~~^^^^^^^^
KeyError: 'font'
2025-12-31 11:06:50,729 - Global - CRITICAL - Uncaught exception
Traceback (most recent call last):
  File "G:\AICoding\luscreen\src\screenshot_editor.py", line 370, in paintEvent
    draw_item(painter, item)
    ~~~~~~~~~^^^^^^^^^^^^^^^
  File "G:\AICoding\luscreen\src\screenshot_editor.py", line 365, in draw_item
    painter.setFont(item['font'])
                    ~~~~^^^^^^^^
KeyError: 'font'
2025-12-31 11:06:51,254 - Global - CRITICAL - Uncaught exception
Traceback (most recent call last):
  File "G:\AICoding\luscreen\src\screenshot_editor.py", line 370, in paintEvent
    draw_item(painter, item)
    ~~~~~~~~~^^^^^^^^^^^^^^^
  File "G:\AICoding\luscreen\src\screenshot_editor.py", line 365, in draw_item
    painter.setFont(item['font'])
                    ~~~~^^^^^^^^
KeyError: 'font'
2025-12-31 11:06:51,776 - Global - CRITICAL - Uncaught exception
Traceback (most recent call last):
  File "G:\AICoding\luscreen\src\screenshot_editor.py", line 370, in paintEvent
    draw_item(painter, item)
    ~~~~~~~~~^^^^^^^^^^^^^^^
  File "G:\AICoding\luscreen\src\screenshot_editor.py", line 365, in draw_item
    painter.setFont(item['font'])
                    ~~~~^^^^^^^^
KeyError: 'font'
2025-12-31 11:06:52,312 - Global - CRITICAL - Uncaught exception
Traceback (most recent call last):
  File "G:\AICoding\luscreen\src\screenshot_editor.py", line 370, in paintEvent
    draw_item(painter, item)
    ~~~~~~~~~^^^^^^^^^^^^^^^
  File "G:\AICoding\luscreen\src\screenshot_editor.py", line 365, in draw_item
    painter.setFont(item['font'])
                    ~~~~^^^^^^^^
KeyError: 'font'
2025-12-31 11:06:52,845 - Global - CRITICAL - Uncaught exception
Traceback (most recent call last):
  File "G:\AICoding\luscreen\src\screenshot_editor.py", line 370, in paintEvent
    draw_item(painter, item)
    ~~~~~~~~~^^^^^^^^^^^^^^^
  File "G:\AICoding\luscreen\src\screenshot_editor.py", line 365, in draw_item
    painter.setFont(item['font'])
                    ~~~~^^^^^^^^
KeyError: 'font'
2025-12-31 11:06:52,999 - Global - CRITICAL - Uncaught exception
Traceback (most recent call last):
  File "G:\AICoding\luscreen\src\screenshot_editor.py", line 370, in paintEvent
    draw_item(painter, item)
    ~~~~~~~~~^^^^^^^^^^^^^^^
  File "G:\AICoding\luscreen\src\screenshot_editor.py", line 365, in draw_item
    painter.setFont(item['font'])
                    ~~~~^^^^^^^^
KeyError: 'font'
2025-12-31 11:06:53,040 - Global - CRITICAL - Uncaught exception
Traceback (most recent call last):
  File "G:\AICoding\luscreen\src\screenshot_editor.py", line 370, in paintEvent
    draw_item(painter, item)
    ~~~~~~~~~^^^^^^^^^^^^^^^
  File "G:\AICoding\luscreen\src\screenshot_editor.py", line 365, in draw_item
    painter.setFont(item['font'])
                    ~~~~^^^^^^^^
KeyError: 'font'
2025-12-31 11:06:53,381 - Global - CRITICAL - Uncaught exception
Traceback (most recent call last):
  File "G:\AICoding\luscreen\src\screenshot_editor.py", line 370, in paintEvent
    draw_item(painter, item)
    ~~~~~~~~~^^^^^^^^^^^^^^^
  File "G:\AICoding\luscreen\src\screenshot_editor.py", line 365, in draw_item
    painter.setFont(item['font'])
                    ~~~~^^^^^^^^
KeyError: 'font'
2025-12-31 11:06:53,441 - Global - CRITICAL - Uncaught exception
Traceback (most recent call last):
  File "G:\AICoding\luscreen\src\screenshot_editor.py", line 370, in paintEvent
    draw_item(painter, item)
    ~~~~~~~~~^^^^^^^^^^^^^^^
  File "G:\AICoding\luscreen\src\screenshot_editor.py", line 365, in draw_item
    painter.setFont(item['font'])
                    ~~~~^^^^^^^^
KeyError: 'font'
2025-12-31 11:06:53,919 - Global - CRITICAL - Uncaught exception
Traceback (most recent call last):
  File "G:\AICoding\luscreen\src\screenshot_editor.py", line 370, in paintEvent
    draw_item(painter, item)
    ~~~~~~~~~^^^^^^^^^^^^^^^
  File "G:\AICoding\luscreen\src\screenshot_editor.py", line 365, in draw_item
    painter.setFont(item['font'])
                    ~~~~^^^^^^^^
KeyError: 'font'
2025-12-31 11:06:53,935 - Global - CRITICAL - Uncaught exception
Traceback (most recent call last):
  File "G:\AICoding\luscreen\src\screenshot_editor.py", line 370, in paintEvent
    draw_item(painter, item)
    ~~~~~~~~~^^^^^^^^^^^^^^^
  File "G:\AICoding\luscreen\src\screenshot_editor.py", line 365, in draw_item
    painter.setFont(item['font'])
                    ~~~~^^^^^^^^
KeyError: 'font'
2025-12-31 11:06:54,361 - Global - CRITICAL - Uncaught exception
Traceback (most recent call last):
  File "G:\AICoding\luscreen\src\screenshot_editor.py", line 370, in paintEvent
    draw_item(painter, item)
    ~~~~~~~~~^^^^^^^^^^^^^^^
  File "G:\AICoding\luscreen\src\screenshot_editor.py", line 365, in draw_item
    painter.setFont(item['font'])
                    ~~~~^^^^^^^^
KeyError: 'font'
2025-12-31 11:06:54,364 - Global - CRITICAL - Uncaught exception
Traceback (most recent call last):
  File "G:\AICoding\luscreen\src\screenshot_editor.py", line 370, in paintEvent
    draw_item(painter, item)
    ~~~~~~~~~^^^^^^^^^^^^^^^
  File "G:\AICoding\luscreen\src\screenshot_editor.py", line 365, in draw_item
    painter.setFont(item['font'])
                    ~~~~^^^^^^^^
KeyError: 'font'
2025-12-31 11:06:54,370 - Global - CRITICAL - Uncaught exception
Traceback (most recent call last):
  File "G:\AICoding\luscreen\src\screenshot_editor.py", line 370, in paintEvent
    draw_item(painter, item)
    ~~~~~~~~~^^^^^^^^^^^^^^^
  File "G:\AICoding\luscreen\src\screenshot_editor.py", line 365, in draw_item
    painter.setFont(item['font'])
                    ~~~~^^^^^^^^
KeyError: 'font'
2025-12-31 11:06:54,375 - Global - CRITICAL - Uncaught exception
Traceback (most recent call last):
  File "G:\AICoding\luscreen\src\screenshot_editor.py", line 370, in paintEvent
    draw_item(painter, item)
    ~~~~~~~~~^^^^^^^^^^^^^^^
  File "G:\AICoding\luscreen\src\screenshot_editor.py", line 365, in draw_item
    painter.setFont(item['font'])
                    ~~~~^^^^^^^^
KeyError: 'font'
2025-12-31 11:06:54,384 - Global - CRITICAL - Uncaught exception
Traceback (most recent call last):
  File "G:\AICoding\luscreen\src\screenshot_editor.py", line 370, in paintEvent
    draw_item(painter, item)
    ~~~~~~~~~^^^^^^^^^^^^^^^
  File "G:\AICoding\luscreen\src\screenshot_editor.py", line 365, in draw_item
    painter.setFont(item['font'])
                    ~~~~^^^^^^^^
KeyError: 'font'
2025-12-31 11:06:54,391 - Global - CRITICAL - Uncaught exception
Traceback (most recent call last):
  File "G:\AICoding\luscreen\src\screenshot_editor.py", line 370, in paintEvent
    draw_item(painter, item)
    ~~~~~~~~~^^^^^^^^^^^^^^^
  File "G:\AICoding\luscreen\src\screenshot_editor.py", line 365, in draw_item
    painter.setFont(item['font'])
                    ~~~~^^^^^^^^
KeyError: 'font'
2025-12-31 11:06:54,400 - Global - CRITICAL - Uncaught exception
Traceback (most recent call last):
  File "G:\AICoding\luscreen\src\screenshot_editor.py", line 370, in paintEvent
    draw_item(painter, item)
    ~~~~~~~~~^^^^^^^^^^^^^^^
  File "G:\AICoding\luscreen\src\screenshot_editor.py", line 365, in draw_item
    painter.setFont(item['font'])
                    ~~~~^^^^^^^^
KeyError: 'font'
2025-12-31 11:06:54,407 - Global - CRITICAL - Uncaught exception
Traceback (most recent call last):
  File "G:\AICoding\luscreen\src\screenshot_editor.py", line 370, in paintEvent
    draw_item(painter, item)
    ~~~~~~~~~^^^^^^^^^^^^^^^
  File "G:\AICoding\luscreen\src\screenshot_editor.py", line 365, in draw_item
    painter.setFont(item['font'])
                    ~~~~^^^^^^^^
KeyError: 'font'
2025-12-31 11:06:54,417 - Global - CRITICAL - Uncaught exception
Traceback (most recent call last):
  File "G:\AICoding\luscreen\src\screenshot_editor.py", line 370, in paintEvent
    draw_item(painter, item)
    ~~~~~~~~~^^^^^^^^^^^^^^^
  File "G:\AICoding\luscreen\src\screenshot_editor.py", line 365, in draw_item
    painter.setFont(item['font'])
                    ~~~~^^^^^^^^
KeyError: 'font'
2025-12-31 11:06:54,423 - Global - CRITICAL - Uncaught exception
Traceback (most recent call last):
  File "G:\AICoding\luscreen\src\screenshot_editor.py", line 370, in paintEvent
    draw_item(painter, item)
    ~~~~~~~~~^^^^^^^^^^^^^^^
  File "G:\AICoding\luscreen\src\screenshot_editor.py", line 365, in draw_item
    painter.setFont(item['font'])
                    ~~~~^^^^^^^^
KeyError: 'font'
2025-12-31 11:06:54,433 - Global - CRITICAL - Uncaught exception
Traceback (most recent call last):
  File "G:\AICoding\luscreen\src\screenshot_editor.py", line 370, in paintEvent
    draw_item(painter, item)
    ~~~~~~~~~^^^^^^^^^^^^^^^
  File "G:\AICoding\luscreen\src\screenshot_editor.py", line 365, in draw_item
    painter.setFont(item['font'])
                    ~~~~^^^^^^^^
KeyError: 'font'
2025-12-31 11:06:54,439 - Global - CRITICAL - Uncaught exception
Traceback (most recent call last):
  File "G:\AICoding\luscreen\src\screenshot_editor.py", line 370, in paintEvent
    draw_item(painter, item)
    ~~~~~~~~~^^^^^^^^^^^^^^^
  File "G:\AICoding\luscreen\src\screenshot_editor.py", line 365, in draw_item
    painter.setFont(item['font'])
                    ~~~~^^^^^^^^
KeyError: 'font'
2025-12-31 11:06:54,448 - Global - CRITICAL - Uncaught exception
Traceback (most recent call last):
  File "G:\AICoding\luscreen\src\screenshot_editor.py", line 370, in paintEvent
    draw_item(painter, item)
    ~~~~~~~~~^^^^^^^^^^^^^^^
  File "G:\AICoding\luscreen\src\screenshot_editor.py", line 365, in draw_item
    painter.setFont(item['font'])
                    ~~~~^^^^^^^^
KeyError: 'font'
2025-12-31 11:06:54,455 - Global - CRITICAL - Uncaught exception
Traceback (most recent call last):
  File "G:\AICoding\luscreen\src\screenshot_editor.py", line 370, in paintEvent
    draw_item(painter, item)
    ~~~~~~~~~^^^^^^^^^^^^^^^
  File "G:\AICoding\luscreen\src\screenshot_editor.py", line 365, in draw_item
    painter.setFont(item['font'])
                    ~~~~^^^^^^^^
KeyError: 'font'
2025-12-31 11:06:54,463 - Global - CRITICAL - Uncaught exception
Traceback (most recent call last):
  File "G:\AICoding\luscreen\src\screenshot_editor.py", line 370, in paintEvent
    draw_item(painter, item)
    ~~~~~~~~~^^^^^^^^^^^^^^^
  File "G:\AICoding\luscreen\src\screenshot_editor.py", line 365, in draw_item
    painter.setFont(item['font'])
                    ~~~~^^^^^^^^
KeyError: 'font'
2025-12-31 11:06:54,471 - Global - CRITICAL - Uncaught exception
Traceback (most recent call last):
  File "G:\AICoding\luscreen\src\screenshot_editor.py", line 370, in paintEvent
    draw_item(painter, item)
    ~~~~~~~~~^^^^^^^^^^^^^^^
  File "G:\AICoding\luscreen\src\screenshot_editor.py", line 365, in draw_item
    painter.setFont(item['font'])
                    ~~~~^^^^^^^^
KeyError: 'font'
2025-12-31 11:06:54,480 - Global - CRITICAL - Uncaught exception
Traceback (most recent call last):
  File "G:\AICoding\luscreen\src\screenshot_editor.py", line 370, in paintEvent
    draw_item(painter, item)
    ~~~~~~~~~^^^^^^^^^^^^^^^
  File "G:\AICoding\luscreen\src\screenshot_editor.py", line 365, in draw_item
    painter.setFont(item['font'])
                    ~~~~^^^^^^^^
KeyError: 'font'
2025-12-31 11:06:54,487 - Global - CRITICAL - Uncaught exception
Traceback (most recent call last):
  File "G:\AICoding\luscreen\src\screenshot_editor.py", line 370, in paintEvent
    draw_item(painter, item)
    ~~~~~~~~~^^^^^^^^^^^^^^^
  File "G:\AICoding\luscreen\src\screenshot_editor.py", line 365, in draw_item
    painter.setFont(item['font'])
                    ~~~~^^^^^^^^
KeyError: 'font'
2025-12-31 11:06:54,496 - Global - CRITICAL - Uncaught exception
Traceback (most recent call last):
  File "G:\AICoding\luscreen\src\screenshot_editor.py", line 370, in paintEvent
    draw_item(painter, item)
    ~~~~~~~~~^^^^^^^^^^^^^^^
  File "G:\AICoding\luscreen\src\screenshot_editor.py", line 365, in draw_item
    painter.setFont(item['font'])
                    ~~~~^^^^^^^^
KeyError: 'font'
2025-12-31 11:06:54,503 - Global - CRITICAL - Uncaught exception
Traceback (most recent call last):
  File "G:\AICoding\luscreen\src\screenshot_editor.py", line 370, in paintEvent
    draw_item(painter, item)
    ~~~~~~~~~^^^^^^^^^^^^^^^
  File "G:\AICoding\luscreen\src\screenshot_editor.py", line 365, in draw_item
    painter.setFont(item['font'])
                    ~~~~^^^^^^^^
KeyError: 'font'
2025-12-31 11:06:54,512 - Global - CRITICAL - Uncaught exception
Traceback (most recent call last):
  File "G:\AICoding\luscreen\src\screenshot_editor.py", line 370, in paintEvent
    draw_item(painter, item)
    ~~~~~~~~~^^^^^^^^^^^^^^^
  File "G:\AICoding\luscreen\src\screenshot_editor.py", line 365, in draw_item
    painter.setFont(item['font'])
                    ~~~~^^^^^^^^
KeyError: 'font'
2025-12-31 11:06:54,519 - Global - CRITICAL - Uncaught exception
Traceback (most recent call last):
  File "G:\AICoding\luscreen\src\screenshot_editor.py", line 370, in paintEvent
    draw_item(painter, item)
    ~~~~~~~~~^^^^^^^^^^^^^^^
  File "G:\AICoding\luscreen\src\screenshot_editor.py", line 365, in draw_item
    painter.setFont(item['font'])
                    ~~~~^^^^^^^^
KeyError: 'font'
2025-12-31 11:06:54,528 - Global - CRITICAL - Uncaught exception
Traceback (most recent call last):
  File "G:\AICoding\luscreen\src\screenshot_editor.py", line 370, in paintEvent
    draw_item(painter, item)
    ~~~~~~~~~^^^^^^^^^^^^^^^
  File "G:\AICoding\luscreen\src\screenshot_editor.py", line 365, in draw_item
    painter.setFont(item['font'])
                    ~~~~^^^^^^^^
KeyError: 'font'
2025-12-31 11:06:54,535 - Global - CRITICAL - Uncaught exception
Traceback (most recent call last):
  File "G:\AICoding\luscreen\src\screenshot_editor.py", line 370, in paintEvent
    draw_item(painter, item)
    ~~~~~~~~~^^^^^^^^^^^^^^^
  File "G:\AICoding\luscreen\src\screenshot_editor.py", line 365, in draw_item
    painter.setFont(item['font'])
                    ~~~~^^^^^^^^
KeyError: 'font'
2025-12-31 11:06:54,544 - Global - CRITICAL - Uncaught exception
Traceback (most recent call last):
  File "G:\AICoding\luscreen\src\screenshot_editor.py", line 370, in paintEvent
    draw_item(painter, item)
    ~~~~~~~~~^^^^^^^^^^^^^^^
  File "G:\AICoding\luscreen\src\screenshot_editor.py", line 365, in draw_item
    painter.setFont(item['font'])
                    ~~~~^^^^^^^^
KeyError: 'font'
2025-12-31 11:06:54,551 - Global - CRITICAL - Uncaught exception
Traceback (most recent call last):
  File "G:\AICoding\luscreen\src\screenshot_editor.py", line 370, in paintEvent
    draw_item(painter, item)
    ~~~~~~~~~^^^^^^^^^^^^^^^
  File "G:\AICoding\luscreen\src\screenshot_editor.py", line 365, in draw_item
    painter.setFont(item['font'])
                    ~~~~^^^^^^^^
KeyError: 'font'
2025-12-31 11:06:54,560 - Global - CRITICAL - Uncaught exception
Traceback (most recent call last):
  File "G:\AICoding\luscreen\src\screenshot_editor.py", line 370, in paintEvent
    draw_item(painter, item)
    ~~~~~~~~~^^^^^^^^^^^^^^^
  File "G:\AICoding\luscreen\src\screenshot_editor.py", line 365, in draw_item
    painter.setFont(item['font'])
                    ~~~~^^^^^^^^
KeyError: 'font'
2025-12-31 11:06:54,567 - Global - CRITICAL - Uncaught exception
Traceback (most recent call last):
  File "G:\AICoding\luscreen\src\screenshot_editor.py", line 370, in paintEvent
    draw_item(painter, item)
    ~~~~~~~~~^^^^^^^^^^^^^^^
  File "G:\AICoding\luscreen\src\screenshot_editor.py", line 365, in draw_item
    painter.setFont(item['font'])
                    ~~~~^^^^^^^^
KeyError: 'font'
2025-12-31 11:06:54,576 - Global - CRITICAL - Uncaught exception
Traceback (most recent call last):
  File "G:\AICoding\luscreen\src\screenshot_editor.py", line 370, in paintEvent
    draw_item(painter, item)
    ~~~~~~~~~^^^^^^^^^^^^^^^
  File "G:\AICoding\luscreen\src\screenshot_editor.py", line 365, in draw_item
    painter.setFont(item['font'])
                    ~~~~^^^^^^^^
KeyError: 'font'
2025-12-31 11:06:54,592 - Global - CRITICAL - Uncaught exception
Traceback (most recent call last):
  File "G:\AICoding\luscreen\src\screenshot_editor.py", line 370, in paintEvent
    draw_item(painter, item)
    ~~~~~~~~~^^^^^^^^^^^^^^^
  File "G:\AICoding\luscreen\src\screenshot_editor.py", line 365, in draw_item
    painter.setFont(item['font'])
                    ~~~~^^^^^^^^
KeyError: 'font'
2025-12-31 11:06:54,598 - Global - CRITICAL - Uncaught exception
Traceback (most recent call last):
  File "G:\AICoding\luscreen\src\screenshot_editor.py", line 370, in paintEvent
    draw_item(painter, item)
    ~~~~~~~~~^^^^^^^^^^^^^^^
  File "G:\AICoding\luscreen\src\screenshot_editor.py", line 365, in draw_item
    painter.setFont(item['font'])
                    ~~~~^^^^^^^^
KeyError: 'font'
2025-12-31 11:06:54,608 - Global - CRITICAL - Uncaught exception
Traceback (most recent call last):
  File "G:\AICoding\luscreen\src\screenshot_editor.py", line 370, in paintEvent
    draw_item(painter, item)
    ~~~~~~~~~^^^^^^^^^^^^^^^
  File "G:\AICoding\luscreen\src\screenshot_editor.py", line 365, in draw_item
    painter.setFont(item['font'])
                    ~~~~^^^^^^^^
KeyError: 'font'
2025-12-31 11:06:54,623 - Global - CRITICAL - Uncaught exception
Traceback (most recent call last):
  File "G:\AICoding\luscreen\src\screenshot_editor.py", line 370, in paintEvent
    draw_item(painter, item)
    ~~~~~~~~~^^^^^^^^^^^^^^^
  File "G:\AICoding\luscreen\src\screenshot_editor.py", line 365, in draw_item
    painter.setFont(item['font'])
                    ~~~~^^^^^^^^
KeyError: 'font'
2025-12-31 11:06:54,639 - Global - CRITICAL - Uncaught exception
Traceback (most recent call last):
  File "G:\AICoding\luscreen\src\screenshot_editor.py", line 370, in paintEvent
    draw_item(painter, item)
    ~~~~~~~~~^^^^^^^^^^^^^^^
  File "G:\AICoding\luscreen\src\screenshot_editor.py", line 365, in draw_item
    painter.setFont(item['font'])
                    ~~~~^^^^^^^^
KeyError: 'font'
2025-12-31 11:06:54,647 - Global - CRITICAL - Uncaught exception
Traceback (most recent call last):
  File "G:\AICoding\luscreen\src\screenshot_editor.py", line 370, in paintEvent
    draw_item(painter, item)
    ~~~~~~~~~^^^^^^^^^^^^^^^
  File "G:\AICoding\luscreen\src\screenshot_editor.py", line 365, in draw_item
    painter.setFont(item['font'])
                    ~~~~^^^^^^^^
KeyError: 'font'
2025-12-31 11:06:54,712 - Global - CRITICAL - Uncaught exception
Traceback (most recent call last):
  File "G:\AICoding\luscreen\src\screenshot_editor.py", line 370, in paintEvent
    draw_item(painter, item)
    ~~~~~~~~~^^^^^^^^^^^^^^^
  File "G:\AICoding\luscreen\src\screenshot_editor.py", line 365, in draw_item
    painter.setFont(item['font'])
                    ~~~~^^^^^^^^
KeyError: 'font'
2025-12-31 11:06:54,720 - Global - CRITICAL - Uncaught exception
Traceback (most recent call last):
  File "G:\AICoding\luscreen\src\screenshot_editor.py", line 370, in paintEvent
    draw_item(painter, item)
    ~~~~~~~~~^^^^^^^^^^^^^^^
  File "G:\AICoding\luscreen\src\screenshot_editor.py", line 365, in draw_item
    painter.setFont(item['font'])
                    ~~~~^^^^^^^^
KeyError: 'font'
2025-12-31 11:06:54,888 - Global - CRITICAL - Uncaught exception
Traceback (most recent call last):
  File "G:\AICoding\luscreen\src\screenshot_editor.py", line 370, in paintEvent
    draw_item(painter, item)
    ~~~~~~~~~^^^^^^^^^^^^^^^
  File "G:\AICoding\luscreen\src\screenshot_editor.py", line 365, in draw_item
    painter.setFont(item['font'])
                    ~~~~^^^^^^^^
KeyError: 'font'
2025-12-31 11:06:55,419 - Global - CRITICAL - Uncaught exception
Traceback (most recent call last):
  File "G:\AICoding\luscreen\src\screenshot_editor.py", line 370, in paintEvent
    draw_item(painter, item)
    ~~~~~~~~~^^^^^^^^^^^^^^^
  File "G:\AICoding\luscreen\src\screenshot_editor.py", line 365, in draw_item
    painter.setFont(item['font'])
                    ~~~~^^^^^^^^
KeyError: 'font'
2025-12-31 11:06:55,951 - Global - CRITICAL - Uncaught exception
Traceback (most recent call last):
  File "G:\AICoding\luscreen\src\screenshot_editor.py", line 370, in paintEvent
    draw_item(painter, item)
    ~~~~~~~~~^^^^^^^^^^^^^^^
  File "G:\AICoding\luscreen\src\screenshot_editor.py", line 365, in draw_item
    painter.setFont(item['font'])
                    ~~~~^^^^^^^^
KeyError: 'font'
2025-12-31 11:06:56,088 - Global - CRITICAL - Uncaught exception
Traceback (most recent call last):
  File "G:\AICoding\luscreen\src\screenshot_editor.py", line 370, in paintEvent
    draw_item(painter, item)
    ~~~~~~~~~^^^^^^^^^^^^^^^
  File "G:\AICoding\luscreen\src\screenshot_editor.py", line 365, in draw_item
    painter.setFont(item['font'])
                    ~~~~^^^^^^^^
KeyError: 'font'
2025-12-31 11:06:56,120 - Global - CRITICAL - Uncaught exception
Traceback (most recent call last):
  File "G:\AICoding\luscreen\src\screenshot_editor.py", line 370, in paintEvent
    draw_item(painter, item)
    ~~~~~~~~~^^^^^^^^^^^^^^^
  File "G:\AICoding\luscreen\src\screenshot_editor.py", line 365, in draw_item
    painter.setFont(item['font'])
                    ~~~~^^^^^^^^
KeyError: 'font'
2025-12-31 11:06:56,480 - Global - CRITICAL - Uncaught exception
Traceback (most recent call last):
  File "G:\AICoding\luscreen\src\screenshot_editor.py", line 370, in paintEvent
    draw_item(painter, item)
    ~~~~~~~~~^^^^^^^^^^^^^^^
  File "G:\AICoding\luscreen\src\screenshot_editor.py", line 365, in draw_item
    painter.setFont(item['font'])
                    ~~~~^^^^^^^^
KeyError: 'font'
2025-12-31 11:06:56,695 - Global - CRITICAL - Uncaught exception
Traceback (most recent call last):
  File "G:\AICoding\luscreen\src\screenshot_editor.py", line 370, in paintEvent
    draw_item(painter, item)
    ~~~~~~~~~^^^^^^^^^^^^^^^
  File "G:\AICoding\luscreen\src\screenshot_editor.py", line 365, in draw_item
    painter.setFont(item['font'])
                    ~~~~^^^^^^^^
KeyError: 'font'
2025-12-31 11:06:57,535 - Global - CRITICAL - Uncaught exception
Traceback (most recent call last):
  File "G:\AICoding\luscreen\src\screenshot_editor.py", line 370, in paintEvent
    draw_item(painter, item)
    ~~~~~~~~~^^^^^^^^^^^^^^^
  File "G:\AICoding\luscreen\src\screenshot_editor.py", line 365, in draw_item
    painter.setFont(item['font'])
                    ~~~~^^^^^^^^
KeyError: 'font'
2025-12-31 11:06:57,543 - Global - CRITICAL - Uncaught exception
Traceback (most recent call last):
  File "G:\AICoding\luscreen\src\screenshot_editor.py", line 370, in paintEvent
    draw_item(painter, item)
    ~~~~~~~~~^^^^^^^^^^^^^^^
  File "G:\AICoding\luscreen\src\screenshot_editor.py", line 365, in draw_item
    painter.setFont(item['font'])
                    ~~~~^^^^^^^^
KeyError: 'font'
2025-12-31 11:06:57,706 - Global - CRITICAL - Uncaught exception
Traceback (most recent call last):
  File "G:\AICoding\luscreen\src\screenshot_editor.py", line 370, in paintEvent
    draw_item(painter, item)
    ~~~~~~~~~^^^^^^^^^^^^^^^
  File "G:\AICoding\luscreen\src\screenshot_editor.py", line 365, in draw_item
    painter.setFont(item['font'])
                    ~~~~^^^^^^^^
KeyError: 'font'
2025-12-31 11:06:57,728 - Global - CRITICAL - Uncaught exception
Traceback (most recent call last):
  File "G:\AICoding\luscreen\src\screenshot_editor.py", line 370, in paintEvent
    draw_item(painter, item)
    ~~~~~~~~~^^^^^^^^^^^^^^^
  File "G:\AICoding\luscreen\src\screenshot_editor.py", line 365, in draw_item
    painter.setFont(item['font'])
                    ~~~~^^^^^^^^
KeyError: 'font'
2025-12-31 11:06:57,735 - Global - CRITICAL - Uncaught exception
Traceback (most recent call last):
  File "G:\AICoding\luscreen\src\screenshot_editor.py", line 370, in paintEvent
    draw_item(painter, item)
    ~~~~~~~~~^^^^^^^^^^^^^^^
  File "G:\AICoding\luscreen\src\screenshot_editor.py", line 365, in draw_item
    painter.setFont(item['font'])
                    ~~~~^^^^^^^^
KeyError: 'font'
2025-12-31 11:06:57,744 - Global - CRITICAL - Uncaught exception
Traceback (most recent call last):
  File "G:\AICoding\luscreen\src\screenshot_editor.py", line 370, in paintEvent
    draw_item(painter, item)
    ~~~~~~~~~^^^^^^^^^^^^^^^
  File "G:\AICoding\luscreen\src\screenshot_editor.py", line 365, in draw_item
    painter.setFont(item['font'])
                    ~~~~^^^^^^^^
KeyError: 'font'
2025-12-31 11:06:57,751 - Global - CRITICAL - Uncaught exception
Traceback (most recent call last):
  File "G:\AICoding\luscreen\src\screenshot_editor.py", line 370, in paintEvent
    draw_item(painter, item)
    ~~~~~~~~~^^^^^^^^^^^^^^^
  File "G:\AICoding\luscreen\src\screenshot_editor.py", line 365, in draw_item
    painter.setFont(item['font'])
                    ~~~~^^^^^^^^
KeyError: 'font'
2025-12-31 11:06:57,761 - Global - CRITICAL - Uncaught exception
Traceback (most recent call last):
  File "G:\AICoding\luscreen\src\screenshot_editor.py", line 370, in paintEvent
    draw_item(painter, item)
    ~~~~~~~~~^^^^^^^^^^^^^^^
  File "G:\AICoding\luscreen\src\screenshot_editor.py", line 365, in draw_item
    painter.setFont(item['font'])
                    ~~~~^^^^^^^^
KeyError: 'font'
2025-12-31 11:06:57,766 - Global - CRITICAL - Uncaught exception
Traceback (most recent call last):
  File "G:\AICoding\luscreen\src\screenshot_editor.py", line 370, in paintEvent
    draw_item(painter, item)
    ~~~~~~~~~^^^^^^^^^^^^^^^
  File "G:\AICoding\luscreen\src\screenshot_editor.py", line 365, in draw_item
    painter.setFont(item['font'])
                    ~~~~^^^^^^^^
KeyError: 'font'
2025-12-31 11:06:57,776 - Global - CRITICAL - Uncaught exception
Traceback (most recent call last):
  File "G:\AICoding\luscreen\src\screenshot_editor.py", line 370, in paintEvent
    draw_item(painter, item)
    ~~~~~~~~~^^^^^^^^^^^^^^^
  File "G:\AICoding\luscreen\src\screenshot_editor.py", line 365, in draw_item
    painter.setFont(item['font'])
                    ~~~~^^^^^^^^
KeyError: 'font'
2025-12-31 11:06:57,782 - Global - CRITICAL - Uncaught exception
Traceback (most recent call last):
  File "G:\AICoding\luscreen\src\screenshot_editor.py", line 370, in paintEvent
    draw_item(painter, item)
    ~~~~~~~~~^^^^^^^^^^^^^^^
  File "G:\AICoding\luscreen\src\screenshot_editor.py", line 365, in draw_item
    painter.setFont(item['font'])
                    ~~~~^^^^^^^^
KeyError: 'font'
2025-12-31 11:06:57,792 - Global - CRITICAL - Uncaught exception
Traceback (most recent call last):
  File "G:\AICoding\luscreen\src\screenshot_editor.py", line 370, in paintEvent
    draw_item(painter, item)
    ~~~~~~~~~^^^^^^^^^^^^^^^
  File "G:\AICoding\luscreen\src\screenshot_editor.py", line 365, in draw_item
    painter.setFont(item['font'])
                    ~~~~^^^^^^^^
KeyError: 'font'
2025-12-31 11:06:57,798 - Global - CRITICAL - Uncaught exception
Traceback (most recent call last):
  File "G:\AICoding\luscreen\src\screenshot_editor.py", line 370, in paintEvent
    draw_item(painter, item)
    ~~~~~~~~~^^^^^^^^^^^^^^^
  File "G:\AICoding\luscreen\src\screenshot_editor.py", line 365, in draw_item
    painter.setFont(item['font'])
                    ~~~~^^^^^^^^
KeyError: 'font'
2025-12-31 11:06:57,808 - Global - CRITICAL - Uncaught exception
Traceback (most recent call last):
  File "G:\AICoding\luscreen\src\screenshot_editor.py", line 370, in paintEvent
    draw_item(painter, item)
    ~~~~~~~~~^^^^^^^^^^^^^^^
  File "G:\AICoding\luscreen\src\screenshot_editor.py", line 365, in draw_item
    painter.setFont(item['font'])
                    ~~~~^^^^^^^^
KeyError: 'font'
2025-12-31 11:06:57,814 - Global - CRITICAL - Uncaught exception
Traceback (most recent call last):
  File "G:\AICoding\luscreen\src\screenshot_editor.py", line 370, in paintEvent
    draw_item(painter, item)
    ~~~~~~~~~^^^^^^^^^^^^^^^
  File "G:\AICoding\luscreen\src\screenshot_editor.py", line 365, in draw_item
    painter.setFont(item['font'])
                    ~~~~^^^^^^^^
KeyError: 'font'
2025-12-31 11:06:57,824 - Global - CRITICAL - Uncaught exception
Traceback (most recent call last):
  File "G:\AICoding\luscreen\src\screenshot_editor.py", line 370, in paintEvent
    draw_item(painter, item)
    ~~~~~~~~~^^^^^^^^^^^^^^^
  File "G:\AICoding\luscreen\src\screenshot_editor.py", line 365, in draw_item
    painter.setFont(item['font'])
                    ~~~~^^^^^^^^
KeyError: 'font'
2025-12-31 11:06:57,830 - Global - CRITICAL - Uncaught exception
Traceback (most recent call last):
  File "G:\AICoding\luscreen\src\screenshot_editor.py", line 370, in paintEvent
    draw_item(painter, item)
    ~~~~~~~~~^^^^^^^^^^^^^^^
  File "G:\AICoding\luscreen\src\screenshot_editor.py", line 365, in draw_item
    painter.setFont(item['font'])
                    ~~~~^^^^^^^^
KeyError: 'font'
2025-12-31 11:06:57,839 - Global - CRITICAL - Uncaught exception
Traceback (most recent call last):
  File "G:\AICoding\luscreen\src\screenshot_editor.py", line 370, in paintEvent
    draw_item(painter, item)
    ~~~~~~~~~^^^^^^^^^^^^^^^
  File "G:\AICoding\luscreen\src\screenshot_editor.py", line 365, in draw_item
    painter.setFont(item['font'])
                    ~~~~^^^^^^^^
KeyError: 'font'
2025-12-31 11:06:57,846 - Global - CRITICAL - Uncaught exception
Traceback (most recent call last):
  File "G:\AICoding\luscreen\src\screenshot_editor.py", line 370, in paintEvent
    draw_item(painter, item)
    ~~~~~~~~~^^^^^^^^^^^^^^^
  File "G:\AICoding\luscreen\src\screenshot_editor.py", line 365, in draw_item
    painter.setFont(item['font'])
                    ~~~~^^^^^^^^
KeyError: 'font'
2025-12-31 11:06:57,855 - Global - CRITICAL - Uncaught exception
Traceback (most recent call last):
  File "G:\AICoding\luscreen\src\screenshot_editor.py", line 370, in paintEvent
    draw_item(painter, item)
    ~~~~~~~~~^^^^^^^^^^^^^^^
  File "G:\AICoding\luscreen\src\screenshot_editor.py", line 365, in draw_item
    painter.setFont(item['font'])
                    ~~~~^^^^^^^^
KeyError: 'font'
2025-12-31 11:06:57,862 - Global - CRITICAL - Uncaught exception
Traceback (most recent call last):
  File "G:\AICoding\luscreen\src\screenshot_editor.py", line 370, in paintEvent
    draw_item(painter, item)
    ~~~~~~~~~^^^^^^^^^^^^^^^
  File "G:\AICoding\luscreen\src\screenshot_editor.py", line 365, in draw_item
    painter.setFont(item['font'])
                    ~~~~^^^^^^^^
KeyError: 'font'
2025-12-31 11:06:57,871 - Global - CRITICAL - Uncaught exception
Traceback (most recent call last):
  File "G:\AICoding\luscreen\src\screenshot_editor.py", line 370, in paintEvent
    draw_item(painter, item)
    ~~~~~~~~~^^^^^^^^^^^^^^^
  File "G:\AICoding\luscreen\src\screenshot_editor.py", line 365, in draw_item
    painter.setFont(item['font'])
                    ~~~~^^^^^^^^
KeyError: 'font'
2025-12-31 11:06:57,879 - Global - CRITICAL - Uncaught exception
Traceback (most recent call last):
  File "G:\AICoding\luscreen\src\screenshot_editor.py", line 370, in paintEvent
    draw_item(painter, item)
    ~~~~~~~~~^^^^^^^^^^^^^^^
  File "G:\AICoding\luscreen\src\screenshot_editor.py", line 365, in draw_item
    painter.setFont(item['font'])
                    ~~~~^^^^^^^^
KeyError: 'font'
2025-12-31 11:06:57,887 - Global - CRITICAL - Uncaught exception
Traceback (most recent call last):
  File "G:\AICoding\luscreen\src\screenshot_editor.py", line 370, in paintEvent
    draw_item(painter, item)
    ~~~~~~~~~^^^^^^^^^^^^^^^
  File "G:\AICoding\luscreen\src\screenshot_editor.py", line 365, in draw_item
    painter.setFont(item['font'])
                    ~~~~^^^^^^^^
KeyError: 'font'
2025-12-31 11:06:57,895 - Global - CRITICAL - Uncaught exception
Traceback (most recent call last):
  File "G:\AICoding\luscreen\src\screenshot_editor.py", line 370, in paintEvent
    draw_item(painter, item)
    ~~~~~~~~~^^^^^^^^^^^^^^^
  File "G:\AICoding\luscreen\src\screenshot_editor.py", line 365, in draw_item
    painter.setFont(item['font'])
                    ~~~~^^^^^^^^
KeyError: 'font'
2025-12-31 11:06:57,902 - Global - CRITICAL - Uncaught exception
Traceback (most recent call last):
  File "G:\AICoding\luscreen\src\screenshot_editor.py", line 370, in paintEvent
    draw_item(painter, item)
    ~~~~~~~~~^^^^^^^^^^^^^^^
  File "G:\AICoding\luscreen\src\screenshot_editor.py", line 365, in draw_item
    painter.setFont(item['font'])
                    ~~~~^^^^^^^^
KeyError: 'font'
2025-12-31 11:06:57,911 - Global - CRITICAL - Uncaught exception
Traceback (most recent call last):
  File "G:\AICoding\luscreen\src\screenshot_editor.py", line 370, in paintEvent
    draw_item(painter, item)
    ~~~~~~~~~^^^^^^^^^^^^^^^
  File "G:\AICoding\luscreen\src\screenshot_editor.py", line 365, in draw_item
    painter.setFont(item['font'])
                    ~~~~^^^^^^^^
KeyError: 'font'
2025-12-31 11:06:57,920 - Global - CRITICAL - Uncaught exception
Traceback (most recent call last):
  File "G:\AICoding\luscreen\src\screenshot_editor.py", line 370, in paintEvent
    draw_item(painter, item)
    ~~~~~~~~~^^^^^^^^^^^^^^^
  File "G:\AICoding\luscreen\src\screenshot_editor.py", line 365, in draw_item
    painter.setFont(item['font'])
                    ~~~~^^^^^^^^
KeyError: 'font'
2025-12-31 11:06:58,033 - Global - CRITICAL - Uncaught exception
Traceback (most recent call last):
  File "G:\AICoding\luscreen\src\screenshot_editor.py", line 370, in paintEvent
    draw_item(painter, item)
    ~~~~~~~~~^^^^^^^^^^^^^^^
  File "G:\AICoding\luscreen\src\screenshot_editor.py", line 365, in draw_item
    painter.setFont(item['font'])
                    ~~~~^^^^^^^^
KeyError: 'font'
2025-12-31 11:06:58,229 - Global - CRITICAL - Uncaught exception
Traceback (most recent call last):
  File "G:\AICoding\luscreen\src\screenshot_editor.py", line 370, in paintEvent
    draw_item(painter, item)
    ~~~~~~~~~^^^^^^^^^^^^^^^
  File "G:\AICoding\luscreen\src\screenshot_editor.py", line 365, in draw_item
    painter.setFont(item['font'])
                    ~~~~^^^^^^^^
KeyError: 'font'
2025-12-31 11:06:58,767 - Global - CRITICAL - Uncaught exception
Traceback (most recent call last):
  File "G:\AICoding\luscreen\src\screenshot_editor.py", line 370, in paintEvent
    draw_item(painter, item)
    ~~~~~~~~~^^^^^^^^^^^^^^^
  File "G:\AICoding\luscreen\src\screenshot_editor.py", line 365, in draw_item
    painter.setFont(item['font'])
                    ~~~~^^^^^^^^
KeyError: 'font'
2025-12-31 11:06:59,291 - Global - CRITICAL - Uncaught exception
Traceback (most recent call last):
  File "G:\AICoding\luscreen\src\screenshot_editor.py", line 370, in paintEvent
    draw_item(painter, item)
    ~~~~~~~~~^^^^^^^^^^^^^^^
  File "G:\AICoding\luscreen\src\screenshot_editor.py", line 365, in draw_item
    painter.setFont(item['font'])
                    ~~~~^^^^^^^^
KeyError: 'font'
2025-12-31 11:06:59,833 - Global - CRITICAL - Uncaught exception
Traceback (most recent call last):
  File "G:\AICoding\luscreen\src\screenshot_editor.py", line 370, in paintEvent
    draw_item(painter, item)
    ~~~~~~~~~^^^^^^^^^^^^^^^
  File "G:\AICoding\luscreen\src\screenshot_editor.py", line 365, in draw_item
    painter.setFont(item['font'])
                    ~~~~^^^^^^^^
KeyError: 'font'
2025-12-31 11:07:00,358 - Global - CRITICAL - Uncaught exception
Traceback (most recent call last):
  File "G:\AICoding\luscreen\src\screenshot_editor.py", line 370, in paintEvent
    draw_item(painter, item)
    ~~~~~~~~~^^^^^^^^^^^^^^^
  File "G:\AICoding\luscreen\src\screenshot_editor.py", line 365, in draw_item
    painter.setFont(item['font'])
                    ~~~~^^^^^^^^
KeyError: 'font'
2025-12-31 11:07:00,886 - Global - CRITICAL - Uncaught exception
Traceback (most recent call last):
  File "G:\AICoding\luscreen\src\screenshot_editor.py", line 370, in paintEvent
    draw_item(painter, item)
    ~~~~~~~~~^^^^^^^^^^^^^^^
  File "G:\AICoding\luscreen\src\screenshot_editor.py", line 365, in draw_item
    painter.setFont(item['font'])
                    ~~~~^^^^^^^^
KeyError: 'font'
2025-12-31 11:07:01,421 - Global - CRITICAL - Uncaught exception
Traceback (most recent call last):
  File "G:\AICoding\luscreen\src\screenshot_editor.py", line 370, in paintEvent
    draw_item(painter, item)
    ~~~~~~~~~^^^^^^^^^^^^^^^
  File "G:\AICoding\luscreen\src\screenshot_editor.py", line 365, in draw_item
    painter.setFont(item['font'])
                    ~~~~^^^^^^^^
KeyError: 'font'
2025-12-31 11:07:01,943 - Global - CRITICAL - Uncaught exception
Traceback (most recent call last):
  File "G:\AICoding\luscreen\src\screenshot_editor.py", line 370, in paintEvent
    draw_item(painter, item)
    ~~~~~~~~~^^^^^^^^^^^^^^^
  File "G:\AICoding\luscreen\src\screenshot_editor.py", line 365, in draw_item
    painter.setFont(item['font'])
                    ~~~~^^^^^^^^
KeyError: 'font'
2025-12-31 11:07:01,951 - Global - CRITICAL - Uncaught exception
Traceback (most recent call last):
  File "G:\AICoding\luscreen\src\screenshot_editor.py", line 370, in paintEvent
    draw_item(painter, item)
    ~~~~~~~~~^^^^^^^^^^^^^^^
  File "G:\AICoding\luscreen\src\screenshot_editor.py", line 365, in draw_item
    painter.setFont(item['font'])
                    ~~~~^^^^^^^^
KeyError: 'font'
2025-12-31 11:07:01,976 - Global - CRITICAL - Uncaught exception
Traceback (most recent call last):
  File "G:\AICoding\luscreen\src\screenshot_editor.py", line 370, in paintEvent
    draw_item(painter, item)
    ~~~~~~~~~^^^^^^^^^^^^^^^
  File "G:\AICoding\luscreen\src\screenshot_editor.py", line 365, in draw_item
    painter.setFont(item['font'])
                    ~~~~^^^^^^^^
KeyError: 'font'
2025-12-31 11:07:02,470 - Global - CRITICAL - Uncaught exception
Traceback (most recent call last):
  File "G:\AICoding\luscreen\src\screenshot_editor.py", line 370, in paintEvent
    draw_item(painter, item)
    ~~~~~~~~~^^^^^^^^^^^^^^^
  File "G:\AICoding\luscreen\src\screenshot_editor.py", line 365, in draw_item
    painter.setFont(item['font'])
                    ~~~~^^^^^^^^
KeyError: 'font'
2025-12-31 11:07:03,775 - Global - CRITICAL - Uncaught exception
Traceback (most recent call last):
  File "G:\AICoding\luscreen\src\screenshot_editor.py", line 370, in paintEvent
    draw_item(painter, item)
    ~~~~~~~~~^^^^^^^^^^^^^^^
  File "G:\AICoding\luscreen\src\screenshot_editor.py", line 365, in draw_item
    painter.setFont(item['font'])
                    ~~~~^^^^^^^^
KeyError: 'font'
2025-12-31 11:07:03,793 - Global - CRITICAL - Uncaught exception
Traceback (most recent call last):
  File "G:\AICoding\luscreen\src\screenshot_editor.py", line 370, in paintEvent
    draw_item(painter, item)
    ~~~~~~~~~^^^^^^^^^^^^^^^
  File "G:\AICoding\luscreen\src\screenshot_editor.py", line 365, in draw_item
    painter.setFont(item['font'])
                    ~~~~^^^^^^^^
KeyError: 'font'
2025-12-31 11:07:03,978 - Global - CRITICAL - Uncaught exception
Traceback (most recent call last):
  File "G:\AICoding\luscreen\src\screenshot_editor.py", line 370, in paintEvent
    draw_item(painter, item)
    ~~~~~~~~~^^^^^^^^^^^^^^^
  File "G:\AICoding\luscreen\src\screenshot_editor.py", line 365, in draw_item
    painter.setFont(item['font'])
                    ~~~~^^^^^^^^
KeyError: 'font'
2025-12-31 11:07:03,980 - Global - CRITICAL - Uncaught exception
Traceback (most recent call last):
  File "G:\AICoding\luscreen\src\screenshot_editor.py", line 370, in paintEvent
    draw_item(painter, item)
    ~~~~~~~~~^^^^^^^^^^^^^^^
  File "G:\AICoding\luscreen\src\screenshot_editor.py", line 365, in draw_item
    painter.setFont(item['font'])
                    ~~~~^^^^^^^^
KeyError: 'font'
2025-12-31 11:07:03,983 - Global - CRITICAL - Uncaught exception
Traceback (most recent call last):
  File "G:\AICoding\luscreen\src\screenshot_editor.py", line 370, in paintEvent
    draw_item(painter, item)
    ~~~~~~~~~^^^^^^^^^^^^^^^
  File "G:\AICoding\luscreen\src\screenshot_editor.py", line 365, in draw_item
    painter.setFont(item['font'])
                    ~~~~^^^^^^^^
KeyError: 'font'
2025-12-31 11:07:03,991 - Global - CRITICAL - Uncaught exception
Traceback (most recent call last):
  File "G:\AICoding\luscreen\src\screenshot_editor.py", line 370, in paintEvent
    draw_item(painter, item)
    ~~~~~~~~~^^^^^^^^^^^^^^^
  File "G:\AICoding\luscreen\src\screenshot_editor.py", line 365, in draw_item
    painter.setFont(item['font'])
                    ~~~~^^^^^^^^
KeyError: 'font'
2025-12-31 11:07:03,999 - Global - CRITICAL - Uncaught exception
Traceback (most recent call last):
  File "G:\AICoding\luscreen\src\screenshot_editor.py", line 370, in paintEvent
    draw_item(painter, item)
    ~~~~~~~~~^^^^^^^^^^^^^^^
  File "G:\AICoding\luscreen\src\screenshot_editor.py", line 365, in draw_item
    painter.setFont(item['font'])
                    ~~~~^^^^^^^^
KeyError: 'font'
2025-12-31 11:07:04,008 - Global - CRITICAL - Uncaught exception
Traceback (most recent call last):
  File "G:\AICoding\luscreen\src\screenshot_editor.py", line 370, in paintEvent
    draw_item(painter, item)
    ~~~~~~~~~^^^^^^^^^^^^^^^
  File "G:\AICoding\luscreen\src\screenshot_editor.py", line 365, in draw_item
    painter.setFont(item['font'])
                    ~~~~^^^^^^^^
KeyError: 'font'
2025-12-31 11:07:04,015 - Global - CRITICAL - Uncaught exception
Traceback (most recent call last):
  File "G:\AICoding\luscreen\src\screenshot_editor.py", line 370, in paintEvent
    draw_item(painter, item)
    ~~~~~~~~~^^^^^^^^^^^^^^^
  File "G:\AICoding\luscreen\src\screenshot_editor.py", line 365, in draw_item
    painter.setFont(item['font'])
                    ~~~~^^^^^^^^
KeyError: 'font'
2025-12-31 11:07:04,025 - Global - CRITICAL - Uncaught exception
Traceback (most recent call last):
  File "G:\AICoding\luscreen\src\screenshot_editor.py", line 370, in paintEvent
    draw_item(painter, item)
    ~~~~~~~~~^^^^^^^^^^^^^^^
  File "G:\AICoding\luscreen\src\screenshot_editor.py", line 365, in draw_item
    painter.setFont(item['font'])
                    ~~~~^^^^^^^^
KeyError: 'font'
2025-12-31 11:07:04,031 - Global - CRITICAL - Uncaught exception
Traceback (most recent call last):
  File "G:\AICoding\luscreen\src\screenshot_editor.py", line 370, in paintEvent
    draw_item(painter, item)
    ~~~~~~~~~^^^^^^^^^^^^^^^
  File "G:\AICoding\luscreen\src\screenshot_editor.py", line 365, in draw_item
    painter.setFont(item['font'])
                    ~~~~^^^^^^^^
KeyError: 'font'
2025-12-31 11:07:04,040 - Global - CRITICAL - Uncaught exception
Traceback (most recent call last):
  File "G:\AICoding\luscreen\src\screenshot_editor.py", line 370, in paintEvent
    draw_item(painter, item)
    ~~~~~~~~~^^^^^^^^^^^^^^^
  File "G:\AICoding\luscreen\src\screenshot_editor.py", line 365, in draw_item
    painter.setFont(item['font'])
                    ~~~~^^^^^^^^
KeyError: 'font'
2025-12-31 11:07:04,047 - Global - CRITICAL - Uncaught exception
Traceback (most recent call last):
  File "G:\AICoding\luscreen\src\screenshot_editor.py", line 370, in paintEvent
    draw_item(painter, item)
    ~~~~~~~~~^^^^^^^^^^^^^^^
  File "G:\AICoding\luscreen\src\screenshot_editor.py", line 365, in draw_item
    painter.setFont(item['font'])
                    ~~~~^^^^^^^^
KeyError: 'font'
2025-12-31 11:07:04,056 - Global - CRITICAL - Uncaught exception
Traceback (most recent call last):
  File "G:\AICoding\luscreen\src\screenshot_editor.py", line 370, in paintEvent
    draw_item(painter, item)
    ~~~~~~~~~^^^^^^^^^^^^^^^
  File "G:\AICoding\luscreen\src\screenshot_editor.py", line 365, in draw_item
    painter.setFont(item['font'])
                    ~~~~^^^^^^^^
KeyError: 'font'
2025-12-31 11:07:04,063 - Global - CRITICAL - Uncaught exception
Traceback (most recent call last):
  File "G:\AICoding\luscreen\src\screenshot_editor.py", line 370, in paintEvent
    draw_item(painter, item)
    ~~~~~~~~~^^^^^^^^^^^^^^^
  File "G:\AICoding\luscreen\src\screenshot_editor.py", line 365, in draw_item
    painter.setFont(item['font'])
                    ~~~~^^^^^^^^
KeyError: 'font'
2025-12-31 11:07:04,071 - Global - CRITICAL - Uncaught exception
Traceback (most recent call last):
  File "G:\AICoding\luscreen\src\screenshot_editor.py", line 370, in paintEvent
    draw_item(painter, item)
    ~~~~~~~~~^^^^^^^^^^^^^^^
  File "G:\AICoding\luscreen\src\screenshot_editor.py", line 365, in draw_item
    painter.setFont(item['font'])
                    ~~~~^^^^^^^^
KeyError: 'font'
2025-12-31 11:07:04,079 - Global - CRITICAL - Uncaught exception
Traceback (most recent call last):
  File "G:\AICoding\luscreen\src\screenshot_editor.py", line 370, in paintEvent
    draw_item(painter, item)
    ~~~~~~~~~^^^^^^^^^^^^^^^
  File "G:\AICoding\luscreen\src\screenshot_editor.py", line 365, in draw_item
    painter.setFont(item['font'])
                    ~~~~^^^^^^^^
KeyError: 'font'
2025-12-31 11:07:04,088 - Global - CRITICAL - Uncaught exception
Traceback (most recent call last):
  File "G:\AICoding\luscreen\src\screenshot_editor.py", line 370, in paintEvent
    draw_item(painter, item)
    ~~~~~~~~~^^^^^^^^^^^^^^^
  File "G:\AICoding\luscreen\src\screenshot_editor.py", line 365, in draw_item
    painter.setFont(item['font'])
                    ~~~~^^^^^^^^
KeyError: 'font'
2025-12-31 11:07:04,095 - Global - CRITICAL - Uncaught exception
Traceback (most recent call last):
  File "G:\AICoding\luscreen\src\screenshot_editor.py", line 370, in paintEvent
    draw_item(painter, item)
    ~~~~~~~~~^^^^^^^^^^^^^^^
  File "G:\AICoding\luscreen\src\screenshot_editor.py", line 365, in draw_item
    painter.setFont(item['font'])
                    ~~~~^^^^^^^^
KeyError: 'font'
2025-12-31 11:07:04,104 - Global - CRITICAL - Uncaught exception
Traceback (most recent call last):
  File "G:\AICoding\luscreen\src\screenshot_editor.py", line 370, in paintEvent
    draw_item(painter, item)
    ~~~~~~~~~^^^^^^^^^^^^^^^
  File "G:\AICoding\luscreen\src\screenshot_editor.py", line 365, in draw_item
    painter.setFont(item['font'])
                    ~~~~^^^^^^^^
KeyError: 'font'
2025-12-31 11:07:04,111 - Global - CRITICAL - Uncaught exception
Traceback (most recent call last):
  File "G:\AICoding\luscreen\src\screenshot_editor.py", line 370, in paintEvent
    draw_item(painter, item)
    ~~~~~~~~~^^^^^^^^^^^^^^^
  File "G:\AICoding\luscreen\src\screenshot_editor.py", line 365, in draw_item
    painter.setFont(item['font'])
                    ~~~~^^^^^^^^
KeyError: 'font'
2025-12-31 11:07:04,120 - Global - CRITICAL - Uncaught exception
Traceback (most recent call last):
  File "G:\AICoding\luscreen\src\screenshot_editor.py", line 370, in paintEvent
    draw_item(painter, item)
    ~~~~~~~~~^^^^^^^^^^^^^^^
  File "G:\AICoding\luscreen\src\screenshot_editor.py", line 365, in draw_item
    painter.setFont(item['font'])
                    ~~~~^^^^^^^^
KeyError: 'font'
2025-12-31 11:07:04,127 - Global - CRITICAL - Uncaught exception
Traceback (most recent call last):
  File "G:\AICoding\luscreen\src\screenshot_editor.py", line 370, in paintEvent
    draw_item(painter, item)
    ~~~~~~~~~^^^^^^^^^^^^^^^
  File "G:\AICoding\luscreen\src\screenshot_editor.py", line 365, in draw_item
    painter.setFont(item['font'])
                    ~~~~^^^^^^^^
KeyError: 'font'
2025-12-31 11:07:04,136 - Global - CRITICAL - Uncaught exception
Traceback (most recent call last):
  File "G:\AICoding\luscreen\src\screenshot_editor.py", line 370, in paintEvent
    draw_item(painter, item)
    ~~~~~~~~~^^^^^^^^^^^^^^^
  File "G:\AICoding\luscreen\src\screenshot_editor.py", line 365, in draw_item
    painter.setFont(item['font'])
                    ~~~~^^^^^^^^
KeyError: 'font'
2025-12-31 11:07:04,143 - Global - CRITICAL - Uncaught exception
Traceback (most recent call last):
  File "G:\AICoding\luscreen\src\screenshot_editor.py", line 370, in paintEvent
    draw_item(painter, item)
    ~~~~~~~~~^^^^^^^^^^^^^^^
  File "G:\AICoding\luscreen\src\screenshot_editor.py", line 365, in draw_item
    painter.setFont(item['font'])
                    ~~~~^^^^^^^^
KeyError: 'font'
2025-12-31 11:07:04,152 - Global - CRITICAL - Uncaught exception
Traceback (most recent call last):
  File "G:\AICoding\luscreen\src\screenshot_editor.py", line 370, in paintEvent
    draw_item(painter, item)
    ~~~~~~~~~^^^^^^^^^^^^^^^
  File "G:\AICoding\luscreen\src\screenshot_editor.py", line 365, in draw_item
    painter.setFont(item['font'])
                    ~~~~^^^^^^^^
KeyError: 'font'
2025-12-31 11:07:04,159 - Global - CRITICAL - Uncaught exception
Traceback (most recent call last):
  File "G:\AICoding\luscreen\src\screenshot_editor.py", line 370, in paintEvent
    draw_item(painter, item)
    ~~~~~~~~~^^^^^^^^^^^^^^^
  File "G:\AICoding\luscreen\src\screenshot_editor.py", line 365, in draw_item
    painter.setFont(item['font'])
                    ~~~~^^^^^^^^
KeyError: 'font'
2025-12-31 11:07:04,175 - Global - CRITICAL - Uncaught exception
Traceback (most recent call last):
  File "G:\AICoding\luscreen\src\screenshot_editor.py", line 370, in paintEvent
    draw_item(painter, item)
    ~~~~~~~~~^^^^^^^^^^^^^^^
  File "G:\AICoding\luscreen\src\screenshot_editor.py", line 365, in draw_item
    painter.setFont(item['font'])
                    ~~~~^^^^^^^^
KeyError: 'font'
2025-12-31 11:07:04,184 - Global - CRITICAL - Uncaught exception
Traceback (most recent call last):
  File "G:\AICoding\luscreen\src\screenshot_editor.py", line 370, in paintEvent
    draw_item(painter, item)
    ~~~~~~~~~^^^^^^^^^^^^^^^
  File "G:\AICoding\luscreen\src\screenshot_editor.py", line 365, in draw_item
    painter.setFont(item['font'])
                    ~~~~^^^^^^^^
KeyError: 'font'
2025-12-31 11:07:04,216 - Global - CRITICAL - Uncaught exception
Traceback (most recent call last):
  File "G:\AICoding\luscreen\src\screenshot_editor.py", line 370, in paintEvent
    draw_item(painter, item)
    ~~~~~~~~~^^^^^^^^^^^^^^^
  File "G:\AICoding\luscreen\src\screenshot_editor.py", line 365, in draw_item
    painter.setFont(item['font'])
                    ~~~~^^^^^^^^
KeyError: 'font'
2025-12-31 11:07:04,256 - Global - CRITICAL - Uncaught exception
Traceback (most recent call last):
  File "G:\AICoding\luscreen\src\screenshot_editor.py", line 370, in paintEvent
    draw_item(painter, item)
    ~~~~~~~~~^^^^^^^^^^^^^^^
  File "G:\AICoding\luscreen\src\screenshot_editor.py", line 365, in draw_item
    painter.setFont(item['font'])
                    ~~~~^^^^^^^^
KeyError: 'font'
2025-12-31 11:07:04,296 - Global - CRITICAL - Uncaught exception
Traceback (most recent call last):
  File "G:\AICoding\luscreen\src\screenshot_editor.py", line 370, in paintEvent
    draw_item(painter, item)
    ~~~~~~~~~^^^^^^^^^^^^^^^
  File "G:\AICoding\luscreen\src\screenshot_editor.py", line 365, in draw_item
    painter.setFont(item['font'])
                    ~~~~^^^^^^^^
KeyError: 'font'
2025-12-31 11:07:04,500 - Global - CRITICAL - Uncaught exception
Traceback (most recent call last):
  File "G:\AICoding\luscreen\src\screenshot_editor.py", line 370, in paintEvent
    draw_item(painter, item)
    ~~~~~~~~~^^^^^^^^^^^^^^^
  File "G:\AICoding\luscreen\src\screenshot_editor.py", line 365, in draw_item
    painter.setFont(item['font'])
                    ~~~~^^^^^^^^
KeyError: 'font'
2025-12-31 11:07:05,036 - Global - CRITICAL - Uncaught exception
Traceback (most recent call last):
  File "G:\AICoding\luscreen\src\screenshot_editor.py", line 370, in paintEvent
    draw_item(painter, item)
    ~~~~~~~~~^^^^^^^^^^^^^^^
  File "G:\AICoding\luscreen\src\screenshot_editor.py", line 365, in draw_item
    painter.setFont(item['font'])
                    ~~~~^^^^^^^^
KeyError: 'font'
2025-12-31 11:07:05,423 - Global - CRITICAL - Uncaught exception
Traceback (most recent call last):
  File "G:\AICoding\luscreen\src\screenshot_editor.py", line 370, in paintEvent
    draw_item(painter, item)
    ~~~~~~~~~^^^^^^^^^^^^^^^
  File "G:\AICoding\luscreen\src\screenshot_editor.py", line 365, in draw_item
    painter.setFont(item['font'])
                    ~~~~^^^^^^^^
KeyError: 'font'
2025-12-31 11:07:05,455 - Global - CRITICAL - Uncaught exception
Traceback (most recent call last):
  File "G:\AICoding\luscreen\src\screenshot_editor.py", line 370, in paintEvent
    draw_item(painter, item)
    ~~~~~~~~~^^^^^^^^^^^^^^^
  File "G:\AICoding\luscreen\src\screenshot_editor.py", line 365, in draw_item
    painter.setFont(item['font'])
                    ~~~~^^^^^^^^
KeyError: 'font'
2025-12-31 11:07:05,560 - Global - CRITICAL - Uncaught exception
Traceback (most recent call last):
  File "G:\AICoding\luscreen\src\screenshot_editor.py", line 370, in paintEvent
    draw_item(painter, item)
    ~~~~~~~~~^^^^^^^^^^^^^^^
  File "G:\AICoding\luscreen\src\screenshot_editor.py", line 365, in draw_item
    painter.setFont(item['font'])
                    ~~~~^^^^^^^^
KeyError: 'font'
2025-12-31 11:07:06,092 - Global - CRITICAL - Uncaught exception
Traceback (most recent call last):
  File "G:\AICoding\luscreen\src\screenshot_editor.py", line 370, in paintEvent
    draw_item(painter, item)
    ~~~~~~~~~^^^^^^^^^^^^^^^
  File "G:\AICoding\luscreen\src\screenshot_editor.py", line 365, in draw_item
    painter.setFont(item['font'])
                    ~~~~^^^^^^^^
KeyError: 'font'
2025-12-31 11:07:06,619 - Global - CRITICAL - Uncaught exception
Traceback (most recent call last):
  File "G:\AICoding\luscreen\src\screenshot_editor.py", line 370, in paintEvent
    draw_item(painter, item)
    ~~~~~~~~~^^^^^^^^^^^^^^^
  File "G:\AICoding\luscreen\src\screenshot_editor.py", line 365, in draw_item
    painter.setFont(item['font'])
                    ~~~~^^^^^^^^
KeyError: 'font'
2025-12-31 11:07:07,154 - Global - CRITICAL - Uncaught exception
Traceback (most recent call last):
  File "G:\AICoding\luscreen\src\screenshot_editor.py", line 370, in paintEvent
    draw_item(painter, item)
    ~~~~~~~~~^^^^^^^^^^^^^^^
  File "G:\AICoding\luscreen\src\screenshot_editor.py", line 365, in draw_item
    painter.setFont(item['font'])
                    ~~~~^^^^^^^^
KeyError: 'font'
2025-12-31 11:07:07,680 - Global - CRITICAL - Uncaught exception
Traceback (most recent call last):
  File "G:\AICoding\luscreen\src\screenshot_editor.py", line 370, in paintEvent
    draw_item(painter, item)
    ~~~~~~~~~^^^^^^^^^^^^^^^
  File "G:\AICoding\luscreen\src\screenshot_editor.py", line 365, in draw_item
    painter.setFont(item['font'])
                    ~~~~^^^^^^^^
KeyError: 'font'
2025-12-31 11:07:08,225 - Global - CRITICAL - Uncaught exception
Traceback (most recent call last):
  File "G:\AICoding\luscreen\src\screenshot_editor.py", line 370, in paintEvent
    draw_item(painter, item)
    ~~~~~~~~~^^^^^^^^^^^^^^^
  File "G:\AICoding\luscreen\src\screenshot_editor.py", line 365, in draw_item
    painter.setFont(item['font'])
                    ~~~~^^^^^^^^
KeyError: 'font'
2025-12-31 11:07:08,625 - Global - CRITICAL - Uncaught exception
Traceback (most recent call last):
  File "G:\AICoding\luscreen\src\screenshot_editor.py", line 370, in paintEvent
    draw_item(painter, item)
    ~~~~~~~~~^^^^^^^^^^^^^^^
  File "G:\AICoding\luscreen\src\screenshot_editor.py", line 365, in draw_item
    painter.setFont(item['font'])
                    ~~~~^^^^^^^^
KeyError: 'font'
2025-12-31 11:07:21,754 - Global - CRITICAL - Uncaught exception
Traceback (most recent call last):
  File "G:\AICoding\luscreen\src\screenshot_editor.py", line 370, in paintEvent
    draw_item(painter, item)
    ~~~~~~~~~^^^^^^^^^^^^^^^
  File "G:\AICoding\luscreen\src\screenshot_editor.py", line 365, in draw_item
    painter.setFont(item['font'])
                    ~~~~^^^^^^^^
KeyError: 'font'
2025-12-31 11:07:22,635 - Global - CRITICAL - Uncaught exception
Traceback (most recent call last):
  File "G:\AICoding\luscreen\src\screenshot_editor.py", line 370, in paintEvent
    draw_item(painter, item)
    ~~~~~~~~~^^^^^^^^^^^^^^^
  File "G:\AICoding\luscreen\src\screenshot_editor.py", line 365, in draw_item
    painter.setFont(item['font'])
                    ~~~~^^^^^^^^
KeyError: 'font'
2025-12-31 11:07:23,249 - Global - CRITICAL - Uncaught exception
Traceback (most recent call last):
  File "G:\AICoding\luscreen\src\screenshot_editor.py", line 370, in paintEvent
    draw_item(painter, item)
    ~~~~~~~~~^^^^^^^^^^^^^^^
  File "G:\AICoding\luscreen\src\screenshot_editor.py", line 365, in draw_item
    painter.setFont(item['font'])
                    ~~~~^^^^^^^^
KeyError: 'font'
2025-12-31 11:11:16,066 - Global - INFO - Global logger initialized. Version: 0.039
2025-12-31 11:11:19,714 - urllib3.connectionpool - DEBUG - Starting new HTTPS connection (1): raw.githubusercontent.com:443
2025-12-31 11:11:40,402 - urllib3.connectionpool - DEBUG - https://raw.githubusercontent.com:443 "GET /victorwu657/luscreen/main/version.json?t=1767150679 HTTP/1.1" 200 161
2025-12-31 11:16:58,962 - Global - CRITICAL - Uncaught exception
Traceback (most recent call last):
  File "G:\AICoding\luscreen\src\screenshot_editor.py", line 473, in mousePressEvent
    self.add_text(event.pos())
    ~~~~~~~~~~~~~^^^^^^^^^^^^^
  File "G:\AICoding\luscreen\src\screenshot_editor.py", line 585, in add_text
    self.active_text_editor.editingFinished.connect(self.commit_text_editor)
    ^^^^^^^^^^^^^^^^^^^^^^^^^^^^^^^^^^^^^^^
AttributeError: 'NoneType' object has no attribute 'editingFinished'
2025-12-31 11:16:58,969 - Global - CRITICAL - Uncaught exception
Traceback (most recent call last):
  File "G:\AICoding\luscreen\src\screenshot_editor.py", line 389, in paintEvent
    draw_item(painter, temp_item)
    ~~~~~~~~~^^^^^^^^^^^^^^^^^^^^
  File "G:\AICoding\luscreen\src\screenshot_editor.py", line 369, in draw_item
    painter.setFont(item['font'])
                    ~~~~^^^^^^^^
KeyError: 'font'
2025-12-31 11:16:59,042 - Global - CRITICAL - Uncaught exception
Traceback (most recent call last):
  File "G:\AICoding\luscreen\src\screenshot_editor.py", line 374, in paintEvent
    draw_item(painter, item)
    ~~~~~~~~~^^^^^^^^^^^^^^^
  File "G:\AICoding\luscreen\src\screenshot_editor.py", line 369, in draw_item
    painter.setFont(item['font'])
                    ~~~~^^^^^^^^
KeyError: 'font'
2025-12-31 11:17:08,993 - Global - CRITICAL - Uncaught exception
Traceback (most recent call last):
  File "G:\AICoding\luscreen\src\screenshot_editor.py", line 292, in handle_action
    self.save_image()
    ~~~~~~~~~~~~~~~^^
  File "G:\AICoding\luscreen\src\screenshot_editor.py", line 694, in save_image
    self.get_final_image().save(file_path)
    ~~~~~~~~~~~~~~~~~~~~^^
  File "G:\AICoding\luscreen\src\screenshot_editor.py", line 678, in get_final_image
    painter.setFont(item['font'])
                    ~~~~^^^^^^^^
KeyError: 'font'
2025-12-31 11:18:23,907 - Global - INFO - Global logger initialized. Version: 0.039
2025-12-31 11:18:27,629 - urllib3.connectionpool - DEBUG - Starting new HTTPS connection (1): raw.githubusercontent.com:443
2025-12-31 11:18:28,364 - urllib3.connectionpool - DEBUG - https://raw.githubusercontent.com:443 "GET /victorwu657/luscreen/main/version.json?t=1767151107 HTTP/1.1" 200 161
2025-12-31 11:19:03,873 - Global - CRITICAL - Uncaught exception
Traceback (most recent call last):
  File "G:\AICoding\luscreen\src\screenshot_editor.py", line 473, in mousePressEvent
    self.add_text(event.pos())
    ~~~~~~~~~~~~~^^^^^^^^^^^^^
  File "G:\AICoding\luscreen\src\screenshot_editor.py", line 585, in add_text
    self.active_text_editor.editingFinished.connect(self.commit_text_editor)
    ^^^^^^^^^^^^^^^^^^^^^^^^^^^^^^^^^^^^^^^
AttributeError: 'NoneType' object has no attribute 'editingFinished'
2025-12-31 11:19:03,879 - Global - CRITICAL - Uncaught exception
Traceback (most recent call last):
  File "G:\AICoding\luscreen\src\screenshot_editor.py", line 389, in paintEvent
    draw_item(painter, temp_item)
    ~~~~~~~~~^^^^^^^^^^^^^^^^^^^^
  File "G:\AICoding\luscreen\src\screenshot_editor.py", line 369, in draw_item
    painter.setFont(item['font'])
                    ~~~~^^^^^^^^
KeyError: 'font'
2025-12-31 11:19:03,955 - Global - CRITICAL - Uncaught exception
Traceback (most recent call last):
  File "G:\AICoding\luscreen\src\screenshot_editor.py", line 374, in paintEvent
    draw_item(painter, item)
    ~~~~~~~~~^^^^^^^^^^^^^^^
  File "G:\AICoding\luscreen\src\screenshot_editor.py", line 369, in draw_item
    painter.setFont(item['font'])
                    ~~~~^^^^^^^^
KeyError: 'font'
2025-12-31 11:19:09,012 - Global - CRITICAL - Uncaught exception
Traceback (most recent call last):
  File "G:\AICoding\luscreen\src\screenshot_editor.py", line 457, in mousePressEvent
    idx = self.hit_test(event.pos())
  File "G:\AICoding\luscreen\src\screenshot_editor.py", line 422, in hit_test
    fm = QFontMetrics(item['font'])
                      ~~~~^^^^^^^^
KeyError: 'font'
2025-12-31 11:19:09,055 - Global - CRITICAL - Uncaught exception
Traceback (most recent call last):
  File "G:\AICoding\luscreen\src\screenshot_editor.py", line 497, in mouseMoveEvent
    idx = self.hit_test(event.pos())
  File "G:\AICoding\luscreen\src\screenshot_editor.py", line 422, in hit_test
    fm = QFontMetrics(item['font'])
                      ~~~~^^^^^^^^
KeyError: 'font'
2025-12-31 11:19:09,071 - Global - CRITICAL - Uncaught exception
Traceback (most recent call last):
  File "G:\AICoding\luscreen\src\screenshot_editor.py", line 497, in mouseMoveEvent
    idx = self.hit_test(event.pos())
  File "G:\AICoding\luscreen\src\screenshot_editor.py", line 422, in hit_test
    fm = QFontMetrics(item['font'])
                      ~~~~^^^^^^^^
KeyError: 'font'
2025-12-31 11:19:09,079 - Global - CRITICAL - Uncaught exception
Traceback (most recent call last):
  File "G:\AICoding\luscreen\src\screenshot_editor.py", line 497, in mouseMoveEvent
    idx = self.hit_test(event.pos())
  File "G:\AICoding\luscreen\src\screenshot_editor.py", line 422, in hit_test
    fm = QFontMetrics(item['font'])
                      ~~~~^^^^^^^^
KeyError: 'font'
2025-12-31 11:19:09,087 - Global - CRITICAL - Uncaught exception
Traceback (most recent call last):
  File "G:\AICoding\luscreen\src\screenshot_editor.py", line 497, in mouseMoveEvent
    idx = self.hit_test(event.pos())
  File "G:\AICoding\luscreen\src\screenshot_editor.py", line 422, in hit_test
    fm = QFontMetrics(item['font'])
                      ~~~~^^^^^^^^
KeyError: 'font'
2025-12-31 11:19:09,095 - Global - CRITICAL - Uncaught exception
Traceback (most recent call last):
  File "G:\AICoding\luscreen\src\screenshot_editor.py", line 497, in mouseMoveEvent
    idx = self.hit_test(event.pos())
  File "G:\AICoding\luscreen\src\screenshot_editor.py", line 422, in hit_test
    fm = QFontMetrics(item['font'])
                      ~~~~^^^^^^^^
KeyError: 'font'
2025-12-31 11:19:09,103 - Global - CRITICAL - Uncaught exception
Traceback (most recent call last):
  File "G:\AICoding\luscreen\src\screenshot_editor.py", line 497, in mouseMoveEvent
    idx = self.hit_test(event.pos())
  File "G:\AICoding\luscreen\src\screenshot_editor.py", line 422, in hit_test
    fm = QFontMetrics(item['font'])
                      ~~~~^^^^^^^^
KeyError: 'font'
2025-12-31 11:19:09,111 - Global - CRITICAL - Uncaught exception
Traceback (most recent call last):
  File "G:\AICoding\luscreen\src\screenshot_editor.py", line 497, in mouseMoveEvent
    idx = self.hit_test(event.pos())
  File "G:\AICoding\luscreen\src\screenshot_editor.py", line 422, in hit_test
    fm = QFontMetrics(item['font'])
                      ~~~~^^^^^^^^
KeyError: 'font'
2025-12-31 11:19:09,119 - Global - CRITICAL - Uncaught exception
Traceback (most recent call last):
  File "G:\AICoding\luscreen\src\screenshot_editor.py", line 497, in mouseMoveEvent
    idx = self.hit_test(event.pos())
  File "G:\AICoding\luscreen\src\screenshot_editor.py", line 422, in hit_test
    fm = QFontMetrics(item['font'])
                      ~~~~^^^^^^^^
KeyError: 'font'
2025-12-31 11:19:09,127 - Global - CRITICAL - Uncaught exception
Traceback (most recent call last):
  File "G:\AICoding\luscreen\src\screenshot_editor.py", line 497, in mouseMoveEvent
    idx = self.hit_test(event.pos())
  File "G:\AICoding\luscreen\src\screenshot_editor.py", line 422, in hit_test
    fm = QFontMetrics(item['font'])
                      ~~~~^^^^^^^^
KeyError: 'font'
2025-12-31 11:19:09,135 - Global - CRITICAL - Uncaught exception
Traceback (most recent call last):
  File "G:\AICoding\luscreen\src\screenshot_editor.py", line 497, in mouseMoveEvent
    idx = self.hit_test(event.pos())
  File "G:\AICoding\luscreen\src\screenshot_editor.py", line 422, in hit_test
    fm = QFontMetrics(item['font'])
                      ~~~~^^^^^^^^
KeyError: 'font'
2025-12-31 11:19:09,143 - Global - CRITICAL - Uncaught exception
Traceback (most recent call last):
  File "G:\AICoding\luscreen\src\screenshot_editor.py", line 497, in mouseMoveEvent
    idx = self.hit_test(event.pos())
  File "G:\AICoding\luscreen\src\screenshot_editor.py", line 422, in hit_test
    fm = QFontMetrics(item['font'])
                      ~~~~^^^^^^^^
KeyError: 'font'
2025-12-31 11:19:09,151 - Global - CRITICAL - Uncaught exception
Traceback (most recent call last):
  File "G:\AICoding\luscreen\src\screenshot_editor.py", line 497, in mouseMoveEvent
    idx = self.hit_test(event.pos())
  File "G:\AICoding\luscreen\src\screenshot_editor.py", line 422, in hit_test
    fm = QFontMetrics(item['font'])
                      ~~~~^^^^^^^^
KeyError: 'font'
2025-12-31 11:19:09,159 - Global - CRITICAL - Uncaught exception
Traceback (most recent call last):
  File "G:\AICoding\luscreen\src\screenshot_editor.py", line 497, in mouseMoveEvent
    idx = self.hit_test(event.pos())
  File "G:\AICoding\luscreen\src\screenshot_editor.py", line 422, in hit_test
    fm = QFontMetrics(item['font'])
                      ~~~~^^^^^^^^
KeyError: 'font'
2025-12-31 11:19:09,167 - Global - CRITICAL - Uncaught exception
Traceback (most recent call last):
  File "G:\AICoding\luscreen\src\screenshot_editor.py", line 497, in mouseMoveEvent
    idx = self.hit_test(event.pos())
  File "G:\AICoding\luscreen\src\screenshot_editor.py", line 422, in hit_test
    fm = QFontMetrics(item['font'])
                      ~~~~^^^^^^^^
KeyError: 'font'
2025-12-31 11:19:09,183 - Global - CRITICAL - Uncaught exception
Traceback (most recent call last):
  File "G:\AICoding\luscreen\src\screenshot_editor.py", line 497, in mouseMoveEvent
    idx = self.hit_test(event.pos())
  File "G:\AICoding\luscreen\src\screenshot_editor.py", line 422, in hit_test
    fm = QFontMetrics(item['font'])
                      ~~~~^^^^^^^^
KeyError: 'font'
2025-12-31 11:19:09,287 - Global - CRITICAL - Uncaught exception
Traceback (most recent call last):
  File "G:\AICoding\luscreen\src\screenshot_editor.py", line 497, in mouseMoveEvent
    idx = self.hit_test(event.pos())
  File "G:\AICoding\luscreen\src\screenshot_editor.py", line 422, in hit_test
    fm = QFontMetrics(item['font'])
                      ~~~~^^^^^^^^
KeyError: 'font'
2025-12-31 11:19:09,295 - Global - CRITICAL - Uncaught exception
Traceback (most recent call last):
  File "G:\AICoding\luscreen\src\screenshot_editor.py", line 497, in mouseMoveEvent
    idx = self.hit_test(event.pos())
  File "G:\AICoding\luscreen\src\screenshot_editor.py", line 422, in hit_test
    fm = QFontMetrics(item['font'])
                      ~~~~^^^^^^^^
KeyError: 'font'
2025-12-31 11:19:09,495 - Global - CRITICAL - Uncaught exception
Traceback (most recent call last):
  File "G:\AICoding\luscreen\src\screenshot_editor.py", line 497, in mouseMoveEvent
    idx = self.hit_test(event.pos())
  File "G:\AICoding\luscreen\src\screenshot_editor.py", line 422, in hit_test
    fm = QFontMetrics(item['font'])
                      ~~~~^^^^^^^^
KeyError: 'font'
2025-12-31 11:19:09,824 - Global - CRITICAL - Uncaught exception
Traceback (most recent call last):
  File "G:\AICoding\luscreen\src\screenshot_editor.py", line 457, in mousePressEvent
    idx = self.hit_test(event.pos())
  File "G:\AICoding\luscreen\src\screenshot_editor.py", line 422, in hit_test
    fm = QFontMetrics(item['font'])
                      ~~~~^^^^^^^^
KeyError: 'font'
2025-12-31 11:19:09,879 - Global - CRITICAL - Uncaught exception
Traceback (most recent call last):
  File "G:\AICoding\luscreen\src\screenshot_editor.py", line 497, in mouseMoveEvent
    idx = self.hit_test(event.pos())
  File "G:\AICoding\luscreen\src\screenshot_editor.py", line 422, in hit_test
    fm = QFontMetrics(item['font'])
                      ~~~~^^^^^^^^
KeyError: 'font'
2025-12-31 11:19:09,887 - Global - CRITICAL - Uncaught exception
Traceback (most recent call last):
  File "G:\AICoding\luscreen\src\screenshot_editor.py", line 497, in mouseMoveEvent
    idx = self.hit_test(event.pos())
  File "G:\AICoding\luscreen\src\screenshot_editor.py", line 422, in hit_test
    fm = QFontMetrics(item['font'])
                      ~~~~^^^^^^^^
KeyError: 'font'
2025-12-31 11:19:09,895 - Global - CRITICAL - Uncaught exception
Traceback (most recent call last):
  File "G:\AICoding\luscreen\src\screenshot_editor.py", line 497, in mouseMoveEvent
    idx = self.hit_test(event.pos())
  File "G:\AICoding\luscreen\src\screenshot_editor.py", line 422, in hit_test
    fm = QFontMetrics(item['font'])
                      ~~~~^^^^^^^^
KeyError: 'font'
2025-12-31 11:19:09,903 - Global - CRITICAL - Uncaught exception
Traceback (most recent call last):
  File "G:\AICoding\luscreen\src\screenshot_editor.py", line 497, in mouseMoveEvent
    idx = self.hit_test(event.pos())
  File "G:\AICoding\luscreen\src\screenshot_editor.py", line 422, in hit_test
    fm = QFontMetrics(item['font'])
                      ~~~~^^^^^^^^
KeyError: 'font'
2025-12-31 11:19:09,911 - Global - CRITICAL - Uncaught exception
Traceback (most recent call last):
  File "G:\AICoding\luscreen\src\screenshot_editor.py", line 497, in mouseMoveEvent
    idx = self.hit_test(event.pos())
  File "G:\AICoding\luscreen\src\screenshot_editor.py", line 422, in hit_test
    fm = QFontMetrics(item['font'])
                      ~~~~^^^^^^^^
KeyError: 'font'
2025-12-31 11:19:09,919 - Global - CRITICAL - Uncaught exception
Traceback (most recent call last):
  File "G:\AICoding\luscreen\src\screenshot_editor.py", line 497, in mouseMoveEvent
    idx = self.hit_test(event.pos())
  File "G:\AICoding\luscreen\src\screenshot_editor.py", line 422, in hit_test
    fm = QFontMetrics(item['font'])
                      ~~~~^^^^^^^^
KeyError: 'font'
2025-12-31 11:19:09,927 - Global - CRITICAL - Uncaught exception
Traceback (most recent call last):
  File "G:\AICoding\luscreen\src\screenshot_editor.py", line 497, in mouseMoveEvent
    idx = self.hit_test(event.pos())
  File "G:\AICoding\luscreen\src\screenshot_editor.py", line 422, in hit_test
    fm = QFontMetrics(item['font'])
                      ~~~~^^^^^^^^
KeyError: 'font'
2025-12-31 11:19:09,935 - Global - CRITICAL - Uncaught exception
Traceback (most recent call last):
  File "G:\AICoding\luscreen\src\screenshot_editor.py", line 497, in mouseMoveEvent
    idx = self.hit_test(event.pos())
  File "G:\AICoding\luscreen\src\screenshot_editor.py", line 422, in hit_test
    fm = QFontMetrics(item['font'])
                      ~~~~^^^^^^^^
KeyError: 'font'
2025-12-31 11:19:09,943 - Global - CRITICAL - Uncaught exception
Traceback (most recent call last):
  File "G:\AICoding\luscreen\src\screenshot_editor.py", line 497, in mouseMoveEvent
    idx = self.hit_test(event.pos())
  File "G:\AICoding\luscreen\src\screenshot_editor.py", line 422, in hit_test
    fm = QFontMetrics(item['font'])
                      ~~~~^^^^^^^^
KeyError: 'font'
2025-12-31 11:19:09,951 - Global - CRITICAL - Uncaught exception
Traceback (most recent call last):
  File "G:\AICoding\luscreen\src\screenshot_editor.py", line 497, in mouseMoveEvent
    idx = self.hit_test(event.pos())
  File "G:\AICoding\luscreen\src\screenshot_editor.py", line 422, in hit_test
    fm = QFontMetrics(item['font'])
                      ~~~~^^^^^^^^
KeyError: 'font'
2025-12-31 11:19:09,959 - Global - CRITICAL - Uncaught exception
Traceback (most recent call last):
  File "G:\AICoding\luscreen\src\screenshot_editor.py", line 497, in mouseMoveEvent
    idx = self.hit_test(event.pos())
  File "G:\AICoding\luscreen\src\screenshot_editor.py", line 422, in hit_test
    fm = QFontMetrics(item['font'])
                      ~~~~^^^^^^^^
KeyError: 'font'
2025-12-31 11:19:09,968 - Global - CRITICAL - Uncaught exception
Traceback (most recent call last):
  File "G:\AICoding\luscreen\src\screenshot_editor.py", line 497, in mouseMoveEvent
    idx = self.hit_test(event.pos())
  File "G:\AICoding\luscreen\src\screenshot_editor.py", line 422, in hit_test
    fm = QFontMetrics(item['font'])
                      ~~~~^^^^^^^^
KeyError: 'font'
2025-12-31 11:19:09,975 - Global - CRITICAL - Uncaught exception
Traceback (most recent call last):
  File "G:\AICoding\luscreen\src\screenshot_editor.py", line 497, in mouseMoveEvent
    idx = self.hit_test(event.pos())
  File "G:\AICoding\luscreen\src\screenshot_editor.py", line 422, in hit_test
    fm = QFontMetrics(item['font'])
                      ~~~~^^^^^^^^
KeyError: 'font'
2025-12-31 11:19:09,984 - Global - CRITICAL - Uncaught exception
Traceback (most recent call last):
  File "G:\AICoding\luscreen\src\screenshot_editor.py", line 497, in mouseMoveEvent
    idx = self.hit_test(event.pos())
  File "G:\AICoding\luscreen\src\screenshot_editor.py", line 422, in hit_test
    fm = QFontMetrics(item['font'])
                      ~~~~^^^^^^^^
KeyError: 'font'
2025-12-31 11:19:09,991 - Global - CRITICAL - Uncaught exception
Traceback (most recent call last):
  File "G:\AICoding\luscreen\src\screenshot_editor.py", line 497, in mouseMoveEvent
    idx = self.hit_test(event.pos())
  File "G:\AICoding\luscreen\src\screenshot_editor.py", line 422, in hit_test
    fm = QFontMetrics(item['font'])
                      ~~~~^^^^^^^^
KeyError: 'font'
2025-12-31 11:19:09,999 - Global - CRITICAL - Uncaught exception
Traceback (most recent call last):
  File "G:\AICoding\luscreen\src\screenshot_editor.py", line 497, in mouseMoveEvent
    idx = self.hit_test(event.pos())
  File "G:\AICoding\luscreen\src\screenshot_editor.py", line 422, in hit_test
    fm = QFontMetrics(item['font'])
                      ~~~~^^^^^^^^
KeyError: 'font'
2025-12-31 11:19:10,007 - Global - CRITICAL - Uncaught exception
Traceback (most recent call last):
  File "G:\AICoding\luscreen\src\screenshot_editor.py", line 497, in mouseMoveEvent
    idx = self.hit_test(event.pos())
  File "G:\AICoding\luscreen\src\screenshot_editor.py", line 422, in hit_test
    fm = QFontMetrics(item['font'])
                      ~~~~^^^^^^^^
KeyError: 'font'
2025-12-31 11:19:10,023 - Global - CRITICAL - Uncaught exception
Traceback (most recent call last):
  File "G:\AICoding\luscreen\src\screenshot_editor.py", line 497, in mouseMoveEvent
    idx = self.hit_test(event.pos())
  File "G:\AICoding\luscreen\src\screenshot_editor.py", line 422, in hit_test
    fm = QFontMetrics(item['font'])
                      ~~~~^^^^^^^^
KeyError: 'font'
2025-12-31 11:19:10,047 - Global - CRITICAL - Uncaught exception
Traceback (most recent call last):
  File "G:\AICoding\luscreen\src\screenshot_editor.py", line 497, in mouseMoveEvent
    idx = self.hit_test(event.pos())
  File "G:\AICoding\luscreen\src\screenshot_editor.py", line 422, in hit_test
    fm = QFontMetrics(item['font'])
                      ~~~~^^^^^^^^
KeyError: 'font'
2025-12-31 11:19:10,055 - Global - CRITICAL - Uncaught exception
Traceback (most recent call last):
  File "G:\AICoding\luscreen\src\screenshot_editor.py", line 497, in mouseMoveEvent
    idx = self.hit_test(event.pos())
  File "G:\AICoding\luscreen\src\screenshot_editor.py", line 422, in hit_test
    fm = QFontMetrics(item['font'])
                      ~~~~^^^^^^^^
KeyError: 'font'
2025-12-31 11:19:10,071 - Global - CRITICAL - Uncaught exception
Traceback (most recent call last):
  File "G:\AICoding\luscreen\src\screenshot_editor.py", line 497, in mouseMoveEvent
    idx = self.hit_test(event.pos())
  File "G:\AICoding\luscreen\src\screenshot_editor.py", line 422, in hit_test
    fm = QFontMetrics(item['font'])
                      ~~~~^^^^^^^^
KeyError: 'font'
2025-12-31 11:19:10,079 - Global - CRITICAL - Uncaught exception
Traceback (most recent call last):
  File "G:\AICoding\luscreen\src\screenshot_editor.py", line 497, in mouseMoveEvent
    idx = self.hit_test(event.pos())
  File "G:\AICoding\luscreen\src\screenshot_editor.py", line 422, in hit_test
    fm = QFontMetrics(item['font'])
                      ~~~~^^^^^^^^
KeyError: 'font'
2025-12-31 11:19:10,095 - Global - CRITICAL - Uncaught exception
Traceback (most recent call last):
  File "G:\AICoding\luscreen\src\screenshot_editor.py", line 497, in mouseMoveEvent
    idx = self.hit_test(event.pos())
  File "G:\AICoding\luscreen\src\screenshot_editor.py", line 422, in hit_test
    fm = QFontMetrics(item['font'])
                      ~~~~^^^^^^^^
KeyError: 'font'
2025-12-31 11:19:10,119 - Global - CRITICAL - Uncaught exception
Traceback (most recent call last):
  File "G:\AICoding\luscreen\src\screenshot_editor.py", line 497, in mouseMoveEvent
    idx = self.hit_test(event.pos())
  File "G:\AICoding\luscreen\src\screenshot_editor.py", line 422, in hit_test
    fm = QFontMetrics(item['font'])
                      ~~~~^^^^^^^^
KeyError: 'font'
2025-12-31 11:19:10,152 - Global - CRITICAL - Uncaught exception
Traceback (most recent call last):
  File "G:\AICoding\luscreen\src\screenshot_editor.py", line 497, in mouseMoveEvent
    idx = self.hit_test(event.pos())
  File "G:\AICoding\luscreen\src\screenshot_editor.py", line 422, in hit_test
    fm = QFontMetrics(item['font'])
                      ~~~~^^^^^^^^
KeyError: 'font'
2025-12-31 11:19:10,175 - Global - CRITICAL - Uncaught exception
Traceback (most recent call last):
  File "G:\AICoding\luscreen\src\screenshot_editor.py", line 497, in mouseMoveEvent
    idx = self.hit_test(event.pos())
  File "G:\AICoding\luscreen\src\screenshot_editor.py", line 422, in hit_test
    fm = QFontMetrics(item['font'])
                      ~~~~^^^^^^^^
KeyError: 'font'
2025-12-31 11:19:10,831 - Global - CRITICAL - Uncaught exception
Traceback (most recent call last):
  File "G:\AICoding\luscreen\src\screenshot_editor.py", line 457, in mousePressEvent
    idx = self.hit_test(event.pos())
  File "G:\AICoding\luscreen\src\screenshot_editor.py", line 422, in hit_test
    fm = QFontMetrics(item['font'])
                      ~~~~^^^^^^^^
KeyError: 'font'
2025-12-31 11:19:10,903 - Global - CRITICAL - Uncaught exception
Traceback (most recent call last):
  File "G:\AICoding\luscreen\src\screenshot_editor.py", line 497, in mouseMoveEvent
    idx = self.hit_test(event.pos())
  File "G:\AICoding\luscreen\src\screenshot_editor.py", line 422, in hit_test
    fm = QFontMetrics(item['font'])
                      ~~~~^^^^^^^^
KeyError: 'font'
2025-12-31 11:19:10,911 - Global - CRITICAL - Uncaught exception
Traceback (most recent call last):
  File "G:\AICoding\luscreen\src\screenshot_editor.py", line 497, in mouseMoveEvent
    idx = self.hit_test(event.pos())
  File "G:\AICoding\luscreen\src\screenshot_editor.py", line 422, in hit_test
    fm = QFontMetrics(item['font'])
                      ~~~~^^^^^^^^
KeyError: 'font'
2025-12-31 11:19:10,919 - Global - CRITICAL - Uncaught exception
Traceback (most recent call last):
  File "G:\AICoding\luscreen\src\screenshot_editor.py", line 497, in mouseMoveEvent
    idx = self.hit_test(event.pos())
  File "G:\AICoding\luscreen\src\screenshot_editor.py", line 422, in hit_test
    fm = QFontMetrics(item['font'])
                      ~~~~^^^^^^^^
KeyError: 'font'
2025-12-31 11:19:10,927 - Global - CRITICAL - Uncaught exception
Traceback (most recent call last):
  File "G:\AICoding\luscreen\src\screenshot_editor.py", line 497, in mouseMoveEvent
    idx = self.hit_test(event.pos())
  File "G:\AICoding\luscreen\src\screenshot_editor.py", line 422, in hit_test
    fm = QFontMetrics(item['font'])
                      ~~~~^^^^^^^^
KeyError: 'font'
2025-12-31 11:19:10,935 - Global - CRITICAL - Uncaught exception
Traceback (most recent call last):
  File "G:\AICoding\luscreen\src\screenshot_editor.py", line 497, in mouseMoveEvent
    idx = self.hit_test(event.pos())
  File "G:\AICoding\luscreen\src\screenshot_editor.py", line 422, in hit_test
    fm = QFontMetrics(item['font'])
                      ~~~~^^^^^^^^
KeyError: 'font'
2025-12-31 11:19:10,943 - Global - CRITICAL - Uncaught exception
Traceback (most recent call last):
  File "G:\AICoding\luscreen\src\screenshot_editor.py", line 497, in mouseMoveEvent
    idx = self.hit_test(event.pos())
  File "G:\AICoding\luscreen\src\screenshot_editor.py", line 422, in hit_test
    fm = QFontMetrics(item['font'])
                      ~~~~^^^^^^^^
KeyError: 'font'
2025-12-31 11:19:10,951 - Global - CRITICAL - Uncaught exception
Traceback (most recent call last):
  File "G:\AICoding\luscreen\src\screenshot_editor.py", line 497, in mouseMoveEvent
    idx = self.hit_test(event.pos())
  File "G:\AICoding\luscreen\src\screenshot_editor.py", line 422, in hit_test
    fm = QFontMetrics(item['font'])
                      ~~~~^^^^^^^^
KeyError: 'font'
2025-12-31 11:19:10,959 - Global - CRITICAL - Uncaught exception
Traceback (most recent call last):
  File "G:\AICoding\luscreen\src\screenshot_editor.py", line 497, in mouseMoveEvent
    idx = self.hit_test(event.pos())
  File "G:\AICoding\luscreen\src\screenshot_editor.py", line 422, in hit_test
    fm = QFontMetrics(item['font'])
                      ~~~~^^^^^^^^
KeyError: 'font'
2025-12-31 11:19:10,967 - Global - CRITICAL - Uncaught exception
Traceback (most recent call last):
  File "G:\AICoding\luscreen\src\screenshot_editor.py", line 497, in mouseMoveEvent
    idx = self.hit_test(event.pos())
  File "G:\AICoding\luscreen\src\screenshot_editor.py", line 422, in hit_test
    fm = QFontMetrics(item['font'])
                      ~~~~^^^^^^^^
KeyError: 'font'
2025-12-31 11:19:10,975 - Global - CRITICAL - Uncaught exception
Traceback (most recent call last):
  File "G:\AICoding\luscreen\src\screenshot_editor.py", line 497, in mouseMoveEvent
    idx = self.hit_test(event.pos())
  File "G:\AICoding\luscreen\src\screenshot_editor.py", line 422, in hit_test
    fm = QFontMetrics(item['font'])
                      ~~~~^^^^^^^^
KeyError: 'font'
2025-12-31 11:19:10,991 - Global - CRITICAL - Uncaught exception
Traceback (most recent call last):
  File "G:\AICoding\luscreen\src\screenshot_editor.py", line 497, in mouseMoveEvent
    idx = self.hit_test(event.pos())
  File "G:\AICoding\luscreen\src\screenshot_editor.py", line 422, in hit_test
    fm = QFontMetrics(item['font'])
                      ~~~~^^^^^^^^
KeyError: 'font'
2025-12-31 11:19:10,999 - Global - CRITICAL - Uncaught exception
Traceback (most recent call last):
  File "G:\AICoding\luscreen\src\screenshot_editor.py", line 497, in mouseMoveEvent
    idx = self.hit_test(event.pos())
  File "G:\AICoding\luscreen\src\screenshot_editor.py", line 422, in hit_test
    fm = QFontMetrics(item['font'])
                      ~~~~^^^^^^^^
KeyError: 'font'
2025-12-31 11:19:13,912 - Global - CRITICAL - Uncaught exception
Traceback (most recent call last):
  File "G:\AICoding\luscreen\src\screenshot_editor.py", line 457, in mousePressEvent
    idx = self.hit_test(event.pos())
  File "G:\AICoding\luscreen\src\screenshot_editor.py", line 422, in hit_test
    fm = QFontMetrics(item['font'])
                      ~~~~^^^^^^^^
KeyError: 'font'
2025-12-31 11:19:13,992 - Global - CRITICAL - Uncaught exception
Traceback (most recent call last):
  File "G:\AICoding\luscreen\src\screenshot_editor.py", line 497, in mouseMoveEvent
    idx = self.hit_test(event.pos())
  File "G:\AICoding\luscreen\src\screenshot_editor.py", line 422, in hit_test
    fm = QFontMetrics(item['font'])
                      ~~~~^^^^^^^^
KeyError: 'font'
2025-12-31 11:19:13,999 - Global - CRITICAL - Uncaught exception
Traceback (most recent call last):
  File "G:\AICoding\luscreen\src\screenshot_editor.py", line 497, in mouseMoveEvent
    idx = self.hit_test(event.pos())
  File "G:\AICoding\luscreen\src\screenshot_editor.py", line 422, in hit_test
    fm = QFontMetrics(item['font'])
                      ~~~~^^^^^^^^
KeyError: 'font'
2025-12-31 11:19:14,008 - Global - CRITICAL - Uncaught exception
Traceback (most recent call last):
  File "G:\AICoding\luscreen\src\screenshot_editor.py", line 497, in mouseMoveEvent
    idx = self.hit_test(event.pos())
  File "G:\AICoding\luscreen\src\screenshot_editor.py", line 422, in hit_test
    fm = QFontMetrics(item['font'])
                      ~~~~^^^^^^^^
KeyError: 'font'
2025-12-31 11:19:14,015 - Global - CRITICAL - Uncaught exception
Traceback (most recent call last):
  File "G:\AICoding\luscreen\src\screenshot_editor.py", line 497, in mouseMoveEvent
    idx = self.hit_test(event.pos())
  File "G:\AICoding\luscreen\src\screenshot_editor.py", line 422, in hit_test
    fm = QFontMetrics(item['font'])
                      ~~~~^^^^^^^^
KeyError: 'font'
2025-12-31 11:19:14,023 - Global - CRITICAL - Uncaught exception
Traceback (most recent call last):
  File "G:\AICoding\luscreen\src\screenshot_editor.py", line 497, in mouseMoveEvent
    idx = self.hit_test(event.pos())
  File "G:\AICoding\luscreen\src\screenshot_editor.py", line 422, in hit_test
    fm = QFontMetrics(item['font'])
                      ~~~~^^^^^^^^
KeyError: 'font'
2025-12-31 11:19:14,031 - Global - CRITICAL - Uncaught exception
Traceback (most recent call last):
  File "G:\AICoding\luscreen\src\screenshot_editor.py", line 497, in mouseMoveEvent
    idx = self.hit_test(event.pos())
  File "G:\AICoding\luscreen\src\screenshot_editor.py", line 422, in hit_test
    fm = QFontMetrics(item['font'])
                      ~~~~^^^^^^^^
KeyError: 'font'
2025-12-31 11:19:14,039 - Global - CRITICAL - Uncaught exception
Traceback (most recent call last):
  File "G:\AICoding\luscreen\src\screenshot_editor.py", line 497, in mouseMoveEvent
    idx = self.hit_test(event.pos())
  File "G:\AICoding\luscreen\src\screenshot_editor.py", line 422, in hit_test
    fm = QFontMetrics(item['font'])
                      ~~~~^^^^^^^^
KeyError: 'font'
2025-12-31 11:19:14,047 - Global - CRITICAL - Uncaught exception
Traceback (most recent call last):
  File "G:\AICoding\luscreen\src\screenshot_editor.py", line 497, in mouseMoveEvent
    idx = self.hit_test(event.pos())
  File "G:\AICoding\luscreen\src\screenshot_editor.py", line 422, in hit_test
    fm = QFontMetrics(item['font'])
                      ~~~~^^^^^^^^
KeyError: 'font'
2025-12-31 11:19:14,055 - Global - CRITICAL - Uncaught exception
Traceback (most recent call last):
  File "G:\AICoding\luscreen\src\screenshot_editor.py", line 497, in mouseMoveEvent
    idx = self.hit_test(event.pos())
  File "G:\AICoding\luscreen\src\screenshot_editor.py", line 422, in hit_test
    fm = QFontMetrics(item['font'])
                      ~~~~^^^^^^^^
KeyError: 'font'
2025-12-31 11:19:14,063 - Global - CRITICAL - Uncaught exception
Traceback (most recent call last):
  File "G:\AICoding\luscreen\src\screenshot_editor.py", line 497, in mouseMoveEvent
    idx = self.hit_test(event.pos())
  File "G:\AICoding\luscreen\src\screenshot_editor.py", line 422, in hit_test
    fm = QFontMetrics(item['font'])
                      ~~~~^^^^^^^^
KeyError: 'font'
2025-12-31 11:19:14,071 - Global - CRITICAL - Uncaught exception
Traceback (most recent call last):
  File "G:\AICoding\luscreen\src\screenshot_editor.py", line 497, in mouseMoveEvent
    idx = self.hit_test(event.pos())
  File "G:\AICoding\luscreen\src\screenshot_editor.py", line 422, in hit_test
    fm = QFontMetrics(item['font'])
                      ~~~~^^^^^^^^
KeyError: 'font'
2025-12-31 11:19:14,079 - Global - CRITICAL - Uncaught exception
Traceback (most recent call last):
  File "G:\AICoding\luscreen\src\screenshot_editor.py", line 497, in mouseMoveEvent
    idx = self.hit_test(event.pos())
  File "G:\AICoding\luscreen\src\screenshot_editor.py", line 422, in hit_test
    fm = QFontMetrics(item['font'])
                      ~~~~^^^^^^^^
KeyError: 'font'
2025-12-31 11:19:14,087 - Global - CRITICAL - Uncaught exception
Traceback (most recent call last):
  File "G:\AICoding\luscreen\src\screenshot_editor.py", line 497, in mouseMoveEvent
    idx = self.hit_test(event.pos())
  File "G:\AICoding\luscreen\src\screenshot_editor.py", line 422, in hit_test
    fm = QFontMetrics(item['font'])
                      ~~~~^^^^^^^^
KeyError: 'font'
2025-12-31 11:19:14,095 - Global - CRITICAL - Uncaught exception
Traceback (most recent call last):
  File "G:\AICoding\luscreen\src\screenshot_editor.py", line 497, in mouseMoveEvent
    idx = self.hit_test(event.pos())
  File "G:\AICoding\luscreen\src\screenshot_editor.py", line 422, in hit_test
    fm = QFontMetrics(item['font'])
                      ~~~~^^^^^^^^
KeyError: 'font'
2025-12-31 11:19:14,127 - Global - CRITICAL - Uncaught exception
Traceback (most recent call last):
  File "G:\AICoding\luscreen\src\screenshot_editor.py", line 497, in mouseMoveEvent
    idx = self.hit_test(event.pos())
  File "G:\AICoding\luscreen\src\screenshot_editor.py", line 422, in hit_test
    fm = QFontMetrics(item['font'])
                      ~~~~^^^^^^^^
KeyError: 'font'
2025-12-31 11:19:14,200 - Global - CRITICAL - Uncaught exception
Traceback (most recent call last):
  File "G:\AICoding\luscreen\src\screenshot_editor.py", line 497, in mouseMoveEvent
    idx = self.hit_test(event.pos())
  File "G:\AICoding\luscreen\src\screenshot_editor.py", line 422, in hit_test
    fm = QFontMetrics(item['font'])
                      ~~~~^^^^^^^^
KeyError: 'font'
2025-12-31 11:20:01,130 - Global - INFO - Global logger initialized. Version: 0.039
2025-12-31 11:20:04,787 - urllib3.connectionpool - DEBUG - Starting new HTTPS connection (1): raw.githubusercontent.com:443
2025-12-31 11:20:05,305 - urllib3.connectionpool - DEBUG - https://raw.githubusercontent.com:443 "GET /victorwu657/luscreen/main/version.json?t=1767151204 HTTP/1.1" 200 161
2025-12-31 11:20:20,865 - Global - CRITICAL - Uncaught exception
Traceback (most recent call last):
  File "G:\AICoding\luscreen\src\screenshot_editor.py", line 473, in mousePressEvent
    self.add_text(event.pos())
    ~~~~~~~~~~~~~^^^^^^^^^^^^^
  File "G:\AICoding\luscreen\src\screenshot_editor.py", line 585, in add_text
    self.active_text_editor.editingFinished.connect(self.commit_text_editor)
    ^^^^^^^^^^^^^^^^^^^^^^^^^^^^^^^^^^^^^^^
AttributeError: 'NoneType' object has no attribute 'editingFinished'
2025-12-31 11:20:20,873 - Global - CRITICAL - Uncaught exception
Traceback (most recent call last):
  File "G:\AICoding\luscreen\src\screenshot_editor.py", line 389, in paintEvent
    draw_item(painter, temp_item)
    ~~~~~~~~~^^^^^^^^^^^^^^^^^^^^
  File "G:\AICoding\luscreen\src\screenshot_editor.py", line 369, in draw_item
    painter.setFont(item['font'])
                    ~~~~^^^^^^^^
KeyError: 'font'
2025-12-31 11:20:20,945 - Global - CRITICAL - Uncaught exception
Traceback (most recent call last):
  File "G:\AICoding\luscreen\src\screenshot_editor.py", line 374, in paintEvent
    draw_item(painter, item)
    ~~~~~~~~~^^^^^^^^^^^^^^^
  File "G:\AICoding\luscreen\src\screenshot_editor.py", line 369, in draw_item
    painter.setFont(item['font'])
                    ~~~~^^^^^^^^
KeyError: 'font'
2025-12-31 11:20:21,998 - Global - CRITICAL - Uncaught exception
Traceback (most recent call last):
  File "G:\AICoding\luscreen\src\screenshot_editor.py", line 374, in paintEvent
    draw_item(painter, item)
    ~~~~~~~~~^^^^^^^^^^^^^^^
  File "G:\AICoding\luscreen\src\screenshot_editor.py", line 369, in draw_item
    painter.setFont(item['font'])
                    ~~~~^^^^^^^^
KeyError: 'font'
2025-12-31 11:20:22,089 - Global - CRITICAL - Uncaught exception
Traceback (most recent call last):
  File "G:\AICoding\luscreen\src\screenshot_editor.py", line 374, in paintEvent
    draw_item(painter, item)
    ~~~~~~~~~^^^^^^^^^^^^^^^
  File "G:\AICoding\luscreen\src\screenshot_editor.py", line 369, in draw_item
    painter.setFont(item['font'])
                    ~~~~^^^^^^^^
KeyError: 'font'
2025-12-31 11:20:22,533 - Global - CRITICAL - Uncaught exception
Traceback (most recent call last):
  File "G:\AICoding\luscreen\src\screenshot_editor.py", line 374, in paintEvent
    draw_item(painter, item)
    ~~~~~~~~~^^^^^^^^^^^^^^^
  File "G:\AICoding\luscreen\src\screenshot_editor.py", line 369, in draw_item
    painter.setFont(item['font'])
                    ~~~~^^^^^^^^
KeyError: 'font'
2025-12-31 11:20:23,031 - Global - CRITICAL - Uncaught exception
Traceback (most recent call last):
  File "G:\AICoding\luscreen\src\screenshot_editor.py", line 374, in paintEvent
    draw_item(painter, item)
    ~~~~~~~~~^^^^^^^^^^^^^^^
  File "G:\AICoding\luscreen\src\screenshot_editor.py", line 369, in draw_item
    painter.setFont(item['font'])
                    ~~~~^^^^^^^^
KeyError: 'font'
2025-12-31 11:20:23,056 - Global - CRITICAL - Uncaught exception
Traceback (most recent call last):
  File "G:\AICoding\luscreen\src\screenshot_editor.py", line 374, in paintEvent
    draw_item(painter, item)
    ~~~~~~~~~^^^^^^^^^^^^^^^
  File "G:\AICoding\luscreen\src\screenshot_editor.py", line 369, in draw_item
    painter.setFont(item['font'])
                    ~~~~^^^^^^^^
KeyError: 'font'
2025-12-31 11:20:23,593 - Global - CRITICAL - Uncaught exception
Traceback (most recent call last):
  File "G:\AICoding\luscreen\src\screenshot_editor.py", line 374, in paintEvent
    draw_item(painter, item)
    ~~~~~~~~~^^^^^^^^^^^^^^^
  File "G:\AICoding\luscreen\src\screenshot_editor.py", line 369, in draw_item
    painter.setFont(item['font'])
                    ~~~~^^^^^^^^
KeyError: 'font'
2025-12-31 11:20:24,131 - Global - CRITICAL - Uncaught exception
Traceback (most recent call last):
  File "G:\AICoding\luscreen\src\screenshot_editor.py", line 374, in paintEvent
    draw_item(painter, item)
    ~~~~~~~~~^^^^^^^^^^^^^^^
  File "G:\AICoding\luscreen\src\screenshot_editor.py", line 369, in draw_item
    painter.setFont(item['font'])
                    ~~~~^^^^^^^^
KeyError: 'font'
2025-12-31 11:20:24,663 - Global - CRITICAL - Uncaught exception
Traceback (most recent call last):
  File "G:\AICoding\luscreen\src\screenshot_editor.py", line 374, in paintEvent
    draw_item(painter, item)
    ~~~~~~~~~^^^^^^^^^^^^^^^
  File "G:\AICoding\luscreen\src\screenshot_editor.py", line 369, in draw_item
    painter.setFont(item['font'])
                    ~~~~^^^^^^^^
KeyError: 'font'
2025-12-31 11:20:25,180 - Global - CRITICAL - Uncaught exception
Traceback (most recent call last):
  File "G:\AICoding\luscreen\src\screenshot_editor.py", line 374, in paintEvent
    draw_item(painter, item)
    ~~~~~~~~~^^^^^^^^^^^^^^^
  File "G:\AICoding\luscreen\src\screenshot_editor.py", line 369, in draw_item
    painter.setFont(item['font'])
                    ~~~~^^^^^^^^
KeyError: 'font'
2025-12-31 11:20:25,713 - Global - CRITICAL - Uncaught exception
Traceback (most recent call last):
  File "G:\AICoding\luscreen\src\screenshot_editor.py", line 374, in paintEvent
    draw_item(painter, item)
    ~~~~~~~~~^^^^^^^^^^^^^^^
  File "G:\AICoding\luscreen\src\screenshot_editor.py", line 369, in draw_item
    painter.setFont(item['font'])
                    ~~~~^^^^^^^^
KeyError: 'font'
2025-12-31 11:20:26,246 - Global - CRITICAL - Uncaught exception
Traceback (most recent call last):
  File "G:\AICoding\luscreen\src\screenshot_editor.py", line 374, in paintEvent
    draw_item(painter, item)
    ~~~~~~~~~^^^^^^^^^^^^^^^
  File "G:\AICoding\luscreen\src\screenshot_editor.py", line 369, in draw_item
    painter.setFont(item['font'])
                    ~~~~^^^^^^^^
KeyError: 'font'
2025-12-31 11:20:26,779 - Global - CRITICAL - Uncaught exception
Traceback (most recent call last):
  File "G:\AICoding\luscreen\src\screenshot_editor.py", line 374, in paintEvent
    draw_item(painter, item)
    ~~~~~~~~~^^^^^^^^^^^^^^^
  File "G:\AICoding\luscreen\src\screenshot_editor.py", line 369, in draw_item
    painter.setFont(item['font'])
                    ~~~~^^^^^^^^
KeyError: 'font'
2025-12-31 11:20:27,315 - Global - CRITICAL - Uncaught exception
Traceback (most recent call last):
  File "G:\AICoding\luscreen\src\screenshot_editor.py", line 374, in paintEvent
    draw_item(painter, item)
    ~~~~~~~~~^^^^^^^^^^^^^^^
  File "G:\AICoding\luscreen\src\screenshot_editor.py", line 369, in draw_item
    painter.setFont(item['font'])
                    ~~~~^^^^^^^^
KeyError: 'font'
2025-12-31 11:20:27,841 - Global - CRITICAL - Uncaught exception
Traceback (most recent call last):
  File "G:\AICoding\luscreen\src\screenshot_editor.py", line 374, in paintEvent
    draw_item(painter, item)
    ~~~~~~~~~^^^^^^^^^^^^^^^
  File "G:\AICoding\luscreen\src\screenshot_editor.py", line 369, in draw_item
    painter.setFont(item['font'])
                    ~~~~^^^^^^^^
KeyError: 'font'
2025-12-31 11:20:28,096 - Global - CRITICAL - Uncaught exception
Traceback (most recent call last):
  File "G:\AICoding\luscreen\src\screenshot_editor.py", line 374, in paintEvent
    draw_item(painter, item)
    ~~~~~~~~~^^^^^^^^^^^^^^^
  File "G:\AICoding\luscreen\src\screenshot_editor.py", line 369, in draw_item
    painter.setFont(item['font'])
                    ~~~~^^^^^^^^
KeyError: 'font'
2025-12-31 11:20:28,377 - Global - CRITICAL - Uncaught exception
Traceback (most recent call last):
  File "G:\AICoding\luscreen\src\screenshot_editor.py", line 374, in paintEvent
    draw_item(painter, item)
    ~~~~~~~~~^^^^^^^^^^^^^^^
  File "G:\AICoding\luscreen\src\screenshot_editor.py", line 369, in draw_item
    painter.setFont(item['font'])
                    ~~~~^^^^^^^^
KeyError: 'font'
2025-12-31 11:20:28,902 - Global - CRITICAL - Uncaught exception
Traceback (most recent call last):
  File "G:\AICoding\luscreen\src\screenshot_editor.py", line 374, in paintEvent
    draw_item(painter, item)
    ~~~~~~~~~^^^^^^^^^^^^^^^
  File "G:\AICoding\luscreen\src\screenshot_editor.py", line 369, in draw_item
    painter.setFont(item['font'])
                    ~~~~^^^^^^^^
KeyError: 'font'
2025-12-31 11:20:29,193 - Global - CRITICAL - Uncaught exception
Traceback (most recent call last):
  File "G:\AICoding\luscreen\src\screenshot_editor.py", line 473, in mousePressEvent
    self.add_text(event.pos())
    ~~~~~~~~~~~~~^^^^^^^^^^^^^
  File "G:\AICoding\luscreen\src\screenshot_editor.py", line 585, in add_text
    self.active_text_editor.editingFinished.connect(self.commit_text_editor)
    ^^^^^^^^^^^^^^^^^^^^^^^^^^^^^^^^^^^^^^^
AttributeError: 'NoneType' object has no attribute 'editingFinished'
2025-12-31 11:20:29,199 - Global - CRITICAL - Uncaught exception
Traceback (most recent call last):
  File "G:\AICoding\luscreen\src\screenshot_editor.py", line 374, in paintEvent
    draw_item(painter, item)
    ~~~~~~~~~^^^^^^^^^^^^^^^
  File "G:\AICoding\luscreen\src\screenshot_editor.py", line 369, in draw_item
    painter.setFont(item['font'])
                    ~~~~^^^^^^^^
KeyError: 'font'
2025-12-31 11:20:29,282 - Global - CRITICAL - Uncaught exception
Traceback (most recent call last):
  File "G:\AICoding\luscreen\src\screenshot_editor.py", line 374, in paintEvent
    draw_item(painter, item)
    ~~~~~~~~~^^^^^^^^^^^^^^^
  File "G:\AICoding\luscreen\src\screenshot_editor.py", line 369, in draw_item
    painter.setFont(item['font'])
                    ~~~~^^^^^^^^
KeyError: 'font'
2025-12-31 11:20:29,972 - Global - CRITICAL - Uncaught exception
Traceback (most recent call last):
  File "G:\AICoding\luscreen\src\screenshot_editor.py", line 374, in paintEvent
    draw_item(painter, item)
    ~~~~~~~~~^^^^^^^^^^^^^^^
  File "G:\AICoding\luscreen\src\screenshot_editor.py", line 369, in draw_item
    painter.setFont(item['font'])
                    ~~~~^^^^^^^^
KeyError: 'font'
2025-12-31 11:20:30,057 - Global - CRITICAL - Uncaught exception
Traceback (most recent call last):
  File "G:\AICoding\luscreen\src\screenshot_editor.py", line 374, in paintEvent
    draw_item(painter, item)
    ~~~~~~~~~^^^^^^^^^^^^^^^
  File "G:\AICoding\luscreen\src\screenshot_editor.py", line 369, in draw_item
    painter.setFont(item['font'])
                    ~~~~^^^^^^^^
KeyError: 'font'
2025-12-31 11:20:30,499 - Global - CRITICAL - Uncaught exception
Traceback (most recent call last):
  File "G:\AICoding\luscreen\src\screenshot_editor.py", line 374, in paintEvent
    draw_item(painter, item)
    ~~~~~~~~~^^^^^^^^^^^^^^^
  File "G:\AICoding\luscreen\src\screenshot_editor.py", line 369, in draw_item
    painter.setFont(item['font'])
                    ~~~~^^^^^^^^
KeyError: 'font'
2025-12-31 11:20:30,751 - Global - CRITICAL - Uncaught exception
Traceback (most recent call last):
  File "G:\AICoding\luscreen\src\screenshot_editor.py", line 374, in paintEvent
    draw_item(painter, item)
    ~~~~~~~~~^^^^^^^^^^^^^^^
  File "G:\AICoding\luscreen\src\screenshot_editor.py", line 369, in draw_item
    painter.setFont(item['font'])
                    ~~~~^^^^^^^^
KeyError: 'font'
2025-12-31 11:20:31,024 - Global - CRITICAL - Uncaught exception
Traceback (most recent call last):
  File "G:\AICoding\luscreen\src\screenshot_editor.py", line 374, in paintEvent
    draw_item(painter, item)
    ~~~~~~~~~^^^^^^^^^^^^^^^
  File "G:\AICoding\luscreen\src\screenshot_editor.py", line 369, in draw_item
    painter.setFont(item['font'])
                    ~~~~^^^^^^^^
KeyError: 'font'
2025-12-31 11:20:31,560 - Global - CRITICAL - Uncaught exception
Traceback (most recent call last):
  File "G:\AICoding\luscreen\src\screenshot_editor.py", line 374, in paintEvent
    draw_item(painter, item)
    ~~~~~~~~~^^^^^^^^^^^^^^^
  File "G:\AICoding\luscreen\src\screenshot_editor.py", line 369, in draw_item
    painter.setFont(item['font'])
                    ~~~~^^^^^^^^
KeyError: 'font'
2025-12-31 11:20:31,737 - Global - CRITICAL - Uncaught exception
Traceback (most recent call last):
  File "G:\AICoding\luscreen\src\screenshot_editor.py", line 374, in paintEvent
    draw_item(painter, item)
    ~~~~~~~~~^^^^^^^^^^^^^^^
  File "G:\AICoding\luscreen\src\screenshot_editor.py", line 369, in draw_item
    painter.setFont(item['font'])
                    ~~~~^^^^^^^^
KeyError: 'font'
2025-12-31 11:20:31,804 - Global - CRITICAL - Uncaught exception
Traceback (most recent call last):
  File "G:\AICoding\luscreen\src\screenshot_editor.py", line 374, in paintEvent
    draw_item(painter, item)
    ~~~~~~~~~^^^^^^^^^^^^^^^
  File "G:\AICoding\luscreen\src\screenshot_editor.py", line 369, in draw_item
    painter.setFont(item['font'])
                    ~~~~^^^^^^^^
KeyError: 'font'
2025-12-31 11:20:33,194 - Global - CRITICAL - Uncaught exception
Traceback (most recent call last):
  File "G:\AICoding\luscreen\src\screenshot_editor.py", line 457, in mousePressEvent
    idx = self.hit_test(event.pos())
  File "G:\AICoding\luscreen\src\screenshot_editor.py", line 422, in hit_test
    fm = QFontMetrics(item['font'])
                      ~~~~^^^^^^^^
KeyError: 'font'
2025-12-31 11:20:33,247 - Global - CRITICAL - Uncaught exception
Traceback (most recent call last):
  File "G:\AICoding\luscreen\src\screenshot_editor.py", line 497, in mouseMoveEvent
    idx = self.hit_test(event.pos())
  File "G:\AICoding\luscreen\src\screenshot_editor.py", line 422, in hit_test
    fm = QFontMetrics(item['font'])
                      ~~~~^^^^^^^^
KeyError: 'font'
2025-12-31 11:20:33,255 - Global - CRITICAL - Uncaught exception
Traceback (most recent call last):
  File "G:\AICoding\luscreen\src\screenshot_editor.py", line 497, in mouseMoveEvent
    idx = self.hit_test(event.pos())
  File "G:\AICoding\luscreen\src\screenshot_editor.py", line 422, in hit_test
    fm = QFontMetrics(item['font'])
                      ~~~~^^^^^^^^
KeyError: 'font'
2025-12-31 11:20:33,263 - Global - CRITICAL - Uncaught exception
Traceback (most recent call last):
  File "G:\AICoding\luscreen\src\screenshot_editor.py", line 497, in mouseMoveEvent
    idx = self.hit_test(event.pos())
  File "G:\AICoding\luscreen\src\screenshot_editor.py", line 422, in hit_test
    fm = QFontMetrics(item['font'])
                      ~~~~^^^^^^^^
KeyError: 'font'
2025-12-31 11:20:33,271 - Global - CRITICAL - Uncaught exception
Traceback (most recent call last):
  File "G:\AICoding\luscreen\src\screenshot_editor.py", line 497, in mouseMoveEvent
    idx = self.hit_test(event.pos())
  File "G:\AICoding\luscreen\src\screenshot_editor.py", line 422, in hit_test
    fm = QFontMetrics(item['font'])
                      ~~~~^^^^^^^^
KeyError: 'font'
2025-12-31 11:20:33,279 - Global - CRITICAL - Uncaught exception
Traceback (most recent call last):
  File "G:\AICoding\luscreen\src\screenshot_editor.py", line 497, in mouseMoveEvent
    idx = self.hit_test(event.pos())
  File "G:\AICoding\luscreen\src\screenshot_editor.py", line 422, in hit_test
    fm = QFontMetrics(item['font'])
                      ~~~~^^^^^^^^
KeyError: 'font'
2025-12-31 11:20:33,287 - Global - CRITICAL - Uncaught exception
Traceback (most recent call last):
  File "G:\AICoding\luscreen\src\screenshot_editor.py", line 497, in mouseMoveEvent
    idx = self.hit_test(event.pos())
  File "G:\AICoding\luscreen\src\screenshot_editor.py", line 422, in hit_test
    fm = QFontMetrics(item['font'])
                      ~~~~^^^^^^^^
KeyError: 'font'
2025-12-31 11:20:33,295 - Global - CRITICAL - Uncaught exception
Traceback (most recent call last):
  File "G:\AICoding\luscreen\src\screenshot_editor.py", line 497, in mouseMoveEvent
    idx = self.hit_test(event.pos())
  File "G:\AICoding\luscreen\src\screenshot_editor.py", line 422, in hit_test
    fm = QFontMetrics(item['font'])
                      ~~~~^^^^^^^^
KeyError: 'font'
2025-12-31 11:20:33,303 - Global - CRITICAL - Uncaught exception
Traceback (most recent call last):
  File "G:\AICoding\luscreen\src\screenshot_editor.py", line 497, in mouseMoveEvent
    idx = self.hit_test(event.pos())
  File "G:\AICoding\luscreen\src\screenshot_editor.py", line 422, in hit_test
    fm = QFontMetrics(item['font'])
                      ~~~~^^^^^^^^
KeyError: 'font'
2025-12-31 11:20:33,311 - Global - CRITICAL - Uncaught exception
Traceback (most recent call last):
  File "G:\AICoding\luscreen\src\screenshot_editor.py", line 497, in mouseMoveEvent
    idx = self.hit_test(event.pos())
  File "G:\AICoding\luscreen\src\screenshot_editor.py", line 422, in hit_test
    fm = QFontMetrics(item['font'])
                      ~~~~^^^^^^^^
KeyError: 'font'
2025-12-31 11:20:33,319 - Global - CRITICAL - Uncaught exception
Traceback (most recent call last):
  File "G:\AICoding\luscreen\src\screenshot_editor.py", line 497, in mouseMoveEvent
    idx = self.hit_test(event.pos())
  File "G:\AICoding\luscreen\src\screenshot_editor.py", line 422, in hit_test
    fm = QFontMetrics(item['font'])
                      ~~~~^^^^^^^^
KeyError: 'font'
2025-12-31 11:20:33,327 - Global - CRITICAL - Uncaught exception
Traceback (most recent call last):
  File "G:\AICoding\luscreen\src\screenshot_editor.py", line 497, in mouseMoveEvent
    idx = self.hit_test(event.pos())
  File "G:\AICoding\luscreen\src\screenshot_editor.py", line 422, in hit_test
    fm = QFontMetrics(item['font'])
                      ~~~~^^^^^^^^
KeyError: 'font'
2025-12-31 11:20:33,343 - Global - CRITICAL - Uncaught exception
Traceback (most recent call last):
  File "G:\AICoding\luscreen\src\screenshot_editor.py", line 497, in mouseMoveEvent
    idx = self.hit_test(event.pos())
  File "G:\AICoding\luscreen\src\screenshot_editor.py", line 422, in hit_test
    fm = QFontMetrics(item['font'])
                      ~~~~^^^^^^^^
KeyError: 'font'
2025-12-31 11:20:33,351 - Global - CRITICAL - Uncaught exception
Traceback (most recent call last):
  File "G:\AICoding\luscreen\src\screenshot_editor.py", line 497, in mouseMoveEvent
    idx = self.hit_test(event.pos())
  File "G:\AICoding\luscreen\src\screenshot_editor.py", line 422, in hit_test
    fm = QFontMetrics(item['font'])
                      ~~~~^^^^^^^^
KeyError: 'font'
2025-12-31 11:20:33,360 - Global - CRITICAL - Uncaught exception
Traceback (most recent call last):
  File "G:\AICoding\luscreen\src\screenshot_editor.py", line 497, in mouseMoveEvent
    idx = self.hit_test(event.pos())
  File "G:\AICoding\luscreen\src\screenshot_editor.py", line 422, in hit_test
    fm = QFontMetrics(item['font'])
                      ~~~~^^^^^^^^
KeyError: 'font'
2025-12-31 11:20:33,367 - Global - CRITICAL - Uncaught exception
Traceback (most recent call last):
  File "G:\AICoding\luscreen\src\screenshot_editor.py", line 497, in mouseMoveEvent
    idx = self.hit_test(event.pos())
  File "G:\AICoding\luscreen\src\screenshot_editor.py", line 422, in hit_test
    fm = QFontMetrics(item['font'])
                      ~~~~^^^^^^^^
KeyError: 'font'
2025-12-31 11:20:33,375 - Global - CRITICAL - Uncaught exception
Traceback (most recent call last):
  File "G:\AICoding\luscreen\src\screenshot_editor.py", line 497, in mouseMoveEvent
    idx = self.hit_test(event.pos())
  File "G:\AICoding\luscreen\src\screenshot_editor.py", line 422, in hit_test
    fm = QFontMetrics(item['font'])
                      ~~~~^^^^^^^^
KeyError: 'font'
2025-12-31 11:20:33,383 - Global - CRITICAL - Uncaught exception
Traceback (most recent call last):
  File "G:\AICoding\luscreen\src\screenshot_editor.py", line 497, in mouseMoveEvent
    idx = self.hit_test(event.pos())
  File "G:\AICoding\luscreen\src\screenshot_editor.py", line 422, in hit_test
    fm = QFontMetrics(item['font'])
                      ~~~~^^^^^^^^
KeyError: 'font'
2025-12-31 11:20:33,391 - Global - CRITICAL - Uncaught exception
Traceback (most recent call last):
  File "G:\AICoding\luscreen\src\screenshot_editor.py", line 497, in mouseMoveEvent
    idx = self.hit_test(event.pos())
  File "G:\AICoding\luscreen\src\screenshot_editor.py", line 422, in hit_test
    fm = QFontMetrics(item['font'])
                      ~~~~^^^^^^^^
KeyError: 'font'
2025-12-31 11:20:33,399 - Global - CRITICAL - Uncaught exception
Traceback (most recent call last):
  File "G:\AICoding\luscreen\src\screenshot_editor.py", line 497, in mouseMoveEvent
    idx = self.hit_test(event.pos())
  File "G:\AICoding\luscreen\src\screenshot_editor.py", line 422, in hit_test
    fm = QFontMetrics(item['font'])
                      ~~~~^^^^^^^^
KeyError: 'font'
2025-12-31 11:20:33,407 - Global - CRITICAL - Uncaught exception
Traceback (most recent call last):
  File "G:\AICoding\luscreen\src\screenshot_editor.py", line 497, in mouseMoveEvent
    idx = self.hit_test(event.pos())
  File "G:\AICoding\luscreen\src\screenshot_editor.py", line 422, in hit_test
    fm = QFontMetrics(item['font'])
                      ~~~~^^^^^^^^
KeyError: 'font'
2025-12-31 11:20:33,415 - Global - CRITICAL - Uncaught exception
Traceback (most recent call last):
  File "G:\AICoding\luscreen\src\screenshot_editor.py", line 497, in mouseMoveEvent
    idx = self.hit_test(event.pos())
  File "G:\AICoding\luscreen\src\screenshot_editor.py", line 422, in hit_test
    fm = QFontMetrics(item['font'])
                      ~~~~^^^^^^^^
KeyError: 'font'
2025-12-31 11:20:33,423 - Global - CRITICAL - Uncaught exception
Traceback (most recent call last):
  File "G:\AICoding\luscreen\src\screenshot_editor.py", line 497, in mouseMoveEvent
    idx = self.hit_test(event.pos())
  File "G:\AICoding\luscreen\src\screenshot_editor.py", line 422, in hit_test
    fm = QFontMetrics(item['font'])
                      ~~~~^^^^^^^^
KeyError: 'font'
2025-12-31 11:20:33,431 - Global - CRITICAL - Uncaught exception
Traceback (most recent call last):
  File "G:\AICoding\luscreen\src\screenshot_editor.py", line 497, in mouseMoveEvent
    idx = self.hit_test(event.pos())
  File "G:\AICoding\luscreen\src\screenshot_editor.py", line 422, in hit_test
    fm = QFontMetrics(item['font'])
                      ~~~~^^^^^^^^
KeyError: 'font'
2025-12-31 11:20:33,439 - Global - CRITICAL - Uncaught exception
Traceback (most recent call last):
  File "G:\AICoding\luscreen\src\screenshot_editor.py", line 497, in mouseMoveEvent
    idx = self.hit_test(event.pos())
  File "G:\AICoding\luscreen\src\screenshot_editor.py", line 422, in hit_test
    fm = QFontMetrics(item['font'])
                      ~~~~^^^^^^^^
KeyError: 'font'
2025-12-31 11:20:33,455 - Global - CRITICAL - Uncaught exception
Traceback (most recent call last):
  File "G:\AICoding\luscreen\src\screenshot_editor.py", line 497, in mouseMoveEvent
    idx = self.hit_test(event.pos())
  File "G:\AICoding\luscreen\src\screenshot_editor.py", line 422, in hit_test
    fm = QFontMetrics(item['font'])
                      ~~~~^^^^^^^^
KeyError: 'font'
2025-12-31 11:20:33,463 - Global - CRITICAL - Uncaught exception
Traceback (most recent call last):
  File "G:\AICoding\luscreen\src\screenshot_editor.py", line 497, in mouseMoveEvent
    idx = self.hit_test(event.pos())
  File "G:\AICoding\luscreen\src\screenshot_editor.py", line 422, in hit_test
    fm = QFontMetrics(item['font'])
                      ~~~~^^^^^^^^
KeyError: 'font'
2025-12-31 11:20:33,479 - Global - CRITICAL - Uncaught exception
Traceback (most recent call last):
  File "G:\AICoding\luscreen\src\screenshot_editor.py", line 497, in mouseMoveEvent
    idx = self.hit_test(event.pos())
  File "G:\AICoding\luscreen\src\screenshot_editor.py", line 422, in hit_test
    fm = QFontMetrics(item['font'])
                      ~~~~^^^^^^^^
KeyError: 'font'
2025-12-31 11:20:33,495 - Global - CRITICAL - Uncaught exception
Traceback (most recent call last):
  File "G:\AICoding\luscreen\src\screenshot_editor.py", line 497, in mouseMoveEvent
    idx = self.hit_test(event.pos())
  File "G:\AICoding\luscreen\src\screenshot_editor.py", line 422, in hit_test
    fm = QFontMetrics(item['font'])
                      ~~~~^^^^^^^^
KeyError: 'font'
2025-12-31 11:20:33,527 - Global - CRITICAL - Uncaught exception
Traceback (most recent call last):
  File "G:\AICoding\luscreen\src\screenshot_editor.py", line 497, in mouseMoveEvent
    idx = self.hit_test(event.pos())
  File "G:\AICoding\luscreen\src\screenshot_editor.py", line 422, in hit_test
    fm = QFontMetrics(item['font'])
                      ~~~~^^^^^^^^
KeyError: 'font'
2025-12-31 11:20:33,545 - Global - CRITICAL - Uncaught exception
Traceback (most recent call last):
  File "G:\AICoding\luscreen\src\screenshot_editor.py", line 497, in mouseMoveEvent
    idx = self.hit_test(event.pos())
  File "G:\AICoding\luscreen\src\screenshot_editor.py", line 422, in hit_test
    fm = QFontMetrics(item['font'])
                      ~~~~^^^^^^^^
KeyError: 'font'
2025-12-31 11:20:33,567 - Global - CRITICAL - Uncaught exception
Traceback (most recent call last):
  File "G:\AICoding\luscreen\src\screenshot_editor.py", line 497, in mouseMoveEvent
    idx = self.hit_test(event.pos())
  File "G:\AICoding\luscreen\src\screenshot_editor.py", line 422, in hit_test
    fm = QFontMetrics(item['font'])
                      ~~~~^^^^^^^^
KeyError: 'font'
2025-12-31 11:20:33,889 - Global - CRITICAL - Uncaught exception
Traceback (most recent call last):
  File "G:\AICoding\luscreen\src\screenshot_editor.py", line 457, in mousePressEvent
    idx = self.hit_test(event.pos())
  File "G:\AICoding\luscreen\src\screenshot_editor.py", line 422, in hit_test
    fm = QFontMetrics(item['font'])
                      ~~~~^^^^^^^^
KeyError: 'font'
2025-12-31 11:20:33,895 - Global - CRITICAL - Uncaught exception
Traceback (most recent call last):
  File "G:\AICoding\luscreen\src\screenshot_editor.py", line 497, in mouseMoveEvent
    idx = self.hit_test(event.pos())
  File "G:\AICoding\luscreen\src\screenshot_editor.py", line 422, in hit_test
    fm = QFontMetrics(item['font'])
                      ~~~~^^^^^^^^
KeyError: 'font'
2025-12-31 11:20:33,905 - Global - CRITICAL - Uncaught exception
Traceback (most recent call last):
  File "G:\AICoding\luscreen\src\screenshot_editor.py", line 497, in mouseMoveEvent
    idx = self.hit_test(event.pos())
  File "G:\AICoding\luscreen\src\screenshot_editor.py", line 422, in hit_test
    fm = QFontMetrics(item['font'])
                      ~~~~^^^^^^^^
KeyError: 'font'
2025-12-31 11:20:33,911 - Global - CRITICAL - Uncaught exception
Traceback (most recent call last):
  File "G:\AICoding\luscreen\src\screenshot_editor.py", line 497, in mouseMoveEvent
    idx = self.hit_test(event.pos())
  File "G:\AICoding\luscreen\src\screenshot_editor.py", line 422, in hit_test
    fm = QFontMetrics(item['font'])
                      ~~~~^^^^^^^^
KeyError: 'font'
2025-12-31 11:20:33,919 - Global - CRITICAL - Uncaught exception
Traceback (most recent call last):
  File "G:\AICoding\luscreen\src\screenshot_editor.py", line 497, in mouseMoveEvent
    idx = self.hit_test(event.pos())
  File "G:\AICoding\luscreen\src\screenshot_editor.py", line 422, in hit_test
    fm = QFontMetrics(item['font'])
                      ~~~~^^^^^^^^
KeyError: 'font'
2025-12-31 11:20:33,927 - Global - CRITICAL - Uncaught exception
Traceback (most recent call last):
  File "G:\AICoding\luscreen\src\screenshot_editor.py", line 497, in mouseMoveEvent
    idx = self.hit_test(event.pos())
  File "G:\AICoding\luscreen\src\screenshot_editor.py", line 422, in hit_test
    fm = QFontMetrics(item['font'])
                      ~~~~^^^^^^^^
KeyError: 'font'
2025-12-31 11:20:33,935 - Global - CRITICAL - Uncaught exception
Traceback (most recent call last):
  File "G:\AICoding\luscreen\src\screenshot_editor.py", line 497, in mouseMoveEvent
    idx = self.hit_test(event.pos())
  File "G:\AICoding\luscreen\src\screenshot_editor.py", line 422, in hit_test
    fm = QFontMetrics(item['font'])
                      ~~~~^^^^^^^^
KeyError: 'font'
2025-12-31 11:20:33,943 - Global - CRITICAL - Uncaught exception
Traceback (most recent call last):
  File "G:\AICoding\luscreen\src\screenshot_editor.py", line 497, in mouseMoveEvent
    idx = self.hit_test(event.pos())
  File "G:\AICoding\luscreen\src\screenshot_editor.py", line 422, in hit_test
    fm = QFontMetrics(item['font'])
                      ~~~~^^^^^^^^
KeyError: 'font'
2025-12-31 11:20:33,952 - Global - CRITICAL - Uncaught exception
Traceback (most recent call last):
  File "G:\AICoding\luscreen\src\screenshot_editor.py", line 497, in mouseMoveEvent
    idx = self.hit_test(event.pos())
  File "G:\AICoding\luscreen\src\screenshot_editor.py", line 422, in hit_test
    fm = QFontMetrics(item['font'])
                      ~~~~^^^^^^^^
KeyError: 'font'
2025-12-31 11:20:33,959 - Global - CRITICAL - Uncaught exception
Traceback (most recent call last):
  File "G:\AICoding\luscreen\src\screenshot_editor.py", line 497, in mouseMoveEvent
    idx = self.hit_test(event.pos())
  File "G:\AICoding\luscreen\src\screenshot_editor.py", line 422, in hit_test
    fm = QFontMetrics(item['font'])
                      ~~~~^^^^^^^^
KeyError: 'font'
2025-12-31 11:20:33,968 - Global - CRITICAL - Uncaught exception
Traceback (most recent call last):
  File "G:\AICoding\luscreen\src\screenshot_editor.py", line 497, in mouseMoveEvent
    idx = self.hit_test(event.pos())
  File "G:\AICoding\luscreen\src\screenshot_editor.py", line 422, in hit_test
    fm = QFontMetrics(item['font'])
                      ~~~~^^^^^^^^
KeyError: 'font'
2025-12-31 11:20:33,975 - Global - CRITICAL - Uncaught exception
Traceback (most recent call last):
  File "G:\AICoding\luscreen\src\screenshot_editor.py", line 497, in mouseMoveEvent
    idx = self.hit_test(event.pos())
  File "G:\AICoding\luscreen\src\screenshot_editor.py", line 422, in hit_test
    fm = QFontMetrics(item['font'])
                      ~~~~^^^^^^^^
KeyError: 'font'
2025-12-31 11:20:33,983 - Global - CRITICAL - Uncaught exception
Traceback (most recent call last):
  File "G:\AICoding\luscreen\src\screenshot_editor.py", line 497, in mouseMoveEvent
    idx = self.hit_test(event.pos())
  File "G:\AICoding\luscreen\src\screenshot_editor.py", line 422, in hit_test
    fm = QFontMetrics(item['font'])
                      ~~~~^^^^^^^^
KeyError: 'font'
2025-12-31 11:20:33,991 - Global - CRITICAL - Uncaught exception
Traceback (most recent call last):
  File "G:\AICoding\luscreen\src\screenshot_editor.py", line 497, in mouseMoveEvent
    idx = self.hit_test(event.pos())
  File "G:\AICoding\luscreen\src\screenshot_editor.py", line 422, in hit_test
    fm = QFontMetrics(item['font'])
                      ~~~~^^^^^^^^
KeyError: 'font'
2025-12-31 11:20:33,999 - Global - CRITICAL - Uncaught exception
Traceback (most recent call last):
  File "G:\AICoding\luscreen\src\screenshot_editor.py", line 497, in mouseMoveEvent
    idx = self.hit_test(event.pos())
  File "G:\AICoding\luscreen\src\screenshot_editor.py", line 422, in hit_test
    fm = QFontMetrics(item['font'])
                      ~~~~^^^^^^^^
KeyError: 'font'
2025-12-31 11:20:34,007 - Global - CRITICAL - Uncaught exception
Traceback (most recent call last):
  File "G:\AICoding\luscreen\src\screenshot_editor.py", line 497, in mouseMoveEvent
    idx = self.hit_test(event.pos())
  File "G:\AICoding\luscreen\src\screenshot_editor.py", line 422, in hit_test
    fm = QFontMetrics(item['font'])
                      ~~~~^^^^^^^^
KeyError: 'font'
2025-12-31 11:20:34,015 - Global - CRITICAL - Uncaught exception
Traceback (most recent call last):
  File "G:\AICoding\luscreen\src\screenshot_editor.py", line 497, in mouseMoveEvent
    idx = self.hit_test(event.pos())
  File "G:\AICoding\luscreen\src\screenshot_editor.py", line 422, in hit_test
    fm = QFontMetrics(item['font'])
                      ~~~~^^^^^^^^
KeyError: 'font'
2025-12-31 11:20:34,023 - Global - CRITICAL - Uncaught exception
Traceback (most recent call last):
  File "G:\AICoding\luscreen\src\screenshot_editor.py", line 497, in mouseMoveEvent
    idx = self.hit_test(event.pos())
  File "G:\AICoding\luscreen\src\screenshot_editor.py", line 422, in hit_test
    fm = QFontMetrics(item['font'])
                      ~~~~^^^^^^^^
KeyError: 'font'
2025-12-31 11:20:34,031 - Global - CRITICAL - Uncaught exception
Traceback (most recent call last):
  File "G:\AICoding\luscreen\src\screenshot_editor.py", line 497, in mouseMoveEvent
    idx = self.hit_test(event.pos())
  File "G:\AICoding\luscreen\src\screenshot_editor.py", line 422, in hit_test
    fm = QFontMetrics(item['font'])
                      ~~~~^^^^^^^^
KeyError: 'font'
2025-12-31 11:20:34,039 - Global - CRITICAL - Uncaught exception
Traceback (most recent call last):
  File "G:\AICoding\luscreen\src\screenshot_editor.py", line 497, in mouseMoveEvent
    idx = self.hit_test(event.pos())
  File "G:\AICoding\luscreen\src\screenshot_editor.py", line 422, in hit_test
    fm = QFontMetrics(item['font'])
                      ~~~~^^^^^^^^
KeyError: 'font'
2025-12-31 11:20:34,047 - Global - CRITICAL - Uncaught exception
Traceback (most recent call last):
  File "G:\AICoding\luscreen\src\screenshot_editor.py", line 497, in mouseMoveEvent
    idx = self.hit_test(event.pos())
  File "G:\AICoding\luscreen\src\screenshot_editor.py", line 422, in hit_test
    fm = QFontMetrics(item['font'])
                      ~~~~^^^^^^^^
KeyError: 'font'
2025-12-31 11:20:34,055 - Global - CRITICAL - Uncaught exception
Traceback (most recent call last):
  File "G:\AICoding\luscreen\src\screenshot_editor.py", line 497, in mouseMoveEvent
    idx = self.hit_test(event.pos())
  File "G:\AICoding\luscreen\src\screenshot_editor.py", line 422, in hit_test
    fm = QFontMetrics(item['font'])
                      ~~~~^^^^^^^^
KeyError: 'font'
2025-12-31 11:20:34,064 - Global - CRITICAL - Uncaught exception
Traceback (most recent call last):
  File "G:\AICoding\luscreen\src\screenshot_editor.py", line 497, in mouseMoveEvent
    idx = self.hit_test(event.pos())
  File "G:\AICoding\luscreen\src\screenshot_editor.py", line 422, in hit_test
    fm = QFontMetrics(item['font'])
                      ~~~~^^^^^^^^
KeyError: 'font'
2025-12-31 11:20:34,071 - Global - CRITICAL - Uncaught exception
Traceback (most recent call last):
  File "G:\AICoding\luscreen\src\screenshot_editor.py", line 497, in mouseMoveEvent
    idx = self.hit_test(event.pos())
  File "G:\AICoding\luscreen\src\screenshot_editor.py", line 422, in hit_test
    fm = QFontMetrics(item['font'])
                      ~~~~^^^^^^^^
KeyError: 'font'
2025-12-31 11:20:34,079 - Global - CRITICAL - Uncaught exception
Traceback (most recent call last):
  File "G:\AICoding\luscreen\src\screenshot_editor.py", line 497, in mouseMoveEvent
    idx = self.hit_test(event.pos())
  File "G:\AICoding\luscreen\src\screenshot_editor.py", line 422, in hit_test
    fm = QFontMetrics(item['font'])
                      ~~~~^^^^^^^^
KeyError: 'font'
2025-12-31 11:20:34,136 - Global - CRITICAL - Uncaught exception
Traceback (most recent call last):
  File "G:\AICoding\luscreen\src\screenshot_editor.py", line 497, in mouseMoveEvent
    idx = self.hit_test(event.pos())
  File "G:\AICoding\luscreen\src\screenshot_editor.py", line 422, in hit_test
    fm = QFontMetrics(item['font'])
                      ~~~~^^^^^^^^
KeyError: 'font'
2025-12-31 11:20:34,152 - Global - CRITICAL - Uncaught exception
Traceback (most recent call last):
  File "G:\AICoding\luscreen\src\screenshot_editor.py", line 497, in mouseMoveEvent
    idx = self.hit_test(event.pos())
  File "G:\AICoding\luscreen\src\screenshot_editor.py", line 422, in hit_test
    fm = QFontMetrics(item['font'])
                      ~~~~^^^^^^^^
KeyError: 'font'
2025-12-31 11:20:34,392 - Global - CRITICAL - Uncaught exception
Traceback (most recent call last):
  File "G:\AICoding\luscreen\src\screenshot_editor.py", line 457, in mousePressEvent
    idx = self.hit_test(event.pos())
  File "G:\AICoding\luscreen\src\screenshot_editor.py", line 422, in hit_test
    fm = QFontMetrics(item['font'])
                      ~~~~^^^^^^^^
KeyError: 'font'
2025-12-31 11:20:34,399 - Global - CRITICAL - Uncaught exception
Traceback (most recent call last):
  File "G:\AICoding\luscreen\src\screenshot_editor.py", line 497, in mouseMoveEvent
    idx = self.hit_test(event.pos())
  File "G:\AICoding\luscreen\src\screenshot_editor.py", line 422, in hit_test
    fm = QFontMetrics(item['font'])
                      ~~~~^^^^^^^^
KeyError: 'font'
2025-12-31 11:20:34,407 - Global - CRITICAL - Uncaught exception
Traceback (most recent call last):
  File "G:\AICoding\luscreen\src\screenshot_editor.py", line 497, in mouseMoveEvent
    idx = self.hit_test(event.pos())
  File "G:\AICoding\luscreen\src\screenshot_editor.py", line 422, in hit_test
    fm = QFontMetrics(item['font'])
                      ~~~~^^^^^^^^
KeyError: 'font'
2025-12-31 11:20:34,415 - Global - CRITICAL - Uncaught exception
Traceback (most recent call last):
  File "G:\AICoding\luscreen\src\screenshot_editor.py", line 497, in mouseMoveEvent
    idx = self.hit_test(event.pos())
  File "G:\AICoding\luscreen\src\screenshot_editor.py", line 422, in hit_test
    fm = QFontMetrics(item['font'])
                      ~~~~^^^^^^^^
KeyError: 'font'
2025-12-31 11:20:34,423 - Global - CRITICAL - Uncaught exception
Traceback (most recent call last):
  File "G:\AICoding\luscreen\src\screenshot_editor.py", line 497, in mouseMoveEvent
    idx = self.hit_test(event.pos())
  File "G:\AICoding\luscreen\src\screenshot_editor.py", line 422, in hit_test
    fm = QFontMetrics(item['font'])
                      ~~~~^^^^^^^^
KeyError: 'font'
2025-12-31 11:20:34,431 - Global - CRITICAL - Uncaught exception
Traceback (most recent call last):
  File "G:\AICoding\luscreen\src\screenshot_editor.py", line 497, in mouseMoveEvent
    idx = self.hit_test(event.pos())
  File "G:\AICoding\luscreen\src\screenshot_editor.py", line 422, in hit_test
    fm = QFontMetrics(item['font'])
                      ~~~~^^^^^^^^
KeyError: 'font'
2025-12-31 11:20:34,439 - Global - CRITICAL - Uncaught exception
Traceback (most recent call last):
  File "G:\AICoding\luscreen\src\screenshot_editor.py", line 497, in mouseMoveEvent
    idx = self.hit_test(event.pos())
  File "G:\AICoding\luscreen\src\screenshot_editor.py", line 422, in hit_test
    fm = QFontMetrics(item['font'])
                      ~~~~^^^^^^^^
KeyError: 'font'
2025-12-31 11:20:34,447 - Global - CRITICAL - Uncaught exception
Traceback (most recent call last):
  File "G:\AICoding\luscreen\src\screenshot_editor.py", line 497, in mouseMoveEvent
    idx = self.hit_test(event.pos())
  File "G:\AICoding\luscreen\src\screenshot_editor.py", line 422, in hit_test
    fm = QFontMetrics(item['font'])
                      ~~~~^^^^^^^^
KeyError: 'font'
2025-12-31 11:20:34,455 - Global - CRITICAL - Uncaught exception
Traceback (most recent call last):
  File "G:\AICoding\luscreen\src\screenshot_editor.py", line 497, in mouseMoveEvent
    idx = self.hit_test(event.pos())
  File "G:\AICoding\luscreen\src\screenshot_editor.py", line 422, in hit_test
    fm = QFontMetrics(item['font'])
                      ~~~~^^^^^^^^
KeyError: 'font'
2025-12-31 11:20:34,463 - Global - CRITICAL - Uncaught exception
Traceback (most recent call last):
  File "G:\AICoding\luscreen\src\screenshot_editor.py", line 497, in mouseMoveEvent
    idx = self.hit_test(event.pos())
  File "G:\AICoding\luscreen\src\screenshot_editor.py", line 422, in hit_test
    fm = QFontMetrics(item['font'])
                      ~~~~^^^^^^^^
KeyError: 'font'
2025-12-31 11:20:34,471 - Global - CRITICAL - Uncaught exception
Traceback (most recent call last):
  File "G:\AICoding\luscreen\src\screenshot_editor.py", line 497, in mouseMoveEvent
    idx = self.hit_test(event.pos())
  File "G:\AICoding\luscreen\src\screenshot_editor.py", line 422, in hit_test
    fm = QFontMetrics(item['font'])
                      ~~~~^^^^^^^^
KeyError: 'font'
2025-12-31 11:20:34,479 - Global - CRITICAL - Uncaught exception
Traceback (most recent call last):
  File "G:\AICoding\luscreen\src\screenshot_editor.py", line 497, in mouseMoveEvent
    idx = self.hit_test(event.pos())
  File "G:\AICoding\luscreen\src\screenshot_editor.py", line 422, in hit_test
    fm = QFontMetrics(item['font'])
                      ~~~~^^^^^^^^
KeyError: 'font'
2025-12-31 11:20:34,487 - Global - CRITICAL - Uncaught exception
Traceback (most recent call last):
  File "G:\AICoding\luscreen\src\screenshot_editor.py", line 497, in mouseMoveEvent
    idx = self.hit_test(event.pos())
  File "G:\AICoding\luscreen\src\screenshot_editor.py", line 422, in hit_test
    fm = QFontMetrics(item['font'])
                      ~~~~^^^^^^^^
KeyError: 'font'
2025-12-31 11:20:34,495 - Global - CRITICAL - Uncaught exception
Traceback (most recent call last):
  File "G:\AICoding\luscreen\src\screenshot_editor.py", line 497, in mouseMoveEvent
    idx = self.hit_test(event.pos())
  File "G:\AICoding\luscreen\src\screenshot_editor.py", line 422, in hit_test
    fm = QFontMetrics(item['font'])
                      ~~~~^^^^^^^^
KeyError: 'font'
2025-12-31 11:20:34,503 - Global - CRITICAL - Uncaught exception
Traceback (most recent call last):
  File "G:\AICoding\luscreen\src\screenshot_editor.py", line 497, in mouseMoveEvent
    idx = self.hit_test(event.pos())
  File "G:\AICoding\luscreen\src\screenshot_editor.py", line 422, in hit_test
    fm = QFontMetrics(item['font'])
                      ~~~~^^^^^^^^
KeyError: 'font'
2025-12-31 11:20:34,511 - Global - CRITICAL - Uncaught exception
Traceback (most recent call last):
  File "G:\AICoding\luscreen\src\screenshot_editor.py", line 497, in mouseMoveEvent
    idx = self.hit_test(event.pos())
  File "G:\AICoding\luscreen\src\screenshot_editor.py", line 422, in hit_test
    fm = QFontMetrics(item['font'])
                      ~~~~^^^^^^^^
KeyError: 'font'
2025-12-31 11:20:34,519 - Global - CRITICAL - Uncaught exception
Traceback (most recent call last):
  File "G:\AICoding\luscreen\src\screenshot_editor.py", line 497, in mouseMoveEvent
    idx = self.hit_test(event.pos())
  File "G:\AICoding\luscreen\src\screenshot_editor.py", line 422, in hit_test
    fm = QFontMetrics(item['font'])
                      ~~~~^^^^^^^^
KeyError: 'font'
2025-12-31 11:20:34,527 - Global - CRITICAL - Uncaught exception
Traceback (most recent call last):
  File "G:\AICoding\luscreen\src\screenshot_editor.py", line 497, in mouseMoveEvent
    idx = self.hit_test(event.pos())
  File "G:\AICoding\luscreen\src\screenshot_editor.py", line 422, in hit_test
    fm = QFontMetrics(item['font'])
                      ~~~~^^^^^^^^
KeyError: 'font'
2025-12-31 11:20:34,535 - Global - CRITICAL - Uncaught exception
Traceback (most recent call last):
  File "G:\AICoding\luscreen\src\screenshot_editor.py", line 497, in mouseMoveEvent
    idx = self.hit_test(event.pos())
  File "G:\AICoding\luscreen\src\screenshot_editor.py", line 422, in hit_test
    fm = QFontMetrics(item['font'])
                      ~~~~^^^^^^^^
KeyError: 'font'
2025-12-31 11:20:34,559 - Global - CRITICAL - Uncaught exception
Traceback (most recent call last):
  File "G:\AICoding\luscreen\src\screenshot_editor.py", line 497, in mouseMoveEvent
    idx = self.hit_test(event.pos())
  File "G:\AICoding\luscreen\src\screenshot_editor.py", line 422, in hit_test
    fm = QFontMetrics(item['font'])
                      ~~~~^^^^^^^^
KeyError: 'font'
2025-12-31 11:20:34,607 - Global - CRITICAL - Uncaught exception
Traceback (most recent call last):
  File "G:\AICoding\luscreen\src\screenshot_editor.py", line 497, in mouseMoveEvent
    idx = self.hit_test(event.pos())
  File "G:\AICoding\luscreen\src\screenshot_editor.py", line 422, in hit_test
    fm = QFontMetrics(item['font'])
                      ~~~~^^^^^^^^
KeyError: 'font'
2025-12-31 11:21:37,507 - Global - INFO - Global logger initialized. Version: 0.039
2025-12-31 11:21:41,153 - urllib3.connectionpool - DEBUG - Starting new HTTPS connection (1): raw.githubusercontent.com:443
2025-12-31 11:21:51,625 - Global - CRITICAL - Uncaught exception
Traceback (most recent call last):
  File "G:\AICoding\luscreen\src\screenshot_editor.py", line 475, in mousePressEvent
    self.add_text(event.pos())
    ~~~~~~~~~~~~~^^^^^^^^^^^^^
  File "G:\AICoding\luscreen\src\screenshot_editor.py", line 589, in add_text
    self.active_text_editor.editingFinished.connect(self.commit_text_editor)
    ^^^^^^^^^^^^^^^^^^^^^^^^^^^^^^^^^^^^^^^
AttributeError: 'NoneType' object has no attribute 'editingFinished'
2025-12-31 11:21:51,663 - urllib3.connectionpool - DEBUG - https://raw.githubusercontent.com:443 "GET /victorwu657/luscreen/main/version.json?t=1767151301 HTTP/1.1" 200 161
2025-12-31 11:31:17,211 - Global - INFO - Global logger initialized. Version: 0.039
2025-12-31 11:31:20,908 - urllib3.connectionpool - DEBUG - Starting new HTTPS connection (1): raw.githubusercontent.com:443
2025-12-31 11:31:21,586 - urllib3.connectionpool - DEBUG - https://raw.githubusercontent.com:443 "GET /victorwu657/luscreen/main/version.json?t=1767151880 HTTP/1.1" 200 161
2025-12-31 11:35:16,488 - Global - INFO - Global logger initialized. Version: 0.039
2025-12-31 11:35:20,139 - urllib3.connectionpool - DEBUG - Starting new HTTPS connection (1): raw.githubusercontent.com:443
2025-12-31 11:35:20,663 - urllib3.connectionpool - DEBUG - https://raw.githubusercontent.com:443 "GET /victorwu657/luscreen/main/version.json?t=1767152120 HTTP/1.1" 200 161
2025-12-31 11:39:37,671 - Global - INFO - Global logger initialized. Version: 0.039
2025-12-31 11:39:41,324 - urllib3.connectionpool - DEBUG - Starting new HTTPS connection (1): raw.githubusercontent.com:443
2025-12-31 11:39:52,045 - urllib3.connectionpool - DEBUG - https://raw.githubusercontent.com:443 "GET /victorwu657/luscreen/main/version.json?t=1767152381 HTTP/1.1" 200 161
2025-12-31 11:44:10,677 - Global - INFO - Global logger initialized. Version: 0.039
2025-12-31 11:44:14,355 - urllib3.connectionpool - DEBUG - Starting new HTTPS connection (1): raw.githubusercontent.com:443
2025-12-31 11:44:44,890 - urllib3.connectionpool - DEBUG - https://raw.githubusercontent.com:443 "GET /victorwu657/luscreen/main/version.json?t=1767152654 HTTP/1.1" 200 161
2025-12-31 11:48:42,666 - Global - INFO - Global logger initialized. Version: 0.039
2025-12-31 11:48:46,322 - urllib3.connectionpool - DEBUG - Starting new HTTPS connection (1): raw.githubusercontent.com:443
2025-12-31 11:49:17,044 - urllib3.connectionpool - DEBUG - https://raw.githubusercontent.com:443 "GET /victorwu657/luscreen/main/version.json?t=1767152926 HTTP/1.1" 200 161
2025-12-31 11:51:38,834 - Global - INFO - Global logger initialized. Version: 0.039
2025-12-31 11:51:42,499 - urllib3.connectionpool - DEBUG - Starting new HTTPS connection (1): raw.githubusercontent.com:443
2025-12-31 11:51:42,990 - urllib3.connectionpool - DEBUG - https://raw.githubusercontent.com:443 "GET /victorwu657/luscreen/main/version.json?t=1767153102 HTTP/1.1" 200 161
2025-12-31 11:52:14,204 - Global - INFO - Global logger initialized. Version: 0.039
2025-12-31 11:52:17,839 - urllib3.connectionpool - DEBUG - Starting new HTTPS connection (1): raw.githubusercontent.com:443
2025-12-31 11:52:28,525 - urllib3.connectionpool - DEBUG - https://raw.githubusercontent.com:443 "GET /victorwu657/luscreen/main/version.json?t=1767153137 HTTP/1.1" 200 161
2025-12-31 11:53:42,306 - Global - INFO - Global logger initialized. Version: 0.039
2025-12-31 11:53:45,965 - urllib3.connectionpool - DEBUG - Starting new HTTPS connection (1): raw.githubusercontent.com:443
2025-12-31 11:54:06,497 - urllib3.connectionpool - DEBUG - https://raw.githubusercontent.com:443 "GET /victorwu657/luscreen/main/version.json?t=1767153225 HTTP/1.1" 200 161
2025-12-31 11:58:08,203 - Global - INFO - Global logger initialized. Version: 0.039
2025-12-31 11:58:11,895 - urllib3.connectionpool - DEBUG - Starting new HTTPS connection (1): raw.githubusercontent.com:443
2025-12-31 11:58:42,595 - urllib3.connectionpool - DEBUG - https://raw.githubusercontent.com:443 "GET /victorwu657/luscreen/main/version.json?t=1767153491 HTTP/1.1" 200 161
2025-12-31 11:58:56,184 - CameraWidget - INFO - Initializing CameraWidget with index: 1
2025-12-31 11:58:56,185 - CameraWidget - INFO - Attempting to start camera index: 1
2025-12-31 11:58:56,978 - CameraWidget - INFO - Available QMediaDevices: ['WeCam', 'HIK 2K Camera']
2025-12-31 11:58:57,229 - CameraWidget - INFO - Camera 1 opened successfully.
2025-12-31 11:58:57,229 - CameraWidget - INFO - Camera Properties - Width: 640.0, Height: 480.0, FPS: 0.0
2025-12-31 11:58:58,283 - CameraWidget - DEBUG - Frame 0: read success=True, shape=(480, 640, 3)
2025-12-31 11:58:58,656 - CameraWidget - DEBUG - Frame 1: read success=True, shape=(480, 640, 3)
2025-12-31 11:58:58,704 - CameraWidget - DEBUG - Frame 2: read success=True, shape=(480, 640, 3)
2025-12-31 11:58:58,735 - CameraWidget - DEBUG - Frame 3: read success=True, shape=(480, 640, 3)
2025-12-31 11:58:58,783 - CameraWidget - DEBUG - Frame 4: read success=True, shape=(480, 640, 3)
2025-12-31 12:57:45,411 - Global - INFO - Global logger initialized. Version: 0.039
2025-12-31 12:57:49,106 - urllib3.connectionpool - DEBUG - Starting new HTTPS connection (1): raw.githubusercontent.com:443
2025-12-31 12:58:20,004 - urllib3.connectionpool - DEBUG - https://raw.githubusercontent.com:443 "GET /victorwu657/luscreen/main/version.json?t=1767157069 HTTP/1.1" 200 161
2025-12-31 13:01:22,687 - Global - INFO - Global logger initialized. Version: 0.039
2025-12-31 13:01:26,374 - urllib3.connectionpool - DEBUG - Starting new HTTPS connection (1): raw.githubusercontent.com:443
2025-12-31 13:01:57,090 - urllib3.connectionpool - DEBUG - https://raw.githubusercontent.com:443 "GET /victorwu657/luscreen/main/version.json?t=1767157286 HTTP/1.1" 200 161
2025-12-31 13:05:14,495 - Global - INFO - Global logger initialized. Version: 0.039
2025-12-31 13:05:18,186 - urllib3.connectionpool - DEBUG - Starting new HTTPS connection (1): raw.githubusercontent.com:443
2025-12-31 13:05:28,927 - urllib3.connectionpool - DEBUG - https://raw.githubusercontent.com:443 "GET /victorwu657/luscreen/main/version.json?t=1767157518 HTTP/1.1" 200 161
2025-12-31 13:07:57,213 - Global - INFO - Global logger initialized. Version: 0.039
2025-12-31 13:08:00,915 - urllib3.connectionpool - DEBUG - Starting new HTTPS connection (1): raw.githubusercontent.com:443
2025-12-31 13:08:01,423 - urllib3.connectionpool - DEBUG - https://raw.githubusercontent.com:443 "GET /victorwu657/luscreen/main/version.json?t=1767157680 HTTP/1.1" 200 161
2025-12-31 13:10:40,268 - Global - INFO - Global logger initialized. Version: 0.039
2025-12-31 13:10:43,958 - urllib3.connectionpool - DEBUG - Starting new HTTPS connection (1): raw.githubusercontent.com:443
2025-12-31 13:10:44,694 - urllib3.connectionpool - DEBUG - https://raw.githubusercontent.com:443 "GET /victorwu657/luscreen/main/version.json?t=1767157843 HTTP/1.1" 200 161
2025-12-31 13:14:48,927 - Global - INFO - Global logger initialized. Version: 0.039
2025-12-31 13:14:52,622 - urllib3.connectionpool - DEBUG - Starting new HTTPS connection (1): raw.githubusercontent.com:443
2025-12-31 13:14:53,497 - urllib3.connectionpool - DEBUG - https://raw.githubusercontent.com:443 "GET /victorwu657/luscreen/main/version.json?t=1767158092 HTTP/1.1" 200 161
2025-12-31 13:18:48,757 - Global - INFO - Global logger initialized. Version: 0.039
2025-12-31 13:18:52,438 - urllib3.connectionpool - DEBUG - Starting new HTTPS connection (1): raw.githubusercontent.com:443
2025-12-31 13:19:13,140 - urllib3.connectionpool - DEBUG - https://raw.githubusercontent.com:443 "GET /victorwu657/luscreen/main/version.json?t=1767158332 HTTP/1.1" 200 161
2025-12-31 13:27:03,432 - Global - INFO - Global logger initialized. Version: 0.039
2025-12-31 13:27:07,176 - urllib3.connectionpool - DEBUG - Starting new HTTPS connection (1): raw.githubusercontent.com:443
2025-12-31 13:27:36,182 - Global - INFO - Global logger initialized. Version: 0.039
2025-12-31 13:27:39,855 - urllib3.connectionpool - DEBUG - Starting new HTTPS connection (1): raw.githubusercontent.com:443
2025-12-31 13:28:20,887 - urllib3.connectionpool - DEBUG - Starting new HTTPS connection (1): raw.githubusercontent.com:443
2025-12-31 13:29:01,931 - urllib3.connectionpool - DEBUG - Starting new HTTPS connection (1): raw.githubusercontent.com:443
2025-12-31 13:30:58,840 - Global - INFO - Global logger initialized. Version: 0.039
2025-12-31 13:31:02,533 - urllib3.connectionpool - DEBUG - Starting new HTTPS connection (1): raw.githubusercontent.com:443
2025-12-31 13:31:03,341 - urllib3.connectionpool - DEBUG - https://raw.githubusercontent.com:443 "GET /victorwu657/luscreen/main/version.json?t=1767159062 HTTP/1.1" 200 161
2025-12-31 13:34:41,142 - Global - INFO - Global logger initialized. Version: 0.039
2025-12-31 13:34:44,796 - urllib3.connectionpool - DEBUG - Starting new HTTPS connection (1): raw.githubusercontent.com:443
2025-12-31 13:34:45,480 - urllib3.connectionpool - DEBUG - https://raw.githubusercontent.com:443 "GET /victorwu657/luscreen/main/version.json?t=1767159284 HTTP/1.1" 200 161
2025-12-31 13:37:58,412 - Global - INFO - Global logger initialized. Version: 0.039
2025-12-31 13:38:02,127 - urllib3.connectionpool - DEBUG - Starting new HTTPS connection (1): raw.githubusercontent.com:443
2025-12-31 13:38:02,802 - urllib3.connectionpool - DEBUG - https://raw.githubusercontent.com:443 "GET /victorwu657/luscreen/main/version.json?t=1767159482 HTTP/1.1" 200 161
2025-12-31 13:44:18,557 - Global - INFO - Global logger initialized. Version: 0.039
2025-12-31 13:44:22,223 - urllib3.connectionpool - DEBUG - Starting new HTTPS connection (1): raw.githubusercontent.com:443
2025-12-31 13:44:23,096 - urllib3.connectionpool - DEBUG - https://raw.githubusercontent.com:443 "GET /victorwu657/luscreen/main/version.json?t=1767159862 HTTP/1.1" 200 161
2025-12-31 13:52:26,859 - Global - INFO - Global logger initialized. Version: 0.039
2025-12-31 13:52:30,550 - urllib3.connectionpool - DEBUG - Starting new HTTPS connection (1): raw.githubusercontent.com:443
2025-12-31 13:52:31,349 - urllib3.connectionpool - DEBUG - https://raw.githubusercontent.com:443 "GET /victorwu657/luscreen/main/version.json?t=1767160350 HTTP/1.1" 200 161
2025-12-31 13:53:17,621 - Global - INFO - Global logger initialized. Version: 0.039
2025-12-31 13:53:21,295 - urllib3.connectionpool - DEBUG - Starting new HTTPS connection (1): raw.githubusercontent.com:443
2025-12-31 13:53:22,109 - urllib3.connectionpool - DEBUG - https://raw.githubusercontent.com:443 "GET /victorwu657/luscreen/main/version.json?t=1767160401 HTTP/1.1" 200 161
2025-12-31 13:54:30,582 - Global - INFO - Global logger initialized. Version: 0.039
2025-12-31 13:54:34,245 - urllib3.connectionpool - DEBUG - Starting new HTTPS connection (1): raw.githubusercontent.com:443
2025-12-31 13:54:34,934 - urllib3.connectionpool - DEBUG - https://raw.githubusercontent.com:443 "GET /victorwu657/luscreen/main/version.json?t=1767160474 HTTP/1.1" 200 161
2025-12-31 13:54:41,744 - Global - CRITICAL - Uncaught exception
Traceback (most recent call last):
  File "G:\AICoding\luscreen\main.py", line 396, in on_main_window_action
    self.open_image_editor()
    ~~~~~~~~~~~~~~~~~~~~~~^^
  File "G:\AICoding\luscreen\main.py", line 346, in open_image_editor
    file_path, _ = QFileDialog.getOpenFileName(
                   ^^^^^^^^^^^
NameError: name 'QFileDialog' is not defined
2025-12-31 13:55:42,265 - Global - INFO - Global logger initialized. Version: 0.039
2025-12-31 13:55:45,919 - urllib3.connectionpool - DEBUG - Starting new HTTPS connection (1): raw.githubusercontent.com:443
2025-12-31 13:55:46,607 - urllib3.connectionpool - DEBUG - https://raw.githubusercontent.com:443 "GET /victorwu657/luscreen/main/version.json?t=1767160545 HTTP/1.1" 200 161
2025-12-31 13:56:02,579 - Global - CRITICAL - Uncaught exception
Traceback (most recent call last):
  File "G:\AICoding\luscreen\main.py", line 396, in on_main_window_action
    self.open_image_editor()
    ~~~~~~~~~~~~~~~~~~~~~~^^
  File "G:\AICoding\luscreen\main.py", line 382, in open_image_editor
    self.editors.append(editor)
    ^^^^^^^^^^^^
AttributeError: 'LuScreenApp' object has no attribute 'editors'
2025-12-31 15:33:59,352 - Global - INFO - Global logger initialized. Version: 0.039
2025-12-31 15:34:03,064 - urllib3.connectionpool - DEBUG - Starting new HTTPS connection (1): raw.githubusercontent.com:443
2025-12-31 15:34:03,934 - urllib3.connectionpool - DEBUG - https://raw.githubusercontent.com:443 "GET /victorwu657/luscreen/main/version.json?t=1767166443 HTTP/1.1" 200 161
2025-12-31 15:34:08,752 - Global - CRITICAL - Uncaught exception
Traceback (most recent call last):
  File "G:\AICoding\luscreen\main.py", line 396, in on_main_window_action
    self.open_image_editor()
    ~~~~~~~~~~~~~~~~~~~~~~^^
  File "G:\AICoding\luscreen\main.py", line 382, in open_image_editor
    self.editors.append(editor)
    ^^^^^^^^^^^^
AttributeError: 'LuScreenApp' object has no attribute 'editors'
2025-12-31 15:35:39,023 - Global - INFO - Global logger initialized. Version: 0.039
2025-12-31 15:35:42,681 - urllib3.connectionpool - DEBUG - Starting new HTTPS connection (1): raw.githubusercontent.com:443
2025-12-31 15:35:43,370 - urllib3.connectionpool - DEBUG - https://raw.githubusercontent.com:443 "GET /victorwu657/luscreen/main/version.json?t=1767166542 HTTP/1.1" 200 161
2025-12-31 15:45:14,212 - Global - INFO - Global logger initialized. Version: 0.039
2025-12-31 15:45:17,920 - urllib3.connectionpool - DEBUG - Starting new HTTPS connection (1): raw.githubusercontent.com:443
2025-12-31 15:45:18,750 - urllib3.connectionpool - DEBUG - https://raw.githubusercontent.com:443 "GET /victorwu657/luscreen/main/version.json?t=1767167117 HTTP/1.1" 200 161
2025-12-31 15:45:24,981 - Global - INFO - Global logger initialized. Version: 0.039
2025-12-31 15:45:28,748 - urllib3.connectionpool - DEBUG - Starting new HTTPS connection (1): raw.githubusercontent.com:443
2025-12-31 15:45:29,521 - urllib3.connectionpool - DEBUG - https://raw.githubusercontent.com:443 "GET /victorwu657/luscreen/main/version.json?t=1767167128 HTTP/1.1" 200 161
2025-12-31 15:46:30,488 - Global - INFO - Global logger initialized. Version: 0.039
2025-12-31 15:46:34,387 - urllib3.connectionpool - DEBUG - Starting new HTTPS connection (1): raw.githubusercontent.com:443
2025-12-31 15:46:35,184 - urllib3.connectionpool - DEBUG - https://raw.githubusercontent.com:443 "GET /victorwu657/luscreen/main/version.json?t=1767167194 HTTP/1.1" 200 161
2025-12-31 15:52:53,610 - Global - INFO - Global logger initialized. Version: 0.039
2025-12-31 15:52:57,280 - urllib3.connectionpool - DEBUG - Starting new HTTPS connection (1): raw.githubusercontent.com:443
2025-12-31 15:52:58,080 - urllib3.connectionpool - DEBUG - https://raw.githubusercontent.com:443 "GET /victorwu657/luscreen/main/version.json?t=1767167577 HTTP/1.1" 200 161
2025-12-31 15:53:07,048 - Global - CRITICAL - Uncaught exception
Traceback (most recent call last):
  File "G:\AICoding\luscreen\src\screenshot_editor.py", line 376, in handle_action
    self.open_image()
    ~~~~~~~~~~~~~~~^^
  File "G:\AICoding\luscreen\src\screenshot_editor.py", line 797, in open_image
    self.refresh_canvas()
    ^^^^^^^^^^^^^^^^^^^
AttributeError: 'ScreenshotEditor' object has no attribute 'refresh_canvas'
2025-12-31 15:54:40,875 - Global - INFO - Global logger initialized. Version: 0.039
2025-12-31 15:54:44,893 - urllib3.connectionpool - DEBUG - Starting new HTTPS connection (1): raw.githubusercontent.com:443
2025-12-31 15:54:45,702 - urllib3.connectionpool - DEBUG - https://raw.githubusercontent.com:443 "GET /victorwu657/luscreen/main/version.json?t=1767167684 HTTP/1.1" 200 161
2025-12-31 15:56:45,771 - Global - INFO - Global logger initialized. Version: 0.039
2025-12-31 15:56:49,456 - urllib3.connectionpool - DEBUG - Starting new HTTPS connection (1): raw.githubusercontent.com:443
2025-12-31 15:56:50,146 - urllib3.connectionpool - DEBUG - https://raw.githubusercontent.com:443 "GET /victorwu657/luscreen/main/version.json?t=1767167809 HTTP/1.1" 200 161
2025-12-31 16:00:20,403 - Global - INFO - Global logger initialized. Version: 0.039
2025-12-31 16:00:24,076 - urllib3.connectionpool - DEBUG - Starting new HTTPS connection (1): raw.githubusercontent.com:443
2025-12-31 16:00:24,937 - urllib3.connectionpool - DEBUG - https://raw.githubusercontent.com:443 "GET /victorwu657/luscreen/main/version.json?t=1767168024 HTTP/1.1" 200 161
2025-12-31 16:03:16,980 - Global - INFO - Global logger initialized. Version: 0.039
2025-12-31 16:03:20,652 - urllib3.connectionpool - DEBUG - Starting new HTTPS connection (1): raw.githubusercontent.com:443
2025-12-31 16:03:21,368 - urllib3.connectionpool - DEBUG - https://raw.githubusercontent.com:443 "GET /victorwu657/luscreen/main/version.json?t=1767168200 HTTP/1.1" 200 161
2025-12-31 16:07:47,218 - Global - INFO - Global logger initialized. Version: 0.039
2025-12-31 16:07:50,909 - urllib3.connectionpool - DEBUG - Starting new HTTPS connection (1): raw.githubusercontent.com:443
2025-12-31 16:07:51,789 - urllib3.connectionpool - DEBUG - https://raw.githubusercontent.com:443 "GET /victorwu657/luscreen/main/version.json?t=1767168470 HTTP/1.1" 200 161
2025-12-31 16:20:53,978 - Global - INFO - Global logger initialized. Version: 0.039
2025-12-31 16:20:57,695 - urllib3.connectionpool - DEBUG - Starting new HTTPS connection (1): raw.githubusercontent.com:443
2025-12-31 16:20:58,556 - urllib3.connectionpool - DEBUG - https://raw.githubusercontent.com:443 "GET /victorwu657/luscreen/main/version.json?t=1767169257 HTTP/1.1" 200 161
2025-12-31 16:24:56,814 - Global - INFO - Global logger initialized. Version: 0.039
2025-12-31 16:25:00,489 - urllib3.connectionpool - DEBUG - Starting new HTTPS connection (1): raw.githubusercontent.com:443
2025-12-31 16:25:01,287 - urllib3.connectionpool - DEBUG - https://raw.githubusercontent.com:443 "GET /victorwu657/luscreen/main/version.json?t=1767169500 HTTP/1.1" 200 161
2025-12-31 16:33:47,588 - Global - INFO - Global logger initialized. Version: 0.039
2025-12-31 16:33:51,260 - urllib3.connectionpool - DEBUG - Starting new HTTPS connection (1): raw.githubusercontent.com:443
2025-12-31 16:33:52,077 - urllib3.connectionpool - DEBUG - https://raw.githubusercontent.com:443 "GET /victorwu657/luscreen/main/version.json?t=1767170031 HTTP/1.1" 200 161
2025-12-31 16:43:19,061 - Global - INFO - Global logger initialized. Version: 0.039
2025-12-31 16:43:22,752 - urllib3.connectionpool - DEBUG - Starting new HTTPS connection (1): raw.githubusercontent.com:443
2025-12-31 16:43:23,577 - urllib3.connectionpool - DEBUG - https://raw.githubusercontent.com:443 "GET /victorwu657/luscreen/main/version.json?t=1767170602 HTTP/1.1" 200 161
2025-12-31 16:55:17,991 - Global - INFO - Global logger initialized. Version: 0.039
2025-12-31 16:55:21,708 - urllib3.connectionpool - DEBUG - Starting new HTTPS connection (1): raw.githubusercontent.com:443
2025-12-31 16:55:22,506 - urllib3.connectionpool - DEBUG - https://raw.githubusercontent.com:443 "GET /victorwu657/luscreen/main/version.json?t=1767171321 HTTP/1.1" 200 161
2025-12-31 17:02:48,862 - Global - INFO - Global logger initialized. Version: 0.039
2025-12-31 17:02:52,545 - urllib3.connectionpool - DEBUG - Starting new HTTPS connection (1): raw.githubusercontent.com:443
2025-12-31 17:02:53,416 - urllib3.connectionpool - DEBUG - https://raw.githubusercontent.com:443 "GET /victorwu657/luscreen/main/version.json?t=1767171772 HTTP/1.1" 200 161
2025-12-31 17:07:09,826 - Global - INFO - Global logger initialized. Version: 0.039
2025-12-31 17:07:13,540 - urllib3.connectionpool - DEBUG - Starting new HTTPS connection (1): raw.githubusercontent.com:443
2025-12-31 17:07:14,209 - urllib3.connectionpool - DEBUG - https://raw.githubusercontent.com:443 "GET /victorwu657/luscreen/main/version.json?t=1767172033 HTTP/1.1" 200 161
2025-12-31 17:08:53,396 - Global - INFO - Global logger initialized. Version: 0.039
2025-12-31 17:08:57,060 - urllib3.connectionpool - DEBUG - Starting new HTTPS connection (1): raw.githubusercontent.com:443
2025-12-31 17:08:57,854 - urllib3.connectionpool - DEBUG - https://raw.githubusercontent.com:443 "GET /victorwu657/luscreen/main/version.json?t=1767172137 HTTP/1.1" 200 161
2025-12-31 17:09:18,348 - Global - INFO - Global logger initialized. Version: 0.039
2025-12-31 17:09:22,016 - urllib3.connectionpool - DEBUG - Starting new HTTPS connection (1): raw.githubusercontent.com:443
2025-12-31 17:09:22,767 - urllib3.connectionpool - DEBUG - https://raw.githubusercontent.com:443 "GET /victorwu657/luscreen/main/version.json?t=1767172162 HTTP/1.1" 200 161
2025-12-31 17:36:50,053 - Global - INFO - Global logger initialized. Version: 0.039
2025-12-31 17:36:53,750 - urllib3.connectionpool - DEBUG - Starting new HTTPS connection (1): raw.githubusercontent.com:443
2025-12-31 17:36:54,612 - urllib3.connectionpool - DEBUG - https://raw.githubusercontent.com:443 "GET /victorwu657/luscreen/main/version.json?t=1767173813 HTTP/1.1" 200 161
2025-12-31 17:38:58,207 - Global - INFO - Global logger initialized. Version: 0.039
2025-12-31 17:39:01,913 - urllib3.connectionpool - DEBUG - Starting new HTTPS connection (1): raw.githubusercontent.com:443
2025-12-31 17:39:02,807 - urllib3.connectionpool - DEBUG - https://raw.githubusercontent.com:443 "GET /victorwu657/luscreen/main/version.json?t=1767173941 HTTP/1.1" 200 161
2025-12-31 17:41:01,019 - Global - INFO - Global logger initialized. Version: 0.039
2025-12-31 17:41:04,724 - urllib3.connectionpool - DEBUG - Starting new HTTPS connection (1): raw.githubusercontent.com:443
2025-12-31 17:41:05,458 - urllib3.connectionpool - DEBUG - https://raw.githubusercontent.com:443 "GET /victorwu657/luscreen/main/version.json?t=1767174064 HTTP/1.1" 200 161
2025-12-31 18:30:57,530 - Global - INFO - Global logger initialized. Version: 0.039
2025-12-31 18:31:01,283 - urllib3.connectionpool - DEBUG - Starting new HTTPS connection (1): raw.githubusercontent.com:443
2025-12-31 18:31:02,156 - urllib3.connectionpool - DEBUG - https://raw.githubusercontent.com:443 "GET /victorwu657/luscreen/main/version.json?t=1767177061 HTTP/1.1" 200 161
2025-12-31 18:31:41,858 - Global - INFO - Global logger initialized. Version: 0.039
2025-12-31 18:31:45,529 - urllib3.connectionpool - DEBUG - Starting new HTTPS connection (1): raw.githubusercontent.com:443
2025-12-31 18:31:46,277 - urllib3.connectionpool - DEBUG - https://raw.githubusercontent.com:443 "GET /victorwu657/luscreen/main/version.json?t=1767177105 HTTP/1.1" 200 161
2025-12-31 18:33:18,016 - Global - INFO - Global logger initialized. Version: 0.039
2025-12-31 18:33:21,730 - urllib3.connectionpool - DEBUG - Starting new HTTPS connection (1): raw.githubusercontent.com:443
2025-12-31 18:33:22,428 - urllib3.connectionpool - DEBUG - https://raw.githubusercontent.com:443 "GET /victorwu657/luscreen/main/version.json?t=1767177201 HTTP/1.1" 200 161
2025-12-31 18:35:10,036 - Global - INFO - Global logger initialized. Version: 0.039
2025-12-31 18:35:13,732 - urllib3.connectionpool - DEBUG - Starting new HTTPS connection (1): raw.githubusercontent.com:443
2025-12-31 18:35:14,436 - urllib3.connectionpool - DEBUG - https://raw.githubusercontent.com:443 "GET /victorwu657/luscreen/main/version.json?t=1767177313 HTTP/1.1" 200 161
2025-12-31 18:37:59,301 - Global - INFO - Global logger initialized. Version: 0.039
2025-12-31 18:38:03,045 - urllib3.connectionpool - DEBUG - Starting new HTTPS connection (1): raw.githubusercontent.com:443
2025-12-31 18:38:03,895 - urllib3.connectionpool - DEBUG - https://raw.githubusercontent.com:443 "GET /victorwu657/luscreen/main/version.json?t=1767177483 HTTP/1.1" 200 161
2025-12-31 18:39:53,671 - Global - INFO - Global logger initialized. Version: 0.039
2025-12-31 18:39:57,340 - urllib3.connectionpool - DEBUG - Starting new HTTPS connection (1): raw.githubusercontent.com:443
2025-12-31 18:39:58,162 - urllib3.connectionpool - DEBUG - https://raw.githubusercontent.com:443 "GET /victorwu657/luscreen/main/version.json?t=1767177597 HTTP/1.1" 200 161
2025-12-31 18:40:59,429 - Global - INFO - Global logger initialized. Version: 0.039
2025-12-31 18:41:03,137 - urllib3.connectionpool - DEBUG - Starting new HTTPS connection (1): raw.githubusercontent.com:443
2025-12-31 18:41:03,847 - urllib3.connectionpool - DEBUG - https://raw.githubusercontent.com:443 "GET /victorwu657/luscreen/main/version.json?t=1767177663 HTTP/1.1" 200 161
2025-12-31 18:44:45,896 - Global - INFO - Global logger initialized. Version: 0.039
2025-12-31 18:44:49,575 - urllib3.connectionpool - DEBUG - Starting new HTTPS connection (1): raw.githubusercontent.com:443
2025-12-31 18:44:50,292 - urllib3.connectionpool - DEBUG - https://raw.githubusercontent.com:443 "GET /victorwu657/luscreen/main/version.json?t=1767177889 HTTP/1.1" 200 161
2025-12-31 18:53:24,890 - Global - INFO - Global logger initialized. Version: 0.039
2025-12-31 18:53:28,578 - urllib3.connectionpool - DEBUG - Starting new HTTPS connection (1): raw.githubusercontent.com:443
2025-12-31 18:53:29,392 - urllib3.connectionpool - DEBUG - https://raw.githubusercontent.com:443 "GET /victorwu657/luscreen/main/version.json?t=1767178408 HTTP/1.1" 200 161
2025-12-31 18:54:17,702 - Global - INFO - Global logger initialized. Version: 0.039
2025-12-31 18:54:21,418 - urllib3.connectionpool - DEBUG - Starting new HTTPS connection (1): raw.githubusercontent.com:443
2025-12-31 18:54:22,263 - urllib3.connectionpool - DEBUG - https://raw.githubusercontent.com:443 "GET /victorwu657/luscreen/main/version.json?t=1767178461 HTTP/1.1" 200 161
2025-12-31 18:58:43,642 - Global - INFO - Global logger initialized. Version: 0.039
2025-12-31 18:58:47,331 - urllib3.connectionpool - DEBUG - Starting new HTTPS connection (1): raw.githubusercontent.com:443
2025-12-31 18:58:48,018 - urllib3.connectionpool - DEBUG - https://raw.githubusercontent.com:443 "GET /victorwu657/luscreen/main/version.json?t=1767178727 HTTP/1.1" 200 161
2025-12-31 19:06:41,355 - Global - INFO - Global logger initialized. Version: 0.039
2025-12-31 19:06:45,050 - urllib3.connectionpool - DEBUG - Starting new HTTPS connection (1): raw.githubusercontent.com:443
2025-12-31 19:06:45,887 - urllib3.connectionpool - DEBUG - https://raw.githubusercontent.com:443 "GET /victorwu657/luscreen/main/version.json?t=1767179205 HTTP/1.1" 200 161
2025-12-31 19:09:09,825 - Global - INFO - Global logger initialized. Version: 0.039
2025-12-31 19:09:13,512 - urllib3.connectionpool - DEBUG - Starting new HTTPS connection (1): raw.githubusercontent.com:443
2025-12-31 19:09:14,375 - urllib3.connectionpool - DEBUG - https://raw.githubusercontent.com:443 "GET /victorwu657/luscreen/main/version.json?t=1767179353 HTTP/1.1" 200 161
2025-12-31 19:12:02,201 - Global - INFO - Global logger initialized. Version: 0.039
2025-12-31 19:12:05,890 - urllib3.connectionpool - DEBUG - Starting new HTTPS connection (1): raw.githubusercontent.com:443
2025-12-31 19:12:06,593 - urllib3.connectionpool - DEBUG - https://raw.githubusercontent.com:443 "GET /victorwu657/luscreen/main/version.json?t=1767179525 HTTP/1.1" 200 161
2025-12-31 19:28:03,660 - Global - INFO - Global logger initialized. Version: 0.039
2025-12-31 19:28:07,387 - urllib3.connectionpool - DEBUG - Starting new HTTPS connection (1): raw.githubusercontent.com:443
2025-12-31 19:28:08,207 - urllib3.connectionpool - DEBUG - https://raw.githubusercontent.com:443 "GET /victorwu657/luscreen/main/version.json?t=1767180487 HTTP/1.1" 200 161
2025-12-31 19:41:06,344 - Global - INFO - Global logger initialized. Version: 0.039
2025-12-31 19:41:10,080 - urllib3.connectionpool - DEBUG - Starting new HTTPS connection (1): raw.githubusercontent.com:443
2025-12-31 19:41:10,907 - urllib3.connectionpool - DEBUG - https://raw.githubusercontent.com:443 "GET /victorwu657/luscreen/main/version.json?t=1767181270 HTTP/1.1" 200 161
2025-12-31 19:47:20,195 - Global - INFO - Global logger initialized. Version: 0.039
2025-12-31 19:47:23,907 - urllib3.connectionpool - DEBUG - Starting new HTTPS connection (1): raw.githubusercontent.com:443
2025-12-31 19:47:24,747 - urllib3.connectionpool - DEBUG - https://raw.githubusercontent.com:443 "GET /victorwu657/luscreen/main/version.json?t=1767181643 HTTP/1.1" 200 161
2025-12-31 20:00:13,580 - Global - INFO - Global logger initialized. Version: 0.039
2025-12-31 20:00:17,283 - urllib3.connectionpool - DEBUG - Starting new HTTPS connection (1): raw.githubusercontent.com:443
2025-12-31 20:00:18,086 - urllib3.connectionpool - DEBUG - https://raw.githubusercontent.com:443 "GET /victorwu657/luscreen/main/version.json?t=1767182417 HTTP/1.1" 200 161
2025-12-31 20:13:01,314 - CameraWidget - INFO - Initializing CameraWidget with index: 1
2025-12-31 20:13:01,314 - CameraWidget - INFO - Attempting to start camera index: 1
2025-12-31 20:13:02,112 - CameraWidget - INFO - Available QMediaDevices: ['WeCam', 'HIK 2K Camera']
2025-12-31 20:13:02,317 - CameraWidget - INFO - Camera 1 opened successfully.
2025-12-31 20:13:02,317 - CameraWidget - INFO - Camera Properties - Width: 640.0, Height: 480.0, FPS: 0.0
2025-12-31 20:13:03,266 - CameraWidget - DEBUG - Frame 0: read success=True, shape=(480, 640, 3)
2025-12-31 20:13:03,312 - CameraWidget - DEBUG - Frame 1: read success=True, shape=(480, 640, 3)
2025-12-31 20:13:03,344 - CameraWidget - DEBUG - Frame 2: read success=True, shape=(480, 640, 3)
2025-12-31 20:13:03,392 - CameraWidget - DEBUG - Frame 3: read success=True, shape=(480, 640, 3)
2025-12-31 20:13:03,424 - CameraWidget - DEBUG - Frame 4: read success=True, shape=(480, 640, 3)
2025-12-31 20:13:15,226 - ScreenRecorder - INFO - Starting ScreenRecorder thread
2025-12-31 20:13:15,401 - ScreenRecorder - INFO - Initializing SystemAudioRecorder...
2025-12-31 20:13:15,409 - SystemAudioRecorder - INFO - Starting SystemAudioRecorder thread
2025-12-31 20:13:15,409 - ScreenRecorder - INFO - SystemAudioRecorder started
2025-12-31 20:13:15,409 - SystemAudioRecorder - INFO - Target filename: G:\AICoding\luscreen\recordings\temp_audio_sys_20251231_201315.wav
2025-12-31 20:13:15,516 - SystemAudioRecorder - INFO - Successfully imported soundcard
2025-12-31 20:13:15,552 - SystemAudioRecorder - INFO - Default speaker found: 扬声器 (High Definition Audio Device) (ID: {0.0.0.00000000}.{b487c8e3-76e0-4a72-9dbb-c300a0c2f2e0})
2025-12-31 20:13:15,552 - SystemAudioRecorder - INFO - Attempting to get mic by ID: {0.0.0.00000000}.{b487c8e3-76e0-4a72-9dbb-c300a0c2f2e0}
2025-12-31 20:13:15,565 - SystemAudioRecorder - INFO - Successfully got mic by ID
2025-12-31 20:13:15,566 - SystemAudioRecorder - INFO - Recording from: 扬声器 (High Definition Audio Device)
2025-12-31 21:05:58,393 - SystemAudioRecorder - INFO - Paused
2025-12-31 21:06:00,501 - SystemAudioRecorder - INFO - Resumed
2025-12-31 21:21:30,410 - SystemAudioRecorder - INFO - Stop requested
2025-12-31 21:21:30,428 - SystemAudioRecorder - INFO - Recording loop finished, saving file...
2025-12-31 21:21:31,457 - SystemAudioRecorder - INFO - Applying gain: 1.98x
2025-12-31 21:21:33,995 - SystemAudioRecorder - INFO - System audio saved to G:\AICoding\luscreen\recordings\temp_audio_sys_20251231_201315.wav
2025-12-31 21:21:34,093 - ScreenRecorder - INFO - Starting merge_av
2025-12-31 21:21:34,093 - ScreenRecorder - INFO - FFmpeg path: C:\Python313\Lib\site-packages\imageio_ffmpeg\binaries\ffmpeg-win-x86_64-v7.1.exe
2025-12-31 21:21:34,093 - ScreenRecorder - INFO - Has Mic: True (Path: G:\AICoding\luscreen\recordings\temp_audio_mic_20251231_201315.wav)
2025-12-31 21:21:34,093 - ScreenRecorder - INFO - Has Sys: True (Path: G:\AICoding\luscreen\recordings\temp_audio_sys_20251231_201315.wav)
2025-12-31 22:02:03,738 - CameraWidget - INFO - Initializing CameraWidget with index: 1
2025-12-31 22:02:03,738 - CameraWidget - INFO - Attempting to start camera index: 1
2025-12-31 22:02:03,738 - CameraWidget - INFO - Available QMediaDevices: ['WeCam', 'HIK 2K Camera']
2025-12-31 22:02:03,910 - CameraWidget - INFO - Camera 1 opened successfully.
2025-12-31 22:02:03,911 - CameraWidget - INFO - Camera Properties - Width: 640.0, Height: 480.0, FPS: 0.0
2025-12-31 22:02:04,966 - CameraWidget - DEBUG - Frame 0: read success=True, shape=(480, 640, 3)
2025-12-31 22:02:05,098 - CameraWidget - DEBUG - Frame 1: read success=True, shape=(480, 640, 3)
2025-12-31 22:02:05,130 - CameraWidget - DEBUG - Frame 2: read success=True, shape=(480, 640, 3)
2025-12-31 22:02:05,177 - CameraWidget - DEBUG - Frame 3: read success=True, shape=(480, 640, 3)
2025-12-31 22:02:05,209 - CameraWidget - DEBUG - Frame 4: read success=True, shape=(480, 640, 3)
2025-12-31 22:02:12,781 - ScreenRecorder - INFO - Starting ScreenRecorder thread
2025-12-31 22:02:12,930 - ScreenRecorder - INFO - Initializing SystemAudioRecorder...
2025-12-31 22:02:12,931 - SystemAudioRecorder - INFO - Starting SystemAudioRecorder thread
2025-12-31 22:02:12,931 - ScreenRecorder - INFO - SystemAudioRecorder started
2025-12-31 22:02:12,931 - SystemAudioRecorder - INFO - Target filename: G:\AICoding\luscreen\recordings\temp_audio_sys_20251231_220212.wav
2025-12-31 22:02:12,933 - SystemAudioRecorder - INFO - Successfully imported soundcard
2025-12-31 22:02:12,936 - SystemAudioRecorder - INFO - Default speaker found: 扬声器 (High Definition Audio Device) (ID: {0.0.0.00000000}.{b487c8e3-76e0-4a72-9dbb-c300a0c2f2e0})
2025-12-31 22:02:12,936 - SystemAudioRecorder - INFO - Attempting to get mic by ID: {0.0.0.00000000}.{b487c8e3-76e0-4a72-9dbb-c300a0c2f2e0}
2025-12-31 22:02:12,942 - SystemAudioRecorder - INFO - Successfully got mic by ID
2025-12-31 22:02:12,943 - SystemAudioRecorder - INFO - Recording from: 扬声器 (High Definition Audio Device)
2025-12-31 22:08:03,720 - SystemAudioRecorder - INFO - Stop requested
2025-12-31 22:08:03,771 - SystemAudioRecorder - INFO - Recording loop finished, saving file...
2025-12-31 22:08:03,835 - SystemAudioRecorder - INFO - Applying gain: 2.25x
2025-12-31 22:08:04,036 - SystemAudioRecorder - INFO - System audio saved to G:\AICoding\luscreen\recordings\temp_audio_sys_20251231_220212.wav
2025-12-31 22:08:04,042 - ScreenRecorder - INFO - Starting merge_av
2025-12-31 22:08:04,042 - ScreenRecorder - INFO - FFmpeg path: C:\Python313\Lib\site-packages\imageio_ffmpeg\binaries\ffmpeg-win-x86_64-v7.1.exe
2025-12-31 22:08:04,042 - ScreenRecorder - INFO - Has Mic: True (Path: G:\AICoding\luscreen\recordings\temp_audio_mic_20251231_220212.wav)
2025-12-31 22:08:04,042 - ScreenRecorder - INFO - Has Sys: True (Path: G:\AICoding\luscreen\recordings\temp_audio_sys_20251231_220212.wav)
2025-12-31 22:09:29,982 - CameraWidget - INFO - Initializing CameraWidget with index: 1
2025-12-31 22:09:29,982 - CameraWidget - INFO - Attempting to start camera index: 1
2025-12-31 22:09:29,982 - CameraWidget - INFO - Available QMediaDevices: ['WeCam', 'HIK 2K Camera']
2025-12-31 22:09:30,133 - CameraWidget - INFO - Camera 1 opened successfully.
2025-12-31 22:09:30,134 - CameraWidget - INFO - Camera Properties - Width: 640.0, Height: 480.0, FPS: 0.0
2025-12-31 22:09:31,182 - CameraWidget - DEBUG - Frame 0: read success=True, shape=(480, 640, 3)
2025-12-31 22:09:31,289 - CameraWidget - DEBUG - Frame 1: read success=True, shape=(480, 640, 3)
2025-12-31 22:09:31,336 - CameraWidget - DEBUG - Frame 2: read success=True, shape=(480, 640, 3)
2025-12-31 22:09:31,369 - CameraWidget - DEBUG - Frame 3: read success=True, shape=(480, 640, 3)
2025-12-31 22:09:31,417 - CameraWidget - DEBUG - Frame 4: read success=True, shape=(480, 640, 3)
2025-12-31 22:13:41,574 - Global - INFO - Global logger initialized. Version: 0.039
2025-12-31 22:13:45,295 - urllib3.connectionpool - DEBUG - Starting new HTTPS connection (1): raw.githubusercontent.com:443
2025-12-31 22:13:46,287 - urllib3.connectionpool - DEBUG - https://raw.githubusercontent.com:443 "GET /victorwu657/luscreen/main/version.json?t=1767190425 HTTP/1.1" 200 161
2025-12-31 23:11:57,916 - Global - INFO - Global logger initialized. Version: 0.039
2025-12-31 23:12:01,648 - urllib3.connectionpool - DEBUG - Starting new HTTPS connection (1): raw.githubusercontent.com:443
2025-12-31 23:12:02,528 - urllib3.connectionpool - DEBUG - https://raw.githubusercontent.com:443 "GET /victorwu657/luscreen/main/version.json?t=1767193921 HTTP/1.1" 200 161
2025-12-31 23:13:12,178 - CameraWidget - INFO - Initializing CameraWidget with index: 1
2025-12-31 23:13:12,179 - CameraWidget - INFO - Attempting to start camera index: 1
2025-12-31 23:13:12,984 - CameraWidget - INFO - Available QMediaDevices: ['WeCam', 'HIK 2K Camera']
2025-12-31 23:13:13,209 - CameraWidget - INFO - Camera 1 opened successfully.
2025-12-31 23:13:13,209 - CameraWidget - INFO - Camera Properties - Width: 640.0, Height: 480.0, FPS: 0.0
2025-12-31 23:13:14,253 - CameraWidget - DEBUG - Frame 0: read success=True, shape=(480, 640, 3)
2025-12-31 23:13:14,479 - CameraWidget - DEBUG - Frame 1: read success=True, shape=(480, 640, 3)
2025-12-31 23:13:14,525 - CameraWidget - DEBUG - Frame 2: read success=True, shape=(480, 640, 3)
2025-12-31 23:13:14,557 - CameraWidget - DEBUG - Frame 3: read success=True, shape=(480, 640, 3)
2025-12-31 23:13:14,589 - CameraWidget - DEBUG - Frame 4: read success=True, shape=(480, 640, 3)
2025-12-31 23:14:15,919 - CameraWidget - INFO - Initializing CameraWidget with index: 1
2025-12-31 23:14:15,920 - CameraWidget - INFO - Attempting to start camera index: 1
2025-12-31 23:14:15,920 - CameraWidget - INFO - Available QMediaDevices: ['WeCam', 'HIK 2K Camera']
2025-12-31 23:14:16,112 - CameraWidget - INFO - Camera 1 opened successfully.
2025-12-31 23:14:16,113 - CameraWidget - INFO - Camera Properties - Width: 640.0, Height: 480.0, FPS: 0.0
2025-12-31 23:14:17,153 - CameraWidget - DEBUG - Frame 0: read success=True, shape=(480, 640, 3)
2025-12-31 23:14:17,316 - CameraWidget - DEBUG - Frame 1: read success=True, shape=(480, 640, 3)
2025-12-31 23:14:17,347 - CameraWidget - DEBUG - Frame 2: read success=True, shape=(480, 640, 3)
2025-12-31 23:14:17,395 - CameraWidget - DEBUG - Frame 3: read success=True, shape=(480, 640, 3)
2025-12-31 23:14:17,427 - CameraWidget - DEBUG - Frame 4: read success=True, shape=(480, 640, 3)
2025-12-31 23:14:34,239 - CameraWidget - INFO - Initializing CameraWidget with index: 1
2025-12-31 23:14:34,240 - CameraWidget - INFO - Attempting to start camera index: 1
2025-12-31 23:14:34,240 - CameraWidget - INFO - Available QMediaDevices: ['WeCam', 'HIK 2K Camera']
2025-12-31 23:14:34,432 - CameraWidget - INFO - Camera 1 opened successfully.
2025-12-31 23:14:34,432 - CameraWidget - INFO - Camera Properties - Width: 640.0, Height: 480.0, FPS: 0.0
2025-12-31 23:14:35,333 - CameraWidget - DEBUG - Frame 0: read success=True, shape=(480, 640, 3)
2025-12-31 23:14:35,364 - CameraWidget - DEBUG - Frame 1: read success=True, shape=(480, 640, 3)
2025-12-31 23:14:35,412 - CameraWidget - DEBUG - Frame 2: read success=True, shape=(480, 640, 3)
2025-12-31 23:14:35,444 - CameraWidget - DEBUG - Frame 3: read success=True, shape=(480, 640, 3)
2025-12-31 23:14:35,492 - CameraWidget - DEBUG - Frame 4: read success=True, shape=(480, 640, 3)
2025-12-31 23:15:06,059 - ScreenRecorder - INFO - Starting ScreenRecorder thread
2025-12-31 23:15:06,265 - ScreenRecorder - INFO - Initializing SystemAudioRecorder...
2025-12-31 23:15:06,273 - SystemAudioRecorder - INFO - Starting SystemAudioRecorder thread
2025-12-31 23:15:06,273 - ScreenRecorder - INFO - SystemAudioRecorder started
2025-12-31 23:15:06,274 - SystemAudioRecorder - INFO - Target filename: G:\AICoding\luscreen\recordings\temp_audio_sys_20251231_231506.wav
2025-12-31 23:15:06,354 - SystemAudioRecorder - INFO - Successfully imported soundcard
2025-12-31 23:15:06,384 - SystemAudioRecorder - INFO - Default speaker found: 扬声器 (High Definition Audio Device) (ID: {0.0.0.00000000}.{b487c8e3-76e0-4a72-9dbb-c300a0c2f2e0})
2025-12-31 23:15:06,384 - SystemAudioRecorder - INFO - Attempting to get mic by ID: {0.0.0.00000000}.{b487c8e3-76e0-4a72-9dbb-c300a0c2f2e0}
2025-12-31 23:15:06,395 - SystemAudioRecorder - INFO - Successfully got mic by ID
2025-12-31 23:15:06,395 - SystemAudioRecorder - INFO - Recording from: 扬声器 (High Definition Audio Device)
2025-12-31 23:15:53,144 - SystemAudioRecorder - INFO - Stop requested
2025-12-31 23:15:53,169 - SystemAudioRecorder - INFO - Recording loop finished, saving file...
2025-12-31 23:15:53,203 - SystemAudioRecorder - INFO - System audio saved to G:\AICoding\luscreen\recordings\temp_audio_sys_20251231_231506.wav
2025-12-31 23:15:53,205 - ScreenRecorder - INFO - Starting merge_av
2025-12-31 23:15:53,205 - ScreenRecorder - INFO - FFmpeg path: C:\Python313\Lib\site-packages\imageio_ffmpeg\binaries\ffmpeg-win-x86_64-v7.1.exe
2025-12-31 23:15:53,205 - ScreenRecorder - INFO - Has Mic: True (Path: G:\AICoding\luscreen\recordings\temp_audio_mic_20251231_231506.wav)
2025-12-31 23:15:53,205 - ScreenRecorder - INFO - Has Sys: True (Path: G:\AICoding\luscreen\recordings\temp_audio_sys_20251231_231506.wav)
2025-12-31 23:17:22,816 - CameraWidget - INFO - Initializing CameraWidget with index: 1
2025-12-31 23:17:22,816 - CameraWidget - INFO - Attempting to start camera index: 1
2025-12-31 23:17:22,816 - CameraWidget - INFO - Available QMediaDevices: ['WeCam', 'HIK 2K Camera']
2025-12-31 23:17:22,993 - CameraWidget - INFO - Camera 1 opened successfully.
2025-12-31 23:17:22,993 - CameraWidget - INFO - Camera Properties - Width: 640.0, Height: 480.0, FPS: 0.0
2025-12-31 23:17:23,927 - CameraWidget - DEBUG - Frame 0: read success=True, shape=(480, 640, 3)
2025-12-31 23:17:23,973 - CameraWidget - DEBUG - Frame 1: read success=True, shape=(480, 640, 3)
2025-12-31 23:17:24,005 - CameraWidget - DEBUG - Frame 2: read success=True, shape=(480, 640, 3)
2025-12-31 23:17:24,053 - CameraWidget - DEBUG - Frame 3: read success=True, shape=(480, 640, 3)
2025-12-31 23:17:24,088 - CameraWidget - DEBUG - Frame 4: read success=True, shape=(480, 640, 3)
